1776197861,815602848,,11.729999542236328,0.0,0.0,0.0,0.0,1.7999999523162842,68.33000183105469,0,0,0,True,,,,
1776197861,864048756,,11.729999542236328,0.0,0.0,0.0,0.0,1.7999999523162842,68.33000183105469,0,0,0,True,,,,
1776197861,914005846,,11.75999927520752,0.0,0.0,0.0,0.0,1.7999999523162842,70.0,0,0,0,True,,,,
1776197861,964044268,,11.739999771118164,0.0,0.0,0.0,0.0,1.7999999523162842,68.87999725341797,0,0,0,True,,,,
1776197862,14044283,,11.729999542236328,0.0,0.0,0.0,0.0,1.7999999523162842,68.33000183105469,0,0,0,True,,,,
1776197862,64044336,,11.729999542236328,0.0,0.0,0.0,0.0,1.7999999523162842,68.33000183105469,0,0,0,True,,,,
1776197862,113996370,,11.729999542236328,0.0,0.0,0.0,0.0,1.7999999523162842,68.33000183105469,0,0,0,True,,,,
1776197862,163989589,,11.739999771118164,0.0,0.0,0.0,0.0,1.7999999523162842,68.87999725341797,0,0,0,True,,,,
1776197862,214111047,,11.729999542236328,0.0,0.0,0.0,0.0,1.7999999523162842,68.33000183105469,0,0,0,True,,,,
1776197862,264045656,,11.75999927520752,0.0,0.0,0.0,0.0,1.7999999523162842,70.0,0,0,0,True,,,,
1776197862,314000190,,11.729999542236328,0.0,0.0,0.0,0.0,1.7999999523162842,68.33000183105469,0,0,0,True,,,,
1776197862,364090371,,11.739999771118164,0.0,0.0,0.0,0.0,1.7999999523162842,68.87999725341797,0,0,0,True,,,,
1776197862,413975295,,11.739999771118164,0.0,0.0,0.0,0.0,1.7999999523162842,68.87999725341797,0,0,0,True,,,,
1776197862,464019828,,11.739999771118164,0.0,0.0,0.0,0.0,1.7999999523162842,68.87999725341797,0,0,0,True,,,,
1776197862,513983529,,11.739999771118164,0.0,0.0,0.0,0.0,1.7999999523162842,68.87999725341797,0,0,0,True,,,,
1776197862,564045673,,11.739999771118164,0.0,0.0,0.0,0.0,1.7999999523162842,68.87999725341797,0,0,0,True,,,,
1776197862,614037151,,11.739999771118164,0.0,0.0,0.0,0.0,1.7999999523162842,68.87999725341797,0,0,0,True,,,,
1776197862,664078203,,11.739999771118164,0.0,0.0,0.0,0.0,1.7999999523162842,68.87999725341797,0,0,0,True,,,,
1776197862,714040700,,11.75999927520752,0.0,0.0,0.0,0.0,1.7999999523162842,70.0,0,0,0,True,,,,
1776197862,764073863,,11.729999542236328,0.0,0.0,0.0,0.0,1.7999999523162842,68.33000183105469,0,0,0,True,,,,
1776197862,814044157,,11.739999771118164,0.0,0.0,0.0,0.0,1.7999999523162842,68.87999725341797,0,0,0,True,,,,
1776197862,864026117,,11.729999542236328,0.0,0.0,0.0,0.0,1.7999999523162842,68.33000183105469,0,0,0,True,,,,
1776197862,914036113,,11.729999542236328,0.0,0.0,0.0,0.0,1.7999999523162842,68.33000183105469,0,0,0,True,,,,
1776197862,963990740,,11.75999927520752,0.0,0.0,0.0,0.0,1.7999999523162842,70.0,0,0,0,True,,,,
1776197863,14097976,,11.739999771118164,0.0,0.0,0.0,0.0,1.7999999523162842,68.87999725341797,0,0,0,True,,,,
1776197863,64025678,,11.739999771118164,0.0,0.0,0.0,0.0,1.7999999523162842,68.87999725341797,0,0,0,True,,,,
1776197863,113920676,,11.779999732971191,0.0,0.0,0.0,0.0,1.7999999523162842,71.11000061035156,0,0,0,True,,,,
1776197863,163994079,,11.75999927520752,0.0,0.0,0.0,0.0,1.7999999523162842,70.0,0,0,0,True,,,,
1776197863,214004557,,11.75999927520752,0.0,0.0,0.0,0.0,1.7999999523162842,70.0,0,0,0,True,,,,
1776197863,264043220,,11.75999927520752,0.0,0.0,0.0,0.0,1.7999999523162842,70.0,0,0,0,True,,,,
1776197863,314001606,,11.75999927520752,0.0,0.0,0.0,0.0,1.7999999523162842,70.0,0,0,0,True,,,,
1776197863,364091046,,11.75999927520752,0.0,0.0,0.0,0.0,1.7999999523162842,70.0,0,0,0,True,,,,
1776197863,413982451,,11.75999927520752,0.0,0.0,0.0,0.0,1.7999999523162842,70.0,0,0,0,True,,,,
1776197863,464054114,,11.75999927520752,0.0,0.0,0.0,0.0,1.7999999523162842,70.0,0,0,0,True,,,,
1776197863,514112424,,11.75999927520752,0.0,0.0,0.0,0.0,1.7999999523162842,70.0,0,0,0,True,,,,
1776197863,563975534,,11.75999927520752,0.0,0.0,0.0,0.0,1.7999999523162842,70.0,0,0,0,True,,,,
1776197863,613989938,,11.739999771118164,0.0,0.0,0.0,0.0,1.7999999523162842,68.87999725341797,0,0,0,True,,,,
1776197863,663973620,,11.739999771118164,0.0,0.0,0.0,0.0,1.7999999523162842,68.87999725341797,0,0,0,True,,,,
1776197863,713985191,,11.739999771118164,0.0,0.0,0.0,0.0,1.7999999523162842,68.87999725341797,0,0,0,True,,,,
1776197863,765031895,,11.75999927520752,0.0,0.0,0.0,0.0,1.7999999523162842,70.0,0,0,0,True,,,,
1776197863,814018536,,11.75999927520752,0.0,0.0,0.0,0.0,1.7999999523162842,70.0,0,0,0,True,,,,
1776197863,864040662,,11.739999771118164,0.0,0.0,0.0,0.0,1.7999999523162842,68.87999725341797,0,0,0,True,,,,
1776197863,915036792,,11.739999771118164,0.0,0.0,0.0,0.0,1.7999999523162842,68.87999725341797,0,0,0,True,,,,
1776197863,964046988,,11.739999771118164,0.0,0.0,0.0,0.0,1.7999999523162842,68.87999725341797,0,0,0,True,,,,
1776197864,16951629,,11.729999542236328,0.0,0.0,0.0,0.0,1.7999999523162842,68.33000183105469,0,0,0,True,,,,
1776197864,63959335,,11.739999771118164,0.0,0.0,0.0,0.0,1.7999999523162842,68.87999725341797,0,0,0,True,,,,
1776197864,113980591,,11.75999927520752,0.0,0.0,0.0,0.0,1.7999999523162842,70.0,0,0,0,True,,,,
1776197864,164140344,,11.739999771118164,0.0,0.0,0.0,0.0,1.7999999523162842,68.87999725341797,0,0,0,True,,,,
1776197864,213980306,,11.75999927520752,0.0,0.0,0.0,0.0,1.7999999523162842,70.0,0,0,0,True,,,,
1776197864,264018636,,11.75999927520752,0.0,0.0,0.0,0.0,1.7999999523162842,70.0,0,0,0,True,,,,
1776197864,314035373,,11.729999542236328,0.0,0.0,0.0,0.0,1.7999999523162842,68.33000183105469,0,0,0,True,,,,
1776197864,363983704,,11.75999927520752,0.0,0.0,0.0,0.0,1.7999999523162842,70.0,0,0,0,True,,,,
1776197864,413974626,,11.75999927520752,0.0,0.0,0.0,0.0,1.7999999523162842,70.0,0,0,0,True,,,,
1776197864,465119292,,11.739999771118164,0.0,0.0,0.0,0.0,1.7999999523162842,68.87999725341797,0,0,0,True,,,,
1776197864,514013212,,11.739999771118164,0.0,0.0,0.0,0.0,1.7999999523162842,68.87999725341797,0,0,0,True,,,,
1776197864,564031653,,11.739999771118164,0.0,0.0,0.0,0.0,1.7999999523162842,68.87999725341797,0,0,0,True,,,,
1776197864,613966243,,11.739999771118164,0.0,0.0,0.0,0.0,1.7999999523162842,68.87999725341797,0,0,0,True,,,,
1776197864,664090664,,11.739999771118164,0.0,0.0,0.0,0.0,1.7999999523162842,68.87999725341797,0,0,0,True,,,,
1776197864,714053717,,11.729999542236328,0.0,0.0,0.0,0.0,1.7999999523162842,68.33000183105469,0,0,0,True,,,,
1776197864,763974640,,11.75999927520752,0.0,0.0,0.0,0.0,1.7999999523162842,70.0,0,0,0,True,,,,
1776197864,814026840,,11.739999771118164,0.0,0.0,0.0,0.0,1.7999999523162842,68.87999725341797,0,0,0,True,,,,
1776197864,863944301,,11.739999771118164,0.0,0.0,0.0,0.0,1.7999999523162842,68.87999725341797,0,0,0,True,,,,
1776197864,914047759,,11.739999771118164,0.0,0.0,0.0,0.0,1.7999999523162842,68.87999725341797,0,0,0,True,,,,
1776197864,963984312,,11.739999771118164,0.0,0.0,0.0,0.0,1.7999999523162842,68.87999725341797,0,0,0,True,,,,
1776197865,13997568,,11.739999771118164,0.0,0.0,0.0,0.0,1.7999999523162842,68.87999725341797,0,0,0,True,,,,
1776197865,63939973,,11.739999771118164,0.0,0.0,0.0,0.0,1.7999999523162842,68.87999725341797,0,0,0,True,,,,
1776197865,114125208,,11.739999771118164,0.0,0.0,0.0,0.0,1.7999999523162842,68.87999725341797,0,0,0,True,,,,
1776197865,164008299,,11.729999542236328,0.0,0.0,0.0,0.0,1.7999999523162842,68.33000183105469,0,0,0,True,,,,
1776197865,213995240,,11.729999542236328,0.0,0.0,0.0,0.0,1.7999999523162842,68.33000183105469,0,0,0,True,,,,
1776197865,263937627,,11.739999771118164,0.0,0.0,0.0,0.0,1.7999999523162842,68.87999725341797,0,0,0,True,,,,
1776197865,314086825,,11.739999771118164,0.0,0.0,0.0,0.0,1.7999999523162842,68.87999725341797,0,0,0,True,,,,
1776197865,363996971,,11.75999927520752,0.0,0.0,0.0,0.0,1.7999999523162842,70.0,0,0,0,True,,,,
1776197865,414104133,,11.739999771118164,0.0,0.0,0.0,0.0,1.7999999523162842,68.87999725341797,0,0,0,True,,,,
1776197865,464000002,,11.739999771118164,0.0,0.0,0.0,0.0,1.7999999523162842,68.87999725341797,0,0,0,True,,,,
1776197865,519148796,,11.739999771118164,0.0,0.0,0.0,0.0,1.7999999523162842,68.87999725341797,0,0,0,True,,,,
1776197865,563998958,,11.75999927520752,0.0,0.0,0.0,0.0,1.7999999523162842,70.0,0,0,0,True,,,,
1776197865,613947881,,11.739999771118164,0.0,0.0,0.0,0.0,1.7999999523162842,68.87999725341797,0,0,0,True,,,,
1776197865,663942452,,11.739999771118164,0.0,0.0,0.0,0.0,1.7999999523162842,68.87999725341797,0,0,0,True,,,,
1776197865,713995244,,11.739999771118164,0.0,0.0,0.0,0.0,1.7999999523162842,68.87999725341797,0,0,0,True,,,,
1776197865,763949186,,11.75999927520752,0.0,0.0,0.0,0.0,1.7999999523162842,70.0,0,0,0,True,,,,
1776197865,813991867,,11.739999771118164,0.0,0.0,0.0,0.0,1.7999999523162842,68.87999725341797,0,0,0,True,,,,
1776197865,863994660,,11.739999771118164,0.0,0.0,0.0,0.0,1.7999999523162842,68.87999725341797,0,0,0,True,,,,
1776197865,914027490,,11.739999771118164,0.0,0.0,0.0,0.0,1.7999999523162842,68.87999725341797,0,0,0,True,,,,
1776197865,963927359,,11.739999771118164,0.0,0.0,0.0,0.0,1.7999999523162842,68.87999725341797,0,0,0,True,,,,
1776197866,13967670,,11.75999927520752,0.0,0.0,0.0,0.0,1.7999999523162842,70.0,0,0,0,True,,,,
1776197866,63989592,,11.75999927520752,0.0,0.0,0.0,0.0,1.7999999523162842,70.0,0,0,0,True,,,,
1776197866,113953404,,11.739999771118164,0.0,0.0,0.0,0.0,1.7999999523162842,68.87999725341797,0,0,0,True,,,,
1776197866,163982308,,11.739999771118164,0.0,0.0,0.0,0.0,1.7999999523162842,68.87999725341797,0,0,0,True,,,,
1776197866,213961342,,11.739999771118164,0.0,0.0,0.0,0.0,1.7999999523162842,68.87999725341797,0,0,0,True,,,,
1776197866,264016449,,11.739999771118164,0.0,0.0,0.0,0.0,1.7999999523162842,68.87999725341797,0,0,0,True,,,,
1776197866,313981409,,11.739999771118164,0.0,0.0,0.0,0.0,1.7999999523162842,68.87999725341797,0,0,0,True,,,,
1776197866,364025720,,11.729999542236328,0.0,0.0,0.0,0.0,1.7999999523162842,68.33000183105469,0,0,0,True,,,,
1776197866,413940792,,11.739999771118164,0.0,0.0,0.0,0.0,1.7999999523162842,68.87999725341797,0,0,0,True,,,,
1776197866,463980621,,11.75999927520752,0.0,0.0,0.0,0.0,1.7999999523162842,70.0,0,0,0,True,,,,
1776197866,513943248,,11.739999771118164,0.0,0.0,0.0,0.0,1.7999999523162842,68.87999725341797,0,0,0,True,,,,
1776197866,564069280,,11.75999927520752,0.0,0.0,0.0,0.0,1.7999999523162842,70.0,0,0,0,True,,,,
1776197866,614412531,,11.729999542236328,0.0,0.0,0.0,0.0,1.7999999523162842,68.33000183105469,0,0,0,True,,,,
1776197866,663942294,,11.729999542236328,0.0,0.0,0.0,0.0,1.7999999523162842,68.33000183105469,0,0,0,True,,,,
1776197866,713950401,,11.739999771118164,0.0,0.0,0.0,0.0,1.7999999523162842,68.87999725341797,0,0,0,True,,,,
1776197866,763984064,,11.729999542236328,0.0,0.0,0.0,0.0,1.7999999523162842,68.33000183105469,0,0,0,True,,,,
1776197866,813943636,,11.729999542236328,0.0,0.0,0.0,0.0,1.7999999523162842,68.33000183105469,0,0,0,True,,,,
1776197866,863940262,,11.729999542236328,0.0,0.0,0.0,0.0,1.7999999523162842,68.33000183105469,0,0,0,True,,,,
1776197866,913942814,,11.729999542236328,0.0,0.0,0.0,0.0,1.7999999523162842,68.33000183105469,0,0,0,True,,,,
1776197866,964067624,,11.75999927520752,0.0,0.0,0.0,0.0,1.7999999523162842,70.0,0,0,0,True,,,,
1776197867,13938900,,11.6899995803833,0.0,0.0,0.0,0.0,1.7999999523162842,66.11000061035156,0,0,0,True,,,,
1776197867,63958693,,11.710000038146973,0.0,0.0,0.0,0.0,1.7999999523162842,67.22000122070312,0,0,0,True,,,,
1776197867,113914450,,11.6899995803833,0.0,0.0,0.0,0.0,1.7999999523162842,66.11000061035156,0,0,0,True,,,,
1776197867,163930057,,11.710000038146973,0.0,0.0,0.0,0.0,1.7999999523162842,67.22000122070312,0,0,0,True,,,,
1776197867,213931110,,11.729999542236328,0.0,0.0,0.0,0.0,1.7999999523162842,68.33000183105469,0,0,0,True,,,,
1776197867,263934773,,11.729999542236328,0.0,0.0,0.0,0.0,1.7999999523162842,68.33000183105469,0,0,0,True,,,,
1776197867,314013417,,11.739999771118164,0.0,0.0,0.0,0.0,1.7999999523162842,68.87999725341797,0,0,0,True,,,,
1776197867,363966470,,11.729999542236328,0.0,0.0,0.0,0.0,1.7999999523162842,68.33000183105469,0,0,0,True,,,,
1776197867,414394923,,11.729999542236328,0.0,0.0,0.0,0.0,1.7999999523162842,68.33000183105469,0,0,0,True,,,,
1776197867,463957722,,11.729999542236328,0.0,0.0,0.0,0.0,1.7999999523162842,68.33000183105469,0,0,0,True,,,,
1776197867,513942886,,11.739999771118164,0.0,0.0,0.0,0.0,1.7999999523162842,68.87999725341797,0,0,0,True,,,,
1776197867,563945660,,11.739999771118164,0.0,0.0,0.0,0.0,1.7999999523162842,68.87999725341797,0,0,0,True,,,,
1776197867,613939972,,11.739999771118164,0.0,0.0,0.0,0.0,1.7999999523162842,68.87999725341797,0,0,0,True,,,,
1776197867,665462169,,11.729999542236328,0.0,0.0,0.0,0.0,1.7999999523162842,68.33000183105469,0,0,0,True,,,,
1776197867,713938021,,11.739999771118164,0.0,0.0,0.0,0.0,1.7999999523162842,68.87999725341797,0,0,0,True,,,,
1776197867,763937370,,11.729999542236328,0.0,0.0,0.0,0.0,1.7999999523162842,68.33000183105469,0,0,0,True,,,,
1776197867,813961810,,11.739999771118164,0.0,0.0,0.0,0.0,1.7999999523162842,68.87999725341797,0,0,0,True,,,,
1776197867,863917697,,11.729999542236328,0.0,0.0,0.0,0.0,1.7999999523162842,68.33000183105469,0,0,0,True,,,,
1776197867,913923119,,11.739999771118164,0.0,0.0,0.0,0.0,1.7999999523162842,68.87999725341797,0,0,0,True,,,,
1776197867,963904653,,11.739999771118164,0.0,0.0,0.0,0.0,1.7999999523162842,68.87999725341797,0,0,0,True,,,,
1776197868,13940168,,11.739999771118164,0.0,0.0,0.0,0.0,1.7999999523162842,68.87999725341797,0,0,0,True,,,,
1776197868,63918258,,11.729999542236328,0.0,0.0,0.0,0.0,1.7999999523162842,68.33000183105469,0,0,0,True,,,,
1776197868,114012790,,11.739999771118164,0.0,0.0,0.0,0.0,1.7999999523162842,68.87999725341797,0,0,0,True,,,,
1776197868,163897844,,11.729999542236328,0.0,0.0,0.0,0.0,1.7999999523162842,68.33000183105469,0,0,0,True,,,,
1776197868,213963877,,11.739999771118164,0.0,0.0,0.0,0.0,1.7999999523162842,68.87999725341797,0,0,0,True,,,,
1776197868,266484430,,11.729999542236328,0.0,0.0,0.0,0.0,1.7999999523162842,68.33000183105469,0,0,0,True,,,,
1776197868,314498714,,11.739999771118164,0.0,0.0,0.0,0.0,1.7999999523162842,68.87999725341797,0,0,0,True,,,,
1776197868,364016014,,11.729999542236328,0.0,0.0,0.0,0.0,1.7999999523162842,68.33000183105469,0,0,0,True,,,,
1776197868,413946827,,11.729999542236328,0.0,0.0,0.0,0.0,1.7999999523162842,68.33000183105469,0,0,0,True,,,,
1776197868,463932546,,11.729999542236328,0.0,0.0,0.0,0.0,1.7999999523162842,68.33000183105469,0,0,0,True,,,,
1776197868,513910006,,11.739999771118164,0.0,0.0,0.0,0.0,1.7999999523162842,68.87999725341797,0,0,0,True,,,,
1776197868,563927688,,11.729999542236328,0.0,0.0,0.0,0.0,1.7999999523162842,68.33000183105469,0,0,0,True,,,,
1776197868,613900370,,11.729999542236328,0.0,0.0,0.0,0.0,1.7999999523162842,68.33000183105469,0,0,0,True,,,,
1776197868,663919533,,11.710000038146973,0.0,0.0,0.0,0.0,1.7999999523162842,67.22000122070312,0,0,0,True,,,,
1776197868,713890863,,11.729999542236328,0.0,0.0,0.0,0.0,1.7999999523162842,68.33000183105469,0,0,0,True,,,,
1776197868,763923415,,11.710000038146973,0.0,0.0,0.0,0.0,1.7999999523162842,67.22000122070312,0,0,0,True,,,,
1776197868,813898449,,11.729999542236328,0.0,0.0,0.0,0.0,1.7999999523162842,68.33000183105469,0,0,0,True,,,,
1776197868,863899224,,11.729999542236328,0.0,0.0,0.0,0.0,1.7999999523162842,68.33000183105469,0,0,0,True,,,,
1776197868,913940498,,11.729999542236328,0.0,0.0,0.0,0.0,1.7999999523162842,68.33000183105469,0,0,0,True,,,,
1776197868,963933809,,11.729999542236328,0.0,0.0,0.0,0.0,1.7999999523162842,68.33000183105469,0,0,0,True,,,,
1776197869,13918806,,11.729999542236328,0.0,0.0,0.0,0.0,1.7999999523162842,68.33000183105469,0,0,0,True,,,,
1776197869,63898266,,11.710000038146973,0.0,0.0,0.0,0.0,1.7999999523162842,67.22000122070312,0,0,0,True,,,,
1776197869,114001724,,11.710000038146973,0.0,0.0,0.0,0.0,1.7999999523162842,67.22000122070312,0,0,0,True,,,,
1776197869,163955518,,11.729999542236328,0.0,0.0,0.0,0.0,1.7999999523162842,68.33000183105469,0,0,0,True,,,,
1776197869,213956867,,11.729999542236328,0.0,0.0,0.0,0.0,1.7999999523162842,68.33000183105469,0,0,0,True,,,,
1776197869,263942364,,11.729999542236328,0.0,0.0,0.0,0.0,1.7999999523162842,68.33000183105469,0,0,0,True,,,,
1776197869,313947971,,11.710000038146973,0.0,0.0,0.0,0.0,1.7999999523162842,67.22000122070312,0,0,0,True,,,,
1776197869,363968042,,11.729999542236328,0.0,0.0,0.0,0.0,1.7999999523162842,68.33000183105469,0,0,0,True,,,,
1776197869,413922798,,11.710000038146973,0.0,0.0,0.0,0.0,1.7999999523162842,67.22000122070312,0,0,0,True,,,,
1776197869,463895907,,11.729999542236328,0.0,0.0,0.0,0.0,1.7999999523162842,68.33000183105469,0,0,0,True,,,,
1776197869,514000865,,11.729999542236328,0.0,0.0,0.0,0.0,1.7999999523162842,68.33000183105469,0,0,0,True,,,,
1776197869,564010732,,11.710000038146973,0.0,0.0,0.0,0.0,1.7999999523162842,67.22000122070312,0,0,0,True,,,,
1776197869,613880990,,11.710000038146973,0.0,0.0,0.0,0.0,1.7999999523162842,67.22000122070312,0,0,0,True,,,,
1776197869,663920763,,11.710000038146973,0.0,0.0,0.0,0.0,1.7999999523162842,67.22000122070312,0,0,0,True,,,,
1776197869,713927186,,11.729999542236328,0.0,0.0,0.0,0.0,1.7999999523162842,68.33000183105469,0,0,0,True,,,,
1776197869,763936868,,11.729999542236328,0.0,0.0,0.0,0.0,1.7999999523162842,68.33000183105469,0,0,0,True,,,,
1776197869,813915550,,11.739999771118164,0.0,0.0,0.0,0.0,1.7999999523162842,68.87999725341797,0,0,0,True,,,,
1776197869,863970139,,11.739999771118164,0.0,0.0,0.0,0.0,1.7999999523162842,68.87999725341797,0,0,0,True,,,,
1776197869,913991598,,11.729999542236328,0.0,0.0,0.0,0.0,1.7999999523162842,68.33000183105469,0,0,0,True,,,,
1776197869,963892337,,11.729999542236328,0.0,0.0,0.0,0.0,1.7999999523162842,68.33000183105469,0,0,0,True,,,,
1776197870,14067405,,11.729999542236328,0.0,0.0,0.0,0.0,1.7999999523162842,68.33000183105469,0,0,0,True,,,,
1776197870,63885756,,11.729999542236328,0.0,0.0,0.0,0.0,1.7999999523162842,68.33000183105469,0,0,0,True,,,,
1776197870,114049084,,11.729999542236328,0.0,0.0,0.0,0.0,1.7999999523162842,68.33000183105469,0,0,0,True,,,,
1776197870,163975859,,11.739999771118164,0.0,0.0,0.0,0.0,1.7999999523162842,68.87999725341797,0,0,0,True,,,,
1776197870,213903320,,11.729999542236328,0.0,0.0,0.0,0.0,1.7999999523162842,68.33000183105469,0,0,0,True,,,,
1776197870,263960057,,11.729999542236328,0.0,0.0,0.0,0.0,1.7999999523162842,68.33000183105469,0,0,0,True,,,,
1776197870,313919202,,11.729999542236328,0.0,0.0,0.0,0.0,1.7999999523162842,68.33000183105469,0,0,0,True,,,,
1776197870,363964772,,11.729999542236328,0.0,0.0,0.0,0.0,1.7999999523162842,68.33000183105469,0,0,0,True,,,,
1776197870,413916881,,11.729999542236328,0.0,0.0,0.0,0.0,1.7999999523162842,68.33000183105469,0,0,0,True,,,,
1776197870,463937988,,11.729999542236328,0.0,0.0,0.0,0.0,1.7999999523162842,68.33000183105469,0,0,0,True,,,,
1776197870,513916597,,11.729999542236328,0.0,0.0,0.0,0.0,1.7999999523162842,68.33000183105469,0,0,0,True,,,,
1776197870,563922149,,11.710000038146973,0.0,0.0,0.0,0.0,1.7999999523162842,67.22000122070312,0,0,0,True,,,,
1776197870,613859091,,11.710000038146973,0.0,0.0,0.0,0.0,1.7999999523162842,67.22000122070312,0,0,0,True,,,,
1776197870,663930346,,11.710000038146973,0.0,0.0,0.0,0.0,1.7999999523162842,67.22000122070312,0,0,0,True,,,,
1776197870,714071155,,11.710000038146973,0.0,0.0,0.0,0.0,1.7999999523162842,67.22000122070312,0,0,0,True,,,,
1776197870,763904784,,11.729999542236328,0.0,0.0,0.0,0.0,1.7999999523162842,68.33000183105469,0,0,0,True,,,,
1776197870,813896429,,11.739999771118164,0.0,0.0,0.0,0.0,1.7999999523162842,68.87999725341797,0,0,0,True,,,,
1776197870,864887078,,11.729999542236328,0.0,0.0,0.0,0.0,1.7999999523162842,68.33000183105469,0,0,0,True,,,,
1776197870,913899422,,11.710000038146973,0.0,0.0,0.0,0.0,1.7999999523162842,67.22000122070312,0,0,0,True,,,,
1776197870,963896752,,11.729999542236328,0.0,0.0,0.0,0.0,1.7999999523162842,68.33000183105469,0,0,0,True,,,,
1776197871,13928730,,11.739999771118164,0.0,0.0,0.0,0.0,1.7999999523162842,68.87999725341797,0,0,0,True,,,,
1776197871,63908190,,11.729999542236328,0.0,0.0,0.0,0.0,1.7999999523162842,68.33000183105469,0,0,0,True,,,,
1776197871,113914131,,11.729999542236328,0.0,0.0,0.0,0.0,1.7999999523162842,68.33000183105469,0,0,0,True,,,,
1776197871,163872036,,11.729999542236328,0.0,0.0,0.0,0.0,1.7999999523162842,68.33000183105469,0,0,0,True,,,,
1776197871,213864088,,11.75999927520752,0.0,0.0,0.0,0.0,1.7999999523162842,70.0,0,0,0,True,,,,
1776197871,263903214,,11.75999927520752,0.0,0.0,0.0,0.0,1.7999999523162842,70.0,0,0,0,True,,,,
1776197871,313877452,,11.75999927520752,0.0,0.0,0.0,0.0,1.7999999523162842,70.0,0,0,0,True,,,,
1776197871,363877671,,11.75999927520752,0.0,0.0,0.0,0.0,1.7999999523162842,70.0,0,0,0,True,,,,
1776197871,413926074,,11.739999771118164,0.0,0.0,0.0,0.0,1.7999999523162842,68.87999725341797,0,0,0,True,,,,
1776197871,463889979,,11.739999771118164,0.0,0.0,0.0,0.0,1.7999999523162842,68.87999725341797,0,0,0,True,,,,
1776197871,513923957,,11.739999771118164,0.0,0.0,0.0,0.0,1.7999999523162842,68.87999725341797,0,0,0,True,,,,
1776197871,563968823,,11.739999771118164,0.0,0.0,0.0,0.0,1.7999999523162842,68.87999725341797,0,0,0,True,,,,
1776197871,613906561,,11.739999771118164,0.0,0.0,0.0,0.0,1.7999999523162842,68.87999725341797,0,0,0,True,,,,
1776197871,663864577,,11.75999927520752,0.0,0.0,0.0,0.0,1.7999999523162842,70.0,0,0,0,True,,,,
1776197871,713818723,,11.739999771118164,0.0,0.0,0.0,0.0,1.7999999523162842,68.87999725341797,0,0,0,True,,,,
1776197871,763899292,,11.739999771118164,0.0,0.0,0.0,0.0,1.7999999523162842,68.87999725341797,0,0,0,True,,,,
1776197871,813902104,,11.729999542236328,0.0,0.0,0.0,0.0,1.7999999523162842,68.33000183105469,0,0,0,True,,,,
1776197871,863915082,,11.729999542236328,0.0,0.0,0.0,0.0,1.7999999523162842,68.33000183105469,0,0,0,True,,,,
1776197871,913893357,,11.739999771118164,0.0,0.0,0.0,0.0,1.7999999523162842,68.87999725341797,0,0,0,True,,,,
1776197871,963878150,,11.739999771118164,0.0,0.0,0.0,0.0,1.7999999523162842,68.87999725341797,0,0,0,True,,,,
1776197872,13872443,,11.729999542236328,0.0,0.0,0.0,0.0,1.7999999523162842,68.33000183105469,0,0,0,True,,,,
1776197872,63938791,,11.739999771118164,0.0,0.0,0.0,0.0,1.7999999523162842,68.87999725341797,0,0,0,True,,,,
1776197872,113883325,,11.75999927520752,0.0,0.0,0.0,0.0,1.7999999523162842,70.0,0,0,0,True,,,,
1776197872,163906859,,11.739999771118164,0.0,0.0,0.0,0.0,1.7999999523162842,68.87999725341797,0,0,0,True,,,,
1776197872,213910133,,11.739999771118164,0.0,0.0,0.0,0.0,1.7999999523162842,68.87999725341797,0,0,0,True,,,,
1776197872,263875686,,11.75999927520752,0.0,0.0,0.0,0.0,1.7999999523162842,70.0,0,0,0,True,,,,
1776197872,313872442,,11.739999771118164,0.0,0.0,0.0,0.0,1.7999999523162842,68.87999725341797,0,0,0,True,,,,
1776197872,363937567,,11.739999771118164,0.0,0.0,0.0,0.0,1.7999999523162842,68.87999725341797,0,0,0,True,,,,
1776197872,413882268,,11.75999927520752,0.0,0.0,0.0,0.0,1.7999999523162842,70.0,0,0,0,True,,,,
1776197872,463860543,,11.729999542236328,0.0,0.0,0.0,0.0,1.7999999523162842,68.33000183105469,0,0,0,True,,,,
1776197872,513867688,,11.739999771118164,0.0,0.0,0.0,0.0,1.7999999523162842,68.87999725341797,0,0,0,True,,,,
1776197872,563863240,,11.739999771118164,0.0,0.0,0.0,0.0,1.7999999523162842,68.87999725341797,0,0,0,True,,,,
1776197872,613893218,,11.739999771118164,0.0,0.0,0.0,0.0,1.7999999523162842,68.87999725341797,0,0,0,True,,,,
1776197872,663922770,,11.739999771118164,0.0,0.0,0.0,0.0,1.7999999523162842,68.87999725341797,0,0,0,True,,,,
1776197872,713889063,,11.739999771118164,0.0,0.0,0.0,0.0,1.7999999523162842,68.87999725341797,0,0,0,True,,,,
1776197872,763911171,,11.75999927520752,0.0,0.0,0.0,0.0,1.7999999523162842,70.0,0,0,0,True,,,,
1776197872,813873298,,11.739999771118164,0.0,0.0,0.0,0.0,1.7999999523162842,68.87999725341797,0,0,0,True,,,,
1776197872,863944460,,11.739999771118164,0.0,0.0,0.0,0.0,1.7999999523162842,68.87999725341797,0,0,0,True,,,,
1776197872,913858273,,11.75999927520752,0.0,0.0,0.0,0.0,1.7999999523162842,70.0,0,0,0,True,,,,
1776197872,963959083,,11.739999771118164,0.0,0.0,0.0,0.0,1.7999999523162842,68.87999725341797,0,0,0,True,,,,
1776197873,13850563,,11.739999771118164,0.0,0.0,0.0,0.0,1.7999999523162842,68.87999725341797,0,0,0,True,,,,
1776197873,63876466,,11.729999542236328,0.0,0.0,0.0,0.0,1.7999999523162842,68.33000183105469,0,0,0,True,,,,
1776197873,113899092,,11.739999771118164,0.0,0.0,0.0,0.0,1.7999999523162842,68.87999725341797,0,0,0,True,,,,
1776197873,163844645,,11.739999771118164,0.0,0.0,0.0,0.0,1.7999999523162842,68.87999725341797,0,0,0,True,,,,
1776197873,213850938,,11.739999771118164,0.0,0.0,0.0,0.0,1.7999999523162842,68.87999725341797,0,0,0,True,,,,
1776197873,263868231,,11.739999771118164,0.0,0.0,0.0,0.0,1.7999999523162842,68.87999725341797,0,0,0,True,,,,
1776197873,313852117,,11.739999771118164,0.0,0.0,0.0,0.0,1.7999999523162842,68.87999725341797,0,0,0,True,,,,
1776197873,363909465,,11.75999927520752,0.0,0.0,0.0,0.0,1.7999999523162842,70.0,0,0,0,True,,,,
1776197873,413835685,,11.739999771118164,0.0,0.0,0.0,0.0,1.7999999523162842,68.87999725341797,0,0,0,True,,,,
1776197873,463875477,,11.729999542236328,0.0,0.0,0.0,0.0,1.7999999523162842,68.33000183105469,0,0,0,True,,,,
1776197873,513853289,,11.739999771118164,0.0,0.0,0.0,0.0,1.7999999523162842,68.87999725341797,0,0,0,True,,,,
1776197873,563854563,,11.739999771118164,0.0,0.0,0.0,0.0,1.7999999523162842,68.87999725341797,0,0,0,True,,,,
1776197873,613922800,,11.729999542236328,0.0,0.0,0.0,0.0,1.7999999523162842,68.33000183105469,0,0,0,True,,,,
1776197873,663871186,,11.739999771118164,0.0,0.0,0.0,0.0,1.7999999523162842,68.87999725341797,0,0,0,True,,,,
1776197873,713897405,,11.739999771118164,0.0,0.0,0.0,0.0,1.7999999523162842,68.87999725341797,0,0,0,True,,,,
1776197873,763877513,,11.739999771118164,0.0,0.0,0.0,0.0,1.7999999523162842,68.87999725341797,0,0,0,True,,,,
1776197873,813959212,,11.729999542236328,0.0,0.0,0.0,0.0,1.7999999523162842,68.33000183105469,0,0,0,True,,,,
1776197873,863857599,,11.739999771118164,0.0,0.0,0.0,0.0,1.7999999523162842,68.87999725341797,0,0,0,True,,,,
1776197873,913904318,,11.739999771118164,0.0,0.0,0.0,0.0,1.7999999523162842,68.87999725341797,0,0,0,True,,,,
1776197873,963857908,,11.739999771118164,0.0,0.0,0.0,0.0,1.7999999523162842,68.87999725341797,0,0,0,True,,,,
1776197874,13868423,,11.739999771118164,0.0,0.0,0.0,0.0,1.7999999523162842,68.87999725341797,0,0,0,True,,,,
1776197874,63805216,,11.739999771118164,0.0,0.0,0.0,0.0,1.7999999523162842,68.87999725341797,0,0,0,True,,,,
1776197874,113887897,,11.739999771118164,0.0,0.0,0.0,0.0,1.7999999523162842,68.87999725341797,0,0,0,True,,,,
1776197874,163866820,,11.729999542236328,0.0,0.0,0.0,0.0,1.7999999523162842,68.33000183105469,0,0,0,True,,,,
1776197874,213896705,,11.739999771118164,0.0,0.0,0.0,0.0,1.7999999523162842,68.87999725341797,0,0,0,True,,,,
1776197874,263845629,,11.739999771118164,0.0,0.0,0.0,0.0,1.7999999523162842,68.87999725341797,0,0,0,True,,,,
1776197874,313869255,,11.739999771118164,0.0,0.0,0.0,0.0,1.7999999523162842,68.87999725341797,0,0,0,True,,,,
1776197874,363825993,,11.729999542236328,0.0,0.0,0.0,0.0,1.7999999523162842,68.33000183105469,0,0,0,True,,,,
1776197874,413843693,,11.729999542236328,0.0,0.0,0.0,0.0,1.7999999523162842,68.33000183105469,0,0,0,True,,,,
1776197874,463825708,,11.739999771118164,0.0,0.0,0.0,0.0,1.7999999523162842,68.87999725341797,0,0,0,True,,,,
1776197874,513822390,,11.739999771118164,0.0,0.0,0.0,0.0,1.7999999523162842,68.87999725341797,0,0,0,True,,,,
1776197874,563857294,,11.739999771118164,0.0,0.0,0.0,0.0,1.7999999523162842,68.87999725341797,0,0,0,True,,,,
1776197874,613838921,,11.739999771118164,0.0,0.0,0.0,0.0,1.7999999523162842,68.87999725341797,0,0,0,True,,,,
1776197874,663831640,,11.739999771118164,0.0,0.0,0.0,0.0,1.7999999523162842,68.87999725341797,0,0,0,True,,,,
1776197874,713845951,,11.729999542236328,0.0,0.0,0.0,0.0,1.7999999523162842,68.33000183105469,0,0,0,True,,,,
1776197874,763878021,,11.739999771118164,0.0,0.0,0.0,0.0,1.7999999523162842,68.87999725341797,0,0,0,True,,,,
1776197874,817417838,,11.739999771118164,0.0,0.0,0.0,0.0,1.7999999523162842,68.87999725341797,0,0,0,True,,,,
1776197874,863824164,,11.75999927520752,0.0,0.0,0.0,0.0,1.7999999523162842,70.0,0,0,0,True,,,,
1776197874,917382703,,11.710000038146973,0.0,0.0,0.0,0.0,1.7999999523162842,67.22000122070312,0,0,0,True,,,,
1776197874,963997229,,11.6899995803833,0.0,0.0,0.0,0.0,1.7999999523162842,66.11000061035156,0,0,0,True,,,,
1776197875,13874116,,11.710000038146973,0.0,0.0,0.0,0.0,1.7999999523162842,67.22000122070312,0,0,0,True,,,,
1776197875,63849669,,11.6899995803833,0.0,0.0,0.0,0.0,1.7999999523162842,66.11000061035156,0,0,0,True,,,,
1776197875,113964701,,11.710000038146973,0.0,0.0,0.0,0.0,1.7999999523162842,67.22000122070312,0,0,0,True,,,,
1776197875,163831422,,11.729999542236328,0.0,0.0,0.0,0.0,1.7999999523162842,68.33000183105469,0,0,0,True,,,,
1776197875,213984435,,11.729999542236328,0.0,0.0,0.0,0.0,1.7999999523162842,68.33000183105469,0,0,0,True,,,,
1776197875,263929043,,11.729999542236328,0.0,0.0,0.0,0.0,1.7999999523162842,68.33000183105469,0,0,0,True,,,,
1776197875,313911522,,11.710000038146973,0.0,0.0,0.0,0.0,1.7999999523162842,67.22000122070312,0,0,0,True,,,,
1776197875,363883148,,11.729999542236328,0.0,0.0,0.0,0.0,1.7999999523162842,68.33000183105469,0,0,0,True,,,,
1776197875,413716185,,11.729999542236328,0.0,0.0,0.0,0.0,1.7999999523162842,68.33000183105469,0,0,0,True,,,,
1776197875,463865698,,11.729999542236328,0.0,0.0,0.0,0.0,1.7999999523162842,68.33000183105469,0,0,0,True,,,,
1776197875,513897212,,11.729999542236328,0.0,0.0,0.0,0.0,1.7999999523162842,68.33000183105469,0,0,0,True,,,,
1776197875,563917394,,11.729999542236328,0.0,0.0,0.0,0.0,1.7999999523162842,68.33000183105469,0,0,0,True,,,,
1776197875,613848170,,11.729999542236328,0.0,0.0,0.0,0.0,1.7999999523162842,68.33000183105469,0,0,0,True,,,,
1776197875,663851074,,11.729999542236328,0.0,0.0,0.0,0.0,1.7999999523162842,68.33000183105469,0,0,0,True,,,,
1776197875,713895014,,11.710000038146973,0.0,0.0,0.0,0.0,1.7999999523162842,67.22000122070312,0,0,0,True,,,,
1776197875,763805864,,11.729999542236328,0.0,0.0,0.0,0.0,1.7999999523162842,68.33000183105469,0,0,0,True,,,,
1776197875,813877508,,11.729999542236328,0.0,0.0,0.0,0.0,1.7999999523162842,68.33000183105469,0,0,0,True,,,,
1776197875,863892875,,11.729999542236328,0.0,0.0,0.0,0.0,1.7999999523162842,68.33000183105469,0,0,0,True,,,,
1776197875,913915371,,11.729999542236328,0.0,0.0,0.0,0.0,1.7999999523162842,68.33000183105469,0,0,0,True,,,,
1776197875,963795592,,11.729999542236328,0.0,0.0,0.0,0.0,1.7999999523162842,68.33000183105469,0,0,0,True,,,,
1776197876,13843106,,11.729999542236328,0.0,0.0,0.0,0.0,1.7999999523162842,68.33000183105469,0,0,0,True,,,,
1776197876,63837510,,11.729999542236328,0.0,0.0,0.0,0.0,1.7999999523162842,68.33000183105469,0,0,0,True,,,,
1776197876,113868266,,11.729999542236328,0.0,0.0,0.0,0.0,1.7999999523162842,68.33000183105469,0,0,0,True,,,,
1776197876,164588012,,11.729999542236328,0.0,0.0,0.0,0.0,1.7999999523162842,68.33000183105469,0,0,0,True,,,,
1776197876,213799094,,11.729999542236328,0.0,0.0,0.0,0.0,1.7999999523162842,68.33000183105469,0,0,0,True,,,,
1776197876,263851053,,11.729999542236328,0.0,0.0,0.0,0.0,1.7999999523162842,68.33000183105469,0,0,0,True,,,,
1776197876,313840790,,11.729999542236328,0.0,0.0,0.0,0.0,1.7999999523162842,68.33000183105469,0,0,0,True,,,,
1776197876,363873194,,11.729999542236328,0.0,0.0,0.0,0.0,1.7999999523162842,68.33000183105469,0,0,0,True,,,,
1776197876,413908061,,11.729999542236328,0.0,0.0,0.0,0.0,1.7999999523162842,68.33000183105469,0,0,0,True,,,,
1776197876,463852410,,11.729999542236328,0.0,0.0,0.0,0.0,1.7999999523162842,68.33000183105469,0,0,0,True,,,,
1776197876,513831185,,11.729999542236328,0.0,0.0,0.0,0.0,1.7999999523162842,68.33000183105469,0,0,0,True,,,,
1776197876,563808497,,11.710000038146973,0.0,0.0,0.0,0.0,1.7999999523162842,67.22000122070312,0,0,0,True,,,,
1776197876,613794253,,11.729999542236328,0.0,0.0,0.0,0.0,1.7999999523162842,68.33000183105469,0,0,0,True,,,,
1776197876,663867359,,11.729999542236328,0.0,0.0,0.0,0.0,1.7999999523162842,68.33000183105469,0,0,0,True,,,,
1776197876,713792654,,11.739999771118164,0.0,0.0,0.0,0.0,1.7999999523162842,68.87999725341797,0,0,0,True,,,,
1776197876,763788595,,11.729999542236328,0.0,0.0,0.0,0.0,1.7999999523162842,68.33000183105469,0,0,0,True,,,,
1776197876,813845498,,11.710000038146973,0.0,0.0,0.0,0.0,1.7999999523162842,67.22000122070312,0,0,0,True,,,,
1776197876,863782810,,11.729999542236328,0.0,0.0,0.0,0.0,1.7999999523162842,68.33000183105469,0,0,0,True,,,,
1776197876,913816510,,11.729999542236328,0.0,0.0,0.0,0.0,1.7999999523162842,68.33000183105469,0,0,0,True,,,,
1776197876,963830174,,11.729999542236328,0.0,0.0,0.0,0.0,1.7999999523162842,68.33000183105469,0,0,0,True,,,,
1776197877,13814448,,11.729999542236328,0.0,0.0,0.0,0.0,1.7999999523162842,68.33000183105469,0,0,0,True,,,,
1776197877,63859722,,11.729999542236328,0.0,0.0,0.0,0.0,1.7999999523162842,68.33000183105469,0,0,0,True,,,,
1776197877,113880422,,11.729999542236328,0.0,0.0,0.0,0.0,1.7999999523162842,68.33000183105469,0,0,0,True,,,,
1776197877,163805068,,11.739999771118164,0.0,0.0,0.0,0.0,1.7999999523162842,68.87999725341797,0,0,0,True,,,,
1776197877,213881527,,11.710000038146973,0.0,0.0,0.0,0.0,1.7999999523162842,67.22000122070312,0,0,0,True,,,,
1776197877,263807543,,11.729999542236328,0.0,0.0,0.0,0.0,1.7999999523162842,68.33000183105469,0,0,0,True,,,,
1776197877,313794503,,11.729999542236328,0.0,0.0,0.0,0.0,1.7999999523162842,68.33000183105469,0,0,0,True,,,,
1776197877,363811499,,11.729999542236328,0.0,0.0,0.0,0.0,1.7999999523162842,68.33000183105469,0,0,0,True,,,,
1776197877,413793033,,11.729999542236328,0.0,0.0,0.0,0.0,1.7999999523162842,68.33000183105469,0,0,0,True,,,,
1776197877,463776475,,11.739999771118164,0.0,0.0,0.0,0.0,1.7999999523162842,68.87999725341797,0,0,0,True,,,,
1776197877,513816286,,11.739999771118164,0.0,0.0,0.0,0.0,1.7999999523162842,68.87999725341797,0,0,0,True,,,,
1776197877,563866597,,11.710000038146973,0.0,0.0,0.0,0.0,1.7999999523162842,67.22000122070312,0,0,0,True,,,,
1776197877,613915870,,11.729999542236328,0.0,0.0,0.0,0.0,1.7999999523162842,68.33000183105469,0,0,0,True,,,,
1776197877,663784536,,11.739999771118164,0.0,0.0,0.0,0.0,1.7999999523162842,68.87999725341797,0,0,0,True,,,,
1776197877,713827976,,11.729999542236328,0.0,0.0,0.0,0.0,1.7999999523162842,68.33000183105469,0,0,0,True,,,,
1776197877,763800399,,11.729999542236328,0.0,0.0,0.0,0.0,1.7999999523162842,68.33000183105469,0,0,0,True,,,,
1776197877,813768933,,11.729999542236328,0.0,0.0,0.0,0.0,1.7999999523162842,68.33000183105469,0,0,0,True,,,,
1776197877,863784041,,11.710000038146973,0.0,0.0,0.0,0.0,1.7999999523162842,67.22000122070312,0,0,0,True,,,,
1776197877,913798908,,11.729999542236328,0.0,0.0,0.0,0.0,1.7999999523162842,68.33000183105469,0,0,0,True,,,,
1776197877,963784460,,11.729999542236328,0.0,0.0,0.0,0.0,1.7999999523162842,68.33000183105469,0,0,0,True,,,,
1776197878,13797901,,11.729999542236328,0.0,0.0,0.0,0.0,1.7999999523162842,68.33000183105469,0,0,0,True,,,,
1776197878,63796546,,11.729999542236328,0.0,0.0,0.0,0.0,1.7999999523162842,68.33000183105469,0,0,0,True,,,,
1776197878,113773210,,11.729999542236328,0.0,0.0,0.0,0.0,1.7999999523162842,68.33000183105469,0,0,0,True,,,,
1776197878,163780577,,11.729999542236328,0.0,0.0,0.0,0.0,1.7999999523162842,68.33000183105469,0,0,0,True,,,,
1776197878,213969460,,11.729999542236328,0.0,0.0,0.0,0.0,1.7999999523162842,68.33000183105469,0,0,0,True,,,,
1776197878,263787941,,11.729999542236328,0.0,0.0,0.0,0.0,1.7999999523162842,68.33000183105469,0,0,0,True,,,,
1776197878,313805956,,11.729999542236328,0.0,0.0,0.0,0.0,1.7999999523162842,68.33000183105469,0,0,0,True,,,,
1776197878,363788527,,11.729999542236328,0.0,0.0,0.0,0.0,1.7999999523162842,68.33000183105469,0,0,0,True,,,,
1776197878,413772912,,11.739999771118164,0.0,0.0,0.0,0.0,1.7999999523162842,68.87999725341797,0,0,0,True,,,,
1776197878,463807131,,11.729999542236328,0.0,0.0,0.0,0.0,1.7999999523162842,68.33000183105469,0,0,0,True,,,,
1776197878,513823868,,11.729999542236328,0.0,0.0,0.0,0.0,1.7999999523162842,68.33000183105469,0,0,0,True,,,,
1776197878,563798587,,11.710000038146973,0.0,0.0,0.0,0.0,1.7999999523162842,67.22000122070312,0,0,0,True,,,,
1776197878,613814899,,11.6899995803833,0.0,0.0,0.0,0.0,1.7999999523162842,66.11000061035156,0,0,0,True,,,,
1776197878,663787340,,11.710000038146973,0.0,0.0,0.0,0.0,1.7999999523162842,67.22000122070312,0,0,0,True,,,,
1776197878,713774948,,11.710000038146973,0.0,0.0,0.0,0.0,1.7999999523162842,67.22000122070312,0,0,0,True,,,,
1776197878,768893058,,11.710000038146973,0.0,0.0,0.0,0.0,1.7999999523162842,67.22000122070312,0,0,0,True,,,,
1776197878,813685813,,11.729999542236328,0.0,0.0,0.0,0.0,1.7999999523162842,68.33000183105469,0,0,0,True,,,,
1776197878,863772975,,11.710000038146973,0.0,0.0,0.0,0.0,1.7999999523162842,67.22000122070312,0,0,0,True,,,,
1776197878,913767491,,11.710000038146973,0.0,0.0,0.0,0.0,1.7999999523162842,67.22000122070312,0,0,0,True,,,,
1776197878,963760321,,11.729999542236328,0.0,0.0,0.0,0.0,1.7999999523162842,68.33000183105469,0,0,0,True,,,,
1776197879,13761984,,11.729999542236328,0.0,0.0,0.0,0.0,1.7999999523162842,68.33000183105469,0,0,0,True,,,,
1776197879,63762537,,11.710000038146973,0.0,0.0,0.0,0.0,1.7999999523162842,67.22000122070312,0,0,0,True,,,,
1776197879,113779792,,11.739999771118164,0.0,0.0,0.0,0.0,1.7999999523162842,68.87999725341797,0,0,0,True,,,,
1776197879,163844862,,11.739999771118164,0.0,0.0,0.0,0.0,1.7999999523162842,68.87999725341797,0,0,0,True,,,,
1776197879,213737101,,11.739999771118164,0.0,0.0,0.0,0.0,1.7999999523162842,68.87999725341797,0,0,0,True,,,,
1776197879,263781671,,11.739999771118164,0.0,0.0,0.0,0.0,1.7999999523162842,68.87999725341797,0,0,0,True,,,,
1776197879,313788538,,11.739999771118164,0.0,0.0,0.0,0.0,1.7999999523162842,68.87999725341797,0,0,0,True,,,,
1776197879,363848256,,11.729999542236328,0.0,0.0,0.0,0.0,1.7999999523162842,68.33000183105469,0,0,0,True,,,,
1776197879,413786698,,11.729999542236328,0.0,0.0,0.0,0.0,1.7999999523162842,68.33000183105469,0,0,0,True,,,,
1776197879,463767936,,11.729999542236328,0.0,0.0,0.0,0.0,1.7999999523162842,68.33000183105469,0,0,0,True,,,,
1776197879,513747322,,11.739999771118164,0.0,0.0,0.0,0.0,1.7999999523162842,68.87999725341797,0,0,0,True,,,,
1776197879,563820077,,11.729999542236328,0.0,0.0,0.0,0.0,1.7999999523162842,68.33000183105469,0,0,0,True,,,,
1776197879,613780741,,11.729999542236328,0.0,0.0,0.0,0.0,1.7999999523162842,68.33000183105469,0,0,0,True,,,,
1776197879,663780052,,11.739999771118164,0.0,0.0,0.0,0.0,1.7999999523162842,68.87999725341797,0,0,0,True,,,,
1776197879,713792938,,11.739999771118164,0.0,0.0,0.0,0.0,1.7999999523162842,68.87999725341797,0,0,0,True,,,,
1776197879,763792379,,11.739999771118164,0.0,0.0,0.0,0.0,1.7999999523162842,68.87999725341797,0,0,0,True,,,,
1776197879,813814098,,11.75999927520752,0.0,0.0,0.0,0.0,1.7999999523162842,70.0,0,0,0,True,,,,
1776197879,863750484,,11.739999771118164,0.0,0.0,0.0,0.0,1.7999999523162842,68.87999725341797,0,0,0,True,,,,
1776197879,913756296,,11.739999771118164,0.0,0.0,0.0,0.0,1.7999999523162842,68.87999725341797,0,0,0,True,,,,
1776197879,963768051,,11.739999771118164,0.0,0.0,0.0,0.0,1.7999999523162842,68.87999725341797,0,0,0,True,,,,
1776197880,13820695,,11.729999542236328,0.0,0.0,0.0,0.0,1.7999999523162842,68.33000183105469,0,0,0,True,,,,
1776197880,63770397,,11.739999771118164,0.0,0.0,0.0,0.0,1.7999999523162842,68.87999725341797,0,0,0,True,,,,
1776197880,113671395,,11.729999542236328,0.0,0.0,0.0,0.0,1.7999999523162842,68.33000183105469,0,0,0,True,,,,
1776197880,163789575,,11.739999771118164,0.0,0.0,0.0,0.0,1.7999999523162842,68.87999725341797,0,0,0,True,,,,
1776197880,214174270,,11.739999771118164,0.0,0.0,0.0,0.0,1.7999999523162842,68.87999725341797,0,0,0,True,,,,
1776197880,263930844,,11.739999771118164,0.0,0.0,0.0,0.0,1.7999999523162842,68.87999725341797,0,0,0,True,,,,
1776197880,313819824,,11.729999542236328,0.0,0.0,0.0,0.0,1.7999999523162842,68.33000183105469,0,0,0,True,,,,
1776197880,363820839,,11.729999542236328,0.0,0.0,0.0,0.0,1.7999999523162842,68.33000183105469,0,0,0,True,,,,
1776197880,413797021,,11.739999771118164,0.0,0.0,0.0,0.0,1.7999999523162842,68.87999725341797,0,0,0,True,,,,
1776197880,463730260,,11.729999542236328,0.0,0.0,0.0,0.0,1.7999999523162842,68.33000183105469,0,0,0,True,,,,
1776197880,513753164,,11.729999542236328,0.0,0.0,0.0,0.0,1.7999999523162842,68.33000183105469,0,0,0,True,,,,
1776197880,563755031,,11.729999542236328,0.0,0.0,0.0,0.0,1.7999999523162842,68.33000183105469,0,0,0,True,,,,
1776197880,613758083,,11.75999927520752,0.0,0.0,0.0,0.0,1.7999999523162842,70.0,0,0,0,True,,,,
1776197880,663762635,,11.739999771118164,0.0,0.0,0.0,0.0,1.7999999523162842,68.87999725341797,0,0,0,True,,,,
1776197880,713778669,,11.75999927520752,0.0,0.0,0.0,0.0,1.7999999523162842,70.0,0,0,0,True,,,,
1776197880,763839646,,11.729999542236328,0.0,0.0,0.0,0.0,1.7999999523162842,68.33000183105469,0,0,0,True,,,,
1776197880,813800847,,11.739999771118164,0.0,0.0,0.0,0.0,1.7999999523162842,68.87999725341797,0,0,0,True,,,,
1776197880,863741659,,11.729999542236328,0.0,0.0,0.0,0.0,1.7999999523162842,68.33000183105469,0,0,0,True,,,,
1776197880,913794118,,11.739999771118164,0.0,0.0,0.0,0.0,1.7999999523162842,68.87999725341797,0,0,0,True,,,,
1776197880,963780948,,11.739999771118164,0.0,0.0,0.0,0.0,1.7999999523162842,68.87999725341797,0,0,0,True,,,,
1776197881,13774482,,11.739999771118164,0.0,0.0,0.0,0.0,1.7999999523162842,68.87999725341797,0,0,0,True,,,,
1776197881,63716554,,11.739999771118164,0.0,0.0,0.0,0.0,1.7999999523162842,68.87999725341797,0,0,0,True,,,,
1776197881,113785994,,11.739999771118164,0.0,0.0,0.0,0.0,1.7999999523162842,68.87999725341797,0,0,0,True,,,,
1776197881,163732769,,11.729999542236328,0.0,0.0,0.0,0.0,1.7999999523162842,68.33000183105469,0,0,0,True,,,,
1776197881,213797524,,11.729999542236328,0.0,0.0,0.0,0.0,1.7999999523162842,68.33000183105469,0,0,0,True,,,,
1776197881,263764725,,11.739999771118164,0.0,0.0,0.0,0.0,1.7999999523162842,68.87999725341797,0,0,0,True,,,,
1776197881,313744630,,11.729999542236328,0.0,0.0,0.0,0.0,1.7999999523162842,68.33000183105469,0,0,0,True,,,,
1776197881,363773626,,11.739999771118164,0.0,0.0,0.0,0.0,1.7999999523162842,68.87999725341797,0,0,0,True,,,,
1776197881,413828455,,11.729999542236328,0.0,0.0,0.0,0.0,1.7999999523162842,68.33000183105469,0,0,0,True,,,,
1776197881,463708435,,11.739999771118164,0.0,0.0,0.0,0.0,1.7999999523162842,68.87999725341797,0,0,0,True,,,,
1776197881,513735672,,11.739999771118164,0.0,0.0,0.0,0.0,1.7999999523162842,68.87999725341797,0,0,0,True,,,,
1776197881,563708614,,11.75999927520752,0.0,0.0,0.0,0.0,1.7999999523162842,70.0,0,0,0,True,,,,
1776197881,613752036,,11.729999542236328,0.0,0.0,0.0,0.0,1.7999999523162842,68.33000183105469,0,0,0,True,,,,
1776197881,663702885,,11.739999771118164,0.0,0.0,0.0,0.0,1.7999999523162842,68.87999725341797,0,0,0,True,,,,
1776197881,713714289,,11.729999542236328,0.0,0.0,0.0,0.0,1.7999999523162842,68.33000183105469,0,0,0,True,,,,
1776197881,763759174,,11.739999771118164,0.0,0.0,0.0,0.0,1.7999999523162842,68.87999725341797,0,0,0,True,,,,
1776197881,813731152,,11.739999771118164,0.0,0.0,0.0,0.0,1.7999999523162842,68.87999725341797,0,0,0,True,,,,
1776197881,863721297,,11.729999542236328,0.0,0.0,0.0,0.0,1.7999999523162842,68.33000183105469,0,0,0,True,,,,
1776197881,913837867,,11.739999771118164,0.0,0.0,0.0,0.0,1.7999999523162842,68.87999725341797,0,0,0,True,,,,
1776197881,963693921,,11.729999542236328,0.0,0.0,0.0,0.0,1.7999999523162842,68.33000183105469,0,0,0,True,,,,
1776197882,13733843,,11.739999771118164,0.0,0.0,0.0,0.0,1.7999999523162842,68.87999725341797,0,0,0,True,,,,
1776197882,63726340,,11.75999927520752,0.0,0.0,0.0,0.0,1.7999999523162842,70.0,0,0,0,True,,,,
1776197882,113727318,,11.729999542236328,0.0,0.0,0.0,0.0,1.7999999523162842,68.33000183105469,0,0,0,True,,,,
1776197882,163698371,,11.729999542236328,0.0,0.0,0.0,0.0,1.7999999523162842,68.33000183105469,0,0,0,True,,,,
1776197882,213723497,,11.729999542236328,0.0,0.0,0.0,0.0,1.7999999523162842,68.33000183105469,0,0,0,True,,,,
1776197882,263732549,,11.729999542236328,0.0,0.0,0.0,0.0,1.7999999523162842,68.33000183105469,0,0,0,True,,,,
1776197882,313805044,,11.729999542236328,0.0,0.0,0.0,0.0,1.7999999523162842,68.33000183105469,0,0,0,True,,,,
1776197882,363716505,,11.729999542236328,0.0,0.0,0.0,0.0,1.7999999523162842,68.33000183105469,0,0,0,True,,,,
1776197882,413723039,,11.729999542236328,0.0,0.0,0.0,0.0,1.7999999523162842,68.33000183105469,0,0,0,True,,,,
1776197882,463733573,,11.729999542236328,0.0,0.0,0.0,0.0,1.7999999523162842,68.33000183105469,0,0,0,True,,,,
1776197882,513715588,,11.729999542236328,0.0,0.0,0.0,0.0,1.7999999523162842,68.33000183105469,0,0,0,True,,,,
1776197882,563813750,,11.739999771118164,0.0,0.0,0.0,0.0,1.7999999523162842,68.87999725341797,0,0,0,True,,,,
1776197882,613713656,,11.729999542236328,0.0,0.0,0.0,0.0,1.7999999523162842,68.33000183105469,0,0,0,True,,,,
1776197882,663724819,,11.729999542236328,0.0,0.0,0.0,0.0,1.7999999523162842,68.33000183105469,0,0,0,True,,,,
1776197882,713728778,,11.739999771118164,0.0,0.0,0.0,0.0,1.7999999523162842,68.87999725341797,0,0,0,True,,,,
1776197882,763768201,,11.75999927520752,0.0,0.0,0.0,0.0,1.7999999523162842,70.0,0,0,0,True,,,,
1776197882,813752179,,11.739999771118164,0.0,0.0,0.0,0.0,1.7999999523162842,68.87999725341797,0,0,0,True,,,,
1776197882,863774990,,11.739999771118164,0.0,0.0,0.0,0.0,1.7999999523162842,68.87999725341797,0,0,0,True,,,,
1776197882,913758135,,11.729999542236328,0.0,0.0,0.0,0.0,1.7999999523162842,68.33000183105469,0,0,0,True,,,,
1776197882,963700855,,11.75999927520752,0.0,0.0,0.0,0.0,1.7999999523162842,70.0,0,0,0,True,,,,
1776197883,13754758,,11.710000038146973,0.0,0.0,0.0,0.0,1.7999999523162842,67.22000122070312,0,0,0,True,,,,
1776197883,63734052,,11.6899995803833,0.0,0.0,0.0,0.0,1.7999999523162842,66.11000061035156,0,0,0,True,,,,
1776197883,113774770,,11.710000038146973,0.0,0.0,0.0,0.0,1.7999999523162842,67.22000122070312,0,0,0,True,,,,
1776197883,163686138,,11.710000038146973,0.0,0.0,0.0,0.0,1.7999999523162842,67.22000122070312,0,0,0,True,,,,
1776197883,213783263,,11.729999542236328,0.0,0.0,0.0,0.0,1.7999999523162842,68.33000183105469,0,0,0,True,,,,
1776197883,263695058,,11.729999542236328,0.0,0.0,0.0,0.0,1.7999999523162842,68.33000183105469,0,0,0,True,,,,
1776197883,313732424,,11.729999542236328,0.0,0.0,0.0,0.0,1.7999999523162842,68.33000183105469,0,0,0,True,,,,
1776197883,363777531,,11.729999542236328,0.0,0.0,0.0,0.0,1.7999999523162842,68.33000183105469,0,0,0,True,,,,
1776197883,413721510,,11.729999542236328,0.0,0.0,0.0,0.0,1.7999999523162842,68.33000183105469,0,0,0,True,,,,
1776197883,463732544,,11.729999542236328,0.0,0.0,0.0,0.0,1.7999999523162842,68.33000183105469,0,0,0,True,,,,
1776197883,513706615,,11.729999542236328,0.0,0.0,0.0,0.0,1.7999999523162842,68.33000183105469,0,0,0,True,,,,
1776197883,563737241,,11.729999542236328,0.0,0.0,0.0,0.0,1.7999999523162842,68.33000183105469,0,0,0,True,,,,
1776197883,617495203,,11.739999771118164,0.0,0.0,0.0,0.0,1.7999999523162842,68.87999725341797,0,0,0,True,,,,
1776197883,663756530,,11.729999542236328,0.0,0.0,0.0,0.0,1.7999999523162842,68.33000183105469,0,0,0,True,,,,
1776197883,713793434,,11.729999542236328,0.0,0.0,0.0,0.0,1.7999999523162842,68.33000183105469,0,0,0,True,,,,
1776197883,763743024,,11.729999542236328,0.0,0.0,0.0,0.0,1.7999999523162842,68.33000183105469,0,0,0,True,,,,
1776197883,813753039,,11.710000038146973,0.0,0.0,0.0,0.0,1.7999999523162842,67.22000122070312,0,0,0,True,,,,
1776197883,863789887,,11.729999542236328,0.0,0.0,0.0,0.0,1.7999999523162842,68.33000183105469,0,0,0,True,,,,
1776197883,913729607,,11.729999542236328,0.0,0.0,0.0,0.0,1.7999999523162842,68.33000183105469,0,0,0,True,,,,
1776197883,963748955,,11.729999542236328,0.0,0.0,0.0,0.0,1.7999999523162842,68.33000183105469,0,0,0,True,,,,
1776197884,13703305,,11.729999542236328,0.0,0.0,0.0,0.0,1.7999999523162842,68.33000183105469,0,0,0,True,,,,
1776197884,63727393,,11.710000038146973,0.0,0.0,0.0,0.0,1.7999999523162842,67.22000122070312,0,0,0,True,,,,
1776197884,113721872,,11.729999542236328,0.0,0.0,0.0,0.0,1.7999999523162842,68.33000183105469,0,0,0,True,,,,
1776197884,163663017,,11.710000038146973,0.0,0.0,0.0,0.0,1.7999999523162842,67.22000122070312,0,0,0,True,,,,
1776197884,213760716,,11.729999542236328,0.0,0.0,0.0,0.0,1.7999999523162842,68.33000183105469,0,0,0,True,,,,
1776197884,263690936,,11.729999542236328,0.0,0.0,0.0,0.0,1.7999999523162842,68.33000183105469,0,0,0,True,,,,
1776197884,313703100,,11.729999542236328,0.0,0.0,0.0,0.0,1.7999999523162842,68.33000183105469,0,0,0,True,,,,
1776197884,363799151,,11.729999542236328,0.0,0.0,0.0,0.0,1.7999999523162842,68.33000183105469,0,0,0,True,,,,
1776197884,413727074,,11.729999542236328,0.0,0.0,0.0,0.0,1.7999999523162842,68.33000183105469,0,0,0,True,,,,
1776197884,463684609,,11.710000038146973,0.0,0.0,0.0,0.0,1.7999999523162842,67.22000122070312,0,0,0,True,,,,
1776197884,513693142,,11.739999771118164,0.0,0.0,0.0,0.0,1.7999999523162842,68.87999725341797,0,0,0,True,,,,
1776197884,563769656,,11.710000038146973,0.0,0.0,0.0,0.0,1.7999999523162842,67.22000122070312,0,0,0,True,,,,
1776197884,613692358,,11.729999542236328,0.0,0.0,0.0,0.0,1.7999999523162842,68.33000183105469,0,0,0,True,,,,
1776197884,663733928,,11.710000038146973,0.0,0.0,0.0,0.0,1.7999999523162842,67.22000122070312,0,0,0,True,,,,
1776197884,713852145,,11.710000038146973,0.0,0.0,0.0,0.0,1.7999999523162842,67.22000122070312,0,0,0,True,,,,
1776197884,763689144,,11.729999542236328,0.0,0.0,0.0,0.0,1.7999999523162842,68.33000183105469,0,0,0,True,,,,
1776197884,813746788,,11.729999542236328,0.0,0.0,0.0,0.0,1.7999999523162842,68.33000183105469,0,0,0,True,,,,
1776197884,863822765,,11.729999542236328,0.0,0.0,0.0,0.0,1.7999999523162842,68.33000183105469,0,0,0,True,,,,
1776197884,913789318,,11.729999542236328,0.0,0.0,0.0,0.0,1.7999999523162842,68.33000183105469,0,0,0,True,,,,
1776197884,963682409,,11.729999542236328,0.0,0.0,0.0,0.0,1.7999999523162842,68.33000183105469,0,0,0,True,,,,
1776197885,13765479,,11.729999542236328,0.0,0.0,0.0,0.0,1.7999999523162842,68.33000183105469,0,0,0,True,,,,
1776197885,63732050,,11.729999542236328,0.0,0.0,0.0,0.0,1.7999999523162842,68.33000183105469,0,0,0,True,,,,
1776197885,113736658,,11.710000038146973,0.0,0.0,0.0,0.0,1.7999999523162842,67.22000122070312,0,0,0,True,,,,
1776197885,163774895,,11.729999542236328,0.0,0.0,0.0,0.0,1.7999999523162842,68.33000183105469,0,0,0,True,,,,
1776197885,213780928,,11.710000038146973,0.0,0.0,0.0,0.0,1.7999999523162842,67.22000122070312,0,0,0,True,,,,
1776197885,263738148,,11.729999542236328,0.0,0.0,0.0,0.0,1.7999999523162842,68.33000183105469,0,0,0,True,,,,
1776197885,313652646,,11.729999542236328,0.0,0.0,0.0,0.0,1.7999999523162842,68.33000183105469,0,0,0,True,,,,
1776197885,363706771,,11.729999542236328,0.0,0.0,0.0,0.0,1.7999999523162842,68.33000183105469,0,0,0,True,,,,
1776197885,413751878,,11.729999542236328,0.0,0.0,0.0,0.0,1.7999999523162842,68.33000183105469,0,0,0,True,,,,
1776197885,463664932,,11.6899995803833,0.0,0.0,0.0,0.0,1.7999999523162842,66.11000061035156,0,0,0,True,,,,
1776197885,513716576,,11.710000038146973,0.0,0.0,0.0,0.0,1.7999999523162842,67.22000122070312,0,0,0,True,,,,
1776197885,563697647,,11.729999542236328,0.0,0.0,0.0,0.0,1.7999999523162842,68.33000183105469,0,0,0,True,,,,
1776197885,613690162,,11.729999542236328,0.0,0.0,0.0,0.0,1.7999999523162842,68.33000183105469,0,0,0,True,,,,
1776197885,663668326,,11.710000038146973,0.0,0.0,0.0,0.0,1.7999999523162842,67.22000122070312,0,0,0,True,,,,
1776197885,713810525,,11.710000038146973,0.0,0.0,0.0,0.0,1.7999999523162842,67.22000122070312,0,0,0,True,,,,
1776197885,763679245,,11.710000038146973,0.0,0.0,0.0,0.0,1.7999999523162842,67.22000122070312,0,0,0,True,,,,
1776197885,813673076,,11.729999542236328,0.0,0.0,0.0,0.0,1.7999999523162842,68.33000183105469,0,0,0,True,,,,
1776197885,863722720,,11.710000038146973,0.0,0.0,0.0,0.0,1.7999999523162842,67.22000122070312,0,0,0,True,,,,
1776197885,913716587,,11.710000038146973,0.0,0.0,0.0,0.0,1.7999999523162842,67.22000122070312,0,0,0,True,,,,
1776197885,963824304,,11.710000038146973,0.0,0.0,0.0,0.0,1.7999999523162842,67.22000122070312,0,0,0,True,,,,
1776197886,13695321,,11.729999542236328,0.0,0.0,0.0,0.0,1.7999999523162842,68.33000183105469,0,0,0,True,,,,
1776197886,63751243,,11.710000038146973,0.0,0.0,0.0,0.0,1.7999999523162842,67.22000122070312,0,0,0,True,,,,
1776197886,113669741,,11.6899995803833,0.0,0.0,0.0,0.0,1.7999999523162842,66.11000061035156,0,0,0,True,,,,
1776197886,163703626,,11.729999542236328,0.0,0.0,0.0,0.0,1.7999999523162842,68.33000183105469,0,0,0,True,,,,
1776197886,213697549,,11.710000038146973,0.0,0.0,0.0,0.0,1.7999999523162842,67.22000122070312,0,0,0,True,,,,
1776197886,263709120,,11.710000038146973,0.0,0.0,0.0,0.0,1.7999999523162842,67.22000122070312,0,0,0,True,,,,
1776197886,314850619,,11.710000038146973,0.0,0.0,0.0,0.0,1.7999999523162842,67.22000122070312,0,0,0,True,,,,
1776197886,363669262,,11.729999542236328,0.0,0.0,0.0,0.0,1.7999999523162842,68.33000183105469,0,0,0,True,,,,
1776197886,413753479,,11.729999542236328,0.0,0.0,0.0,0.0,1.7999999523162842,68.33000183105469,0,0,0,True,,,,
1776197886,463694736,,11.710000038146973,0.0,0.0,0.0,0.0,1.7999999523162842,67.22000122070312,0,0,0,True,,,,
1776197886,513683844,,11.710000038146973,0.0,0.0,0.0,0.0,1.7999999523162842,67.22000122070312,0,0,0,True,,,,
1776197886,563665397,,11.729999542236328,0.0,0.0,0.0,0.0,1.7999999523162842,68.33000183105469,0,0,0,True,,,,
1776197886,613685264,,11.729999542236328,0.0,0.0,0.0,0.0,1.7999999523162842,68.33000183105469,0,0,0,True,,,,
1776197886,663683612,,11.710000038146973,0.0,0.0,0.0,0.0,1.7999999523162842,67.22000122070312,0,0,0,True,,,,
1776197886,713654443,,11.710000038146973,0.0,0.0,0.0,0.0,1.7999999523162842,67.22000122070312,0,0,0,True,,,,
1776197886,763698846,,11.729999542236328,0.0,0.0,0.0,0.0,1.7999999523162842,68.33000183105469,0,0,0,True,,,,
1776197886,814884178,,11.729999542236328,0.0,0.0,0.0,0.0,1.7999999523162842,68.33000183105469,0,0,0,True,,,,
1776197886,863683747,,11.729999542236328,0.0,0.0,0.0,0.0,1.7999999523162842,68.33000183105469,0,0,0,True,,,,
1776197886,913719614,,11.710000038146973,0.0,0.0,0.0,0.0,1.7999999523162842,67.22000122070312,0,0,0,True,,,,
1776197886,963649722,,11.729999542236328,0.0,0.0,0.0,0.0,1.7999999523162842,68.33000183105469,0,0,0,True,,,,
1776197887,13677867,,11.729999542236328,0.0,0.0,0.0,0.0,1.7999999523162842,68.33000183105469,0,0,0,True,,,,
1776197887,63688789,,11.729999542236328,0.0,0.0,0.0,0.0,1.7999999523162842,68.33000183105469,0,0,0,True,,,,
1776197887,113719397,,11.710000038146973,0.0,0.0,0.0,0.0,1.7999999523162842,67.22000122070312,0,0,0,True,,,,
1776197887,163674765,,11.729999542236328,0.0,0.0,0.0,0.0,1.7999999523162842,68.33000183105469,0,0,0,True,,,,
1776197887,213713909,,11.75999927520752,0.0,0.0,0.0,0.0,1.7999999523162842,70.0,0,0,0,True,,,,
1776197887,263650851,,11.739999771118164,0.0,0.0,0.0,0.0,1.7999999523162842,68.87999725341797,0,0,0,True,,,,
1776197887,313680125,,11.729999542236328,0.0,0.0,0.0,0.0,1.7999999523162842,68.33000183105469,0,0,0,True,,,,
1776197887,363704140,,11.739999771118164,0.0,0.0,0.0,0.0,1.7999999523162842,68.87999725341797,0,0,0,True,,,,
1776197887,413697933,,11.739999771118164,0.0,0.0,0.0,0.0,1.7999999523162842,68.87999725341797,0,0,0,True,,,,
1776197887,463641838,,11.710000038146973,0.0,0.0,0.0,0.0,1.7999999523162842,67.22000122070312,0,0,0,True,,,,
1776197887,513671630,,11.729999542236328,0.0,0.0,0.0,0.0,1.7999999523162842,68.33000183105469,0,0,0,True,,,,
1776197887,563750978,,11.729999542236328,0.0,0.0,0.0,0.0,1.7999999523162842,68.33000183105469,0,0,0,True,,,,
1776197887,613699031,,11.739999771118164,0.0,0.0,0.0,0.0,1.7999999523162842,68.87999725341797,0,0,0,True,,,,
1776197887,663727453,,11.710000038146973,0.0,0.0,0.0,0.0,1.7999999523162842,67.22000122070312,0,0,0,True,,,,
1776197887,713728024,,11.710000038146973,0.0,0.0,0.0,0.0,1.7999999523162842,67.22000122070312,0,0,0,True,,,,
1776197887,763649318,,11.729999542236328,0.0,0.0,0.0,0.0,1.7999999523162842,68.33000183105469,0,0,0,True,,,,
1776197887,813667833,,11.729999542236328,0.0,0.0,0.0,0.0,1.7999999523162842,68.33000183105469,0,0,0,True,,,,
1776197887,863710551,,11.710000038146973,0.0,0.0,0.0,0.0,1.7999999523162842,67.22000122070312,0,0,0,True,,,,
1776197887,913704956,,11.729999542236328,0.0,0.0,0.0,0.0,1.7999999523162842,68.33000183105469,0,0,0,True,,,,
1776197887,963646583,,11.739999771118164,0.0,0.0,0.0,0.0,1.7999999523162842,68.87999725341797,0,0,0,True,,,,
1776197888,13672357,,11.729999542236328,0.0,0.0,0.0,0.0,1.7999999523162842,68.33000183105469,0,0,0,True,,,,
1776197888,63643984,,11.729999542236328,0.0,0.0,0.0,0.0,1.7999999523162842,68.33000183105469,0,0,0,True,,,,
1776197888,113625369,,11.729999542236328,0.0,0.0,0.0,0.0,1.7999999523162842,68.33000183105469,0,0,0,True,,,,
1776197888,163732661,,11.739999771118164,0.0,0.0,0.0,0.0,1.7999999523162842,68.87999725341797,0,0,0,True,,,,
1776197888,213622993,,11.739999771118164,0.0,0.0,0.0,0.0,1.7999999523162842,68.87999725341797,0,0,0,True,,,,
1776197888,263645933,,11.729999542236328,0.0,0.0,0.0,0.0,1.7999999523162842,68.33000183105469,0,0,0,True,,,,
1776197888,313700929,,11.739999771118164,0.0,0.0,0.0,0.0,1.7999999523162842,68.87999725341797,0,0,0,True,,,,
1776197888,363690241,,11.739999771118164,0.0,0.0,0.0,0.0,1.7999999523162842,68.87999725341797,0,0,0,True,,,,
1776197888,413654423,,11.729999542236328,0.0,0.0,0.0,0.0,1.7999999523162842,68.33000183105469,0,0,0,True,,,,
1776197888,463644680,,11.739999771118164,0.0,0.0,0.0,0.0,1.7999999523162842,68.87999725341797,0,0,0,True,,,,
1776197888,513658639,,11.739999771118164,0.0,0.0,0.0,0.0,1.7999999523162842,68.87999725341797,0,0,0,True,,,,
1776197888,563652173,,11.729999542236328,0.0,0.0,0.0,0.0,1.7999999523162842,68.33000183105469,0,0,0,True,,,,
1776197888,613626411,,11.729999542236328,0.0,0.0,0.0,0.0,1.7999999523162842,68.33000183105469,0,0,0,True,,,,
1776197888,663623111,,11.729999542236328,0.0,0.0,0.0,0.0,1.7999999523162842,68.33000183105469,0,0,0,True,,,,
1776197888,713633219,,11.729999542236328,0.0,0.0,0.0,0.0,1.7999999523162842,68.33000183105469,0,0,0,True,,,,
1776197888,763623419,,11.729999542236328,0.0,0.0,0.0,0.0,1.7999999523162842,68.33000183105469,0,0,0,True,,,,
1776197888,813551473,,11.729999542236328,0.0,0.0,0.0,0.0,1.7999999523162842,68.33000183105469,0,0,0,True,,,,
1776197888,863623431,,11.729999542236328,0.0,0.0,0.0,0.0,1.7999999523162842,68.33000183105469,0,0,0,True,,,,
1776197888,913626465,,11.729999542236328,0.0,0.0,0.0,0.0,1.7999999523162842,68.33000183105469,0,0,0,True,,,,
1776197888,963636184,,11.729999542236328,0.0,0.0,0.0,0.0,1.7999999523162842,68.33000183105469,0,0,0,True,,,,
1776197889,13615996,,11.729999542236328,0.0,0.0,0.0,0.0,1.7999999523162842,68.33000183105469,0,0,0,True,,,,
1776197889,63622159,,11.729999542236328,0.0,0.0,0.0,0.0,1.7999999523162842,68.33000183105469,0,0,0,True,,,,
1776197889,113723821,,11.739999771118164,0.0,0.0,0.0,0.0,1.7999999523162842,68.87999725341797,0,0,0,True,,,,
1776197889,163719077,,11.75999927520752,0.0,0.0,0.0,0.0,1.7999999523162842,70.0,0,0,0,True,,,,
1776197889,213668056,,11.729999542236328,0.0,0.0,0.0,0.0,1.7999999523162842,68.33000183105469,0,0,0,True,,,,
1776197889,263636794,,11.75999927520752,0.0,0.0,0.0,0.0,1.7999999523162842,70.0,0,0,0,True,,,,
1776197889,313611365,,11.75999927520752,0.0,0.0,0.0,0.0,1.7999999523162842,70.0,0,0,0,True,,,,
1776197889,363690379,,11.739999771118164,0.0,0.0,0.0,0.0,1.7999999523162842,68.87999725341797,0,0,0,True,,,,
1776197889,413665320,,11.739999771118164,0.0,0.0,0.0,0.0,1.7999999523162842,68.87999725341797,0,0,0,True,,,,
1776197889,463670428,,11.739999771118164,0.0,0.0,0.0,0.0,1.7999999523162842,68.87999725341797,0,0,0,True,,,,
1776197889,513653758,,11.739999771118164,0.0,0.0,0.0,0.0,1.7999999523162842,68.87999725341797,0,0,0,True,,,,
1776197889,563608515,,11.739999771118164,0.0,0.0,0.0,0.0,1.7999999523162842,68.87999725341797,0,0,0,True,,,,
1776197889,613671418,,11.75999927520752,0.0,0.0,0.0,0.0,1.7999999523162842,70.0,0,0,0,True,,,,
1776197889,663657415,,11.739999771118164,0.0,0.0,0.0,0.0,1.7999999523162842,68.87999725341797,0,0,0,True,,,,
1776197889,713725874,,11.739999771118164,0.0,0.0,0.0,0.0,1.7999999523162842,68.87999725341797,0,0,0,True,,,,
1776197889,763615835,,11.739999771118164,0.0,0.0,0.0,0.0,1.7999999523162842,68.87999725341797,0,0,0,True,,,,
1776197889,813659553,,11.739999771118164,0.0,0.0,0.0,0.0,1.7999999523162842,68.87999725341797,0,0,0,True,,,,
1776197889,863617884,,11.75999927520752,0.0,0.0,0.0,0.0,1.7999999523162842,70.0,0,0,0,True,,,,
1776197889,913643306,,11.739999771118164,0.0,0.0,0.0,0.0,1.7999999523162842,68.87999725341797,0,0,0,True,,,,
1776197889,963621452,,11.739999771118164,0.0,0.0,0.0,0.0,1.7999999523162842,68.87999725341797,0,0,0,True,,,,
1776197890,13710891,,11.75999927520752,0.0,0.0,0.0,0.0,1.7999999523162842,70.0,0,0,0,True,,,,
1776197890,63684796,,11.739999771118164,0.0,0.0,0.0,0.0,1.7999999523162842,68.87999725341797,0,0,0,True,,,,
1776197890,113705218,,11.739999771118164,0.0,0.0,0.0,0.0,1.7999999523162842,68.87999725341797,0,0,0,True,,,,
1776197890,163650031,,11.739999771118164,0.0,0.0,0.0,0.0,1.7999999523162842,68.87999725341797,0,0,0,True,,,,
1776197890,214443775,,11.739999771118164,0.0,0.0,0.0,0.0,1.7999999523162842,68.87999725341797,0,0,0,True,,,,
1776197890,263644209,,11.75999927520752,0.0,0.0,0.0,0.0,1.7999999523162842,70.0,0,0,0,True,,,,
1776197890,313614336,,11.739999771118164,0.0,0.0,0.0,0.0,1.7999999523162842,68.87999725341797,0,0,0,True,,,,
1776197890,363709109,,11.739999771118164,0.0,0.0,0.0,0.0,1.7999999523162842,68.87999725341797,0,0,0,True,,,,
1776197890,413653088,,11.739999771118164,0.0,0.0,0.0,0.0,1.7999999523162842,68.87999725341797,0,0,0,True,,,,
1776197890,463594660,,11.729999542236328,0.0,0.0,0.0,0.0,1.7999999523162842,68.33000183105469,0,0,0,True,,,,
1776197890,513737858,,11.739999771118164,0.0,0.0,0.0,0.0,1.7999999523162842,68.87999725341797,0,0,0,True,,,,
1776197890,563588450,,11.739999771118164,0.0,0.0,0.0,0.0,1.7999999523162842,68.87999725341797,0,0,0,True,,,,
1776197890,613614724,,11.75999927520752,0.0,0.0,0.0,0.0,1.7999999523162842,70.0,0,0,0,True,,,,
1776197890,663693979,,11.75999927520752,0.0,0.0,0.0,0.0,1.7999999523162842,70.0,0,0,0,True,,,,
1776197890,713531737,,11.75999927520752,0.0,0.0,0.0,0.0,1.7999999523162842,70.0,0,0,0,True,,,,
1776197890,763660139,,11.75999927520752,0.0,0.0,0.0,0.0,1.7999999523162842,70.0,0,0,0,True,,,,
1776197890,813603803,,11.739999771118164,0.0,0.0,0.0,0.0,1.7999999523162842,68.87999725341797,0,0,0,True,,,,
1776197890,863694558,,11.75999927520752,0.0,0.0,0.0,0.0,1.7999999523162842,70.0,0,0,0,True,,,,
1776197890,913609556,,11.710000038146973,0.0,0.0,0.0,0.0,1.7999999523162842,67.22000122070312,0,0,0,True,,,,
1776197890,963630089,,11.710000038146973,0.0,0.0,0.0,0.0,1.7999999523162842,67.22000122070312,0,0,0,True,,,,
1776197891,13670530,,11.710000038146973,0.0,0.0,0.0,0.0,1.7999999523162842,67.22000122070312,0,0,0,True,,,,
1776197891,63630861,,11.6899995803833,0.0,0.0,0.0,0.0,1.7999999523162842,66.11000061035156,0,0,0,True,,,,
1776197891,113641542,,11.710000038146973,0.0,0.0,0.0,0.0,1.7999999523162842,67.22000122070312,0,0,0,True,,,,
1776197891,163604040,,11.710000038146973,0.0,0.0,0.0,0.0,1.7999999523162842,67.22000122070312,0,0,0,True,,,,
1776197891,213584685,,11.729999542236328,0.0,0.0,0.0,0.0,1.7999999523162842,68.33000183105469,0,0,0,True,,,,
1776197891,263629088,,11.739999771118164,0.0,0.0,0.0,0.0,1.7999999523162842,68.87999725341797,0,0,0,True,,,,
1776197891,313594974,,11.729999542236328,0.0,0.0,0.0,0.0,1.7999999523162842,68.33000183105469,0,0,0,True,,,,
1776197891,363708784,,11.729999542236328,0.0,0.0,0.0,0.0,1.7999999523162842,68.33000183105469,0,0,0,True,,,,
1776197891,413592283,,11.729999542236328,0.0,0.0,0.0,0.0,1.7999999523162842,68.33000183105469,0,0,0,True,,,,
1776197891,463585687,,11.729999542236328,0.0,0.0,0.0,0.0,1.7999999523162842,68.33000183105469,0,0,0,True,,,,
1776197891,513705960,,11.729999542236328,0.0,0.0,0.0,0.0,1.7999999523162842,68.33000183105469,0,0,0,True,,,,
1776197891,563590569,,11.729999542236328,0.0,0.0,0.0,0.0,1.7999999523162842,68.33000183105469,0,0,0,True,,,,
1776197891,613593788,,11.729999542236328,0.0,0.0,0.0,0.0,1.7999999523162842,68.33000183105469,0,0,0,True,,,,
1776197891,663609247,,11.729999542236328,0.0,0.0,0.0,0.0,1.7999999523162842,68.33000183105469,0,0,0,True,,,,
1776197891,713595578,,11.729999542236328,0.0,0.0,0.0,0.0,1.7999999523162842,68.33000183105469,0,0,0,True,,,,
1776197891,763623074,,11.739999771118164,0.0,0.0,0.0,0.0,1.7999999523162842,68.87999725341797,0,0,0,True,,,,
1776197891,813537368,,11.729999542236328,0.0,0.0,0.0,0.0,1.7999999523162842,68.33000183105469,0,0,0,True,,,,
1776197891,863650900,,11.739999771118164,0.0,0.0,0.0,0.0,1.7999999523162842,68.87999725341797,0,0,0,True,,,,
1776197891,913631064,,11.739999771118164,0.0,0.0,0.0,0.0,1.7999999523162842,68.87999725341797,0,0,0,True,,,,
1776197891,963615135,,11.729999542236328,0.0,0.0,0.0,0.0,1.7999999523162842,68.33000183105469,0,0,0,True,,,,
1776197892,13751185,,11.729999542236328,0.0,0.0,0.0,0.0,1.7999999523162842,68.33000183105469,0,0,0,True,,,,
1776197892,63586258,,11.729999542236328,0.0,0.0,0.0,0.0,1.7999999523162842,68.33000183105469,0,0,0,True,,,,
1776197892,113602459,,11.729999542236328,0.0,0.0,0.0,0.0,1.7999999523162842,68.33000183105469,0,0,0,True,,,,
1776197892,163619733,,11.729999542236328,0.0,0.0,0.0,0.0,1.7999999523162842,68.33000183105469,0,0,0,True,,,,
1776197892,213639433,,11.710000038146973,0.0,0.0,0.0,0.0,1.7999999523162842,67.22000122070312,0,0,0,True,,,,
1776197892,263609930,,11.729999542236328,0.0,0.0,0.0,0.0,1.7999999523162842,68.33000183105469,0,0,0,True,,,,
1776197892,313621130,,11.729999542236328,0.0,0.0,0.0,0.0,1.7999999523162842,68.33000183105469,0,0,0,True,,,,
1776197892,363642145,,11.710000038146973,0.0,0.0,0.0,0.0,1.7999999523162842,67.22000122070312,0,0,0,True,,,,
1776197892,413577013,,11.710000038146973,0.0,0.0,0.0,0.0,1.7999999523162842,67.22000122070312,0,0,0,True,,,,
1776197892,463579084,,11.729999542236328,0.0,0.0,0.0,0.0,1.7999999523162842,68.33000183105469,0,0,0,True,,,,
1776197892,513594599,,11.710000038146973,0.0,0.0,0.0,0.0,1.7999999523162842,67.22000122070312,0,0,0,True,,,,
1776197892,563603651,,11.729999542236328,0.0,0.0,0.0,0.0,1.7999999523162842,68.33000183105469,0,0,0,True,,,,
1776197892,613598389,,11.710000038146973,0.0,0.0,0.0,0.0,1.7999999523162842,67.22000122070312,0,0,0,True,,,,
1776197892,663678921,,11.729999542236328,0.0,0.0,0.0,0.0,1.7999999523162842,68.33000183105469,0,0,0,True,,,,
1776197892,713575420,,11.710000038146973,0.0,0.0,0.0,0.0,1.7999999523162842,67.22000122070312,0,0,0,True,,,,
1776197892,763553417,,11.729999542236328,0.0,0.0,0.0,0.0,1.7999999523162842,68.33000183105469,0,0,0,True,,,,
1776197892,813580913,,11.729999542236328,0.0,0.0,0.0,0.0,1.7999999523162842,68.33000183105469,0,0,0,True,,,,
1776197892,863598909,,11.710000038146973,0.0,0.0,0.0,0.0,1.7999999523162842,67.22000122070312,0,0,0,True,,,,
1776197892,913633498,,11.729999542236328,0.0,0.0,0.0,0.0,1.7999999523162842,68.33000183105469,0,0,0,True,,,,
1776197892,963555126,,11.729999542236328,0.0,0.0,0.0,0.0,1.7999999523162842,68.33000183105469,0,0,0,True,,,,
1776197893,13572567,,11.729999542236328,0.0,0.0,0.0,0.0,1.7999999523162842,68.33000183105469,0,0,0,True,,,,
1776197893,63673469,,11.729999542236328,0.0,0.0,0.0,0.0,1.7999999523162842,68.33000183105469,0,0,0,True,,,,
1776197893,113624948,,11.729999542236328,0.0,0.0,0.0,0.0,1.7999999523162842,68.33000183105469,0,0,0,True,,,,
1776197893,163675926,,11.729999542236328,0.0,0.0,0.0,0.0,1.7999999523162842,68.33000183105469,0,0,0,True,,,,
1776197893,213588553,,11.710000038146973,0.0,0.0,0.0,0.0,1.7999999523162842,67.22000122070312,0,0,0,True,,,,
1776197893,263610013,,11.729999542236328,0.0,0.0,0.0,0.0,1.7999999523162842,68.33000183105469,0,0,0,True,,,,
1776197893,313556103,,11.729999542236328,0.0,0.0,0.0,0.0,1.7999999523162842,68.33000183105469,0,0,0,True,,,,
1776197893,363586821,,11.729999542236328,0.0,0.0,0.0,0.0,1.7999999523162842,68.33000183105469,0,0,0,True,,,,
1776197893,413585299,,11.729999542236328,0.0,0.0,0.0,0.0,1.7999999523162842,68.33000183105469,0,0,0,True,,,,
1776197893,463606981,,11.729999542236328,0.0,0.0,0.0,0.0,1.7999999523162842,68.33000183105469,0,0,0,True,,,,
1776197893,513570774,,11.729999542236328,0.0,0.0,0.0,0.0,1.7999999523162842,68.33000183105469,0,0,0,True,,,,
1776197893,563631807,,11.729999542236328,0.0,0.0,0.0,0.0,1.7999999523162842,68.33000183105469,0,0,0,True,,,,
1776197893,613566675,,11.729999542236328,0.0,0.0,0.0,0.0,1.7999999523162842,68.33000183105469,0,0,0,True,,,,
1776197893,665075280,,11.729999542236328,0.0,0.0,0.0,0.0,1.7999999523162842,68.33000183105469,0,0,0,True,,,,
1776197893,713564910,,11.729999542236328,0.0,0.0,0.0,0.0,1.7999999523162842,68.33000183105469,0,0,0,True,,,,
1776197893,763588387,,11.729999542236328,0.0,0.0,0.0,0.0,1.7999999523162842,68.33000183105469,0,0,0,True,,,,
1776197893,818867995,,11.729999542236328,0.0,0.0,0.0,0.0,1.7999999523162842,68.33000183105469,0,0,0,True,,,,
1776197893,863644158,,11.729999542236328,0.0,0.0,0.0,0.0,1.7999999523162842,68.33000183105469,0,0,0,True,,,,
1776197893,913637821,,11.739999771118164,0.0,0.0,0.0,0.0,1.7999999523162842,68.87999725341797,0,0,0,True,,,,
1776197893,963581208,,11.729999542236328,0.0,0.0,0.0,0.0,1.7999999523162842,68.33000183105469,0,0,0,True,,,,
1776197894,13564927,,11.729999542236328,0.0,0.0,0.0,0.0,1.7999999523162842,68.33000183105469,0,0,0,True,,,,
1776197894,63552165,,11.729999542236328,0.0,0.0,0.0,0.0,1.7999999523162842,68.33000183105469,0,0,0,True,,,,
1776197894,113629660,,11.729999542236328,0.0,0.0,0.0,0.0,1.7999999523162842,68.33000183105469,0,0,0,True,,,,
1776197894,163556584,,11.729999542236328,0.0,0.0,0.0,0.0,1.7999999523162842,68.33000183105469,0,0,0,True,,,,
1776197894,213550099,,11.710000038146973,0.0,0.0,0.0,0.0,1.7999999523162842,67.22000122070312,0,0,0,True,,,,
1776197894,263574429,,11.729999542236328,0.0,0.0,0.0,0.0,1.7999999523162842,68.33000183105469,0,0,0,True,,,,
1776197894,313614388,,11.729999542236328,0.0,0.0,0.0,0.0,1.7999999523162842,68.33000183105469,0,0,0,True,,,,
1776197894,363630570,,11.729999542236328,0.0,0.0,0.0,0.0,1.7999999523162842,68.33000183105469,0,0,0,True,,,,
1776197894,413555216,,11.710000038146973,0.0,0.0,0.0,0.0,1.7999999523162842,67.22000122070312,0,0,0,True,,,,
1776197894,463576416,,11.729999542236328,0.0,0.0,0.0,0.0,1.7999999523162842,68.33000183105469,0,0,0,True,,,,
1776197894,513581357,,11.710000038146973,0.0,0.0,0.0,0.0,1.7999999523162842,67.22000122070312,0,0,0,True,,,,
1776197894,563571113,,11.729999542236328,0.0,0.0,0.0,0.0,1.7999999523162842,68.33000183105469,0,0,0,True,,,,
1776197894,613565906,,11.710000038146973,0.0,0.0,0.0,0.0,1.7999999523162842,67.22000122070312,0,0,0,True,,,,
1776197894,663581217,,11.729999542236328,0.0,0.0,0.0,0.0,1.7999999523162842,68.33000183105469,0,0,0,True,,,,
1776197894,713619250,,11.729999542236328,0.0,0.0,0.0,0.0,1.7999999523162842,68.33000183105469,0,0,0,True,,,,
1776197894,763554674,,11.729999542236328,0.0,0.0,0.0,0.0,1.7999999523162842,68.33000183105469,0,0,0,True,,,,
1776197894,813558763,,11.729999542236328,0.0,0.0,0.0,0.0,1.7999999523162842,68.33000183105469,0,0,0,True,,,,
1776197894,863546390,,11.729999542236328,0.0,0.0,0.0,0.0,1.7999999523162842,68.33000183105469,0,0,0,True,,,,
1776197894,913556405,,11.729999542236328,0.0,0.0,0.0,0.0,1.7999999523162842,68.33000183105469,0,0,0,True,,,,
1776197894,963662845,,11.729999542236328,0.0,0.0,0.0,0.0,1.7999999523162842,68.33000183105469,0,0,0,True,,,,
1776197895,13559195,,11.729999542236328,0.0,0.0,0.0,0.0,1.7999999523162842,68.33000183105469,0,0,0,True,,,,
1776197895,63566932,,11.710000038146973,0.0,0.0,0.0,0.0,1.7999999523162842,67.22000122070312,0,0,0,True,,,,
1776197895,113603558,,11.739999771118164,0.0,0.0,0.0,0.0,1.7999999523162842,68.87999725341797,0,0,0,True,,,,
1776197895,164021937,,11.75999927520752,0.0,0.0,0.0,0.0,1.7999999523162842,70.0,0,0,0,True,,,,
1776197895,213564755,,11.729999542236328,0.0,0.0,0.0,0.0,1.7999999523162842,68.33000183105469,0,0,0,True,,,,
1776197895,263516345,,11.729999542236328,0.0,0.0,0.0,0.0,1.7999999523162842,68.33000183105469,0,0,0,True,,,,
1776197895,313505898,,11.710000038146973,0.0,0.0,0.0,0.0,1.7999999523162842,67.22000122070312,0,0,0,True,,,,
1776197895,363522154,,11.729999542236328,0.0,0.0,0.0,0.0,1.7999999523162842,68.33000183105469,0,0,0,True,,,,
1776197895,413607112,,11.729999542236328,0.0,0.0,0.0,0.0,1.7999999523162842,68.33000183105469,0,0,0,True,,,,
1776197895,463558424,,11.729999542236328,0.0,0.0,0.0,0.0,1.7999999523162842,68.33000183105469,0,0,0,True,,,,
1776197895,513522014,,11.729999542236328,0.0,0.0,0.0,0.0,1.7999999523162842,68.33000183105469,0,0,0,True,,,,
1776197895,563557084,,11.710000038146973,0.0,0.0,0.0,0.0,1.7999999523162842,67.22000122070312,0,0,0,True,,,,
1776197895,613634524,,11.710000038146973,0.0,0.0,0.0,0.0,1.7999999523162842,67.22000122070312,0,0,0,True,,,,
1776197895,663521726,,11.729999542236328,0.0,0.0,0.0,0.0,1.7999999523162842,68.33000183105469,0,0,0,True,,,,
1776197895,713660462,,11.729999542236328,0.0,0.0,0.0,0.0,1.7999999523162842,68.33000183105469,0,0,0,True,,,,
1776197895,763569478,,11.729999542236328,0.0,0.0,0.0,0.0,1.7999999523162842,68.33000183105469,0,0,0,True,,,,
1776197895,813533105,,11.729999542236328,0.0,0.0,0.0,0.0,1.7999999523162842,68.33000183105469,0,0,0,True,,,,
1776197895,863629286,,11.739999771118164,0.0,0.0,0.0,0.0,1.7999999523162842,68.87999725341797,0,0,0,True,,,,
1776197895,913538469,,11.729999542236328,0.0,0.0,0.0,0.0,1.7999999523162842,68.33000183105469,0,0,0,True,,,,
1776197895,963527429,,11.729999542236328,0.0,0.0,0.0,0.0,1.7999999523162842,68.33000183105469,0,0,0,True,,,,
1776197896,13561425,,11.739999771118164,0.0,0.0,0.0,0.0,1.7999999523162842,68.87999725341797,0,0,0,True,,,,
1776197896,63531681,,11.729999542236328,0.0,0.0,0.0,0.0,1.7999999523162842,68.33000183105469,0,0,0,True,,,,
1776197896,113584455,,11.729999542236328,0.0,0.0,0.0,0.0,1.7999999523162842,68.33000183105469,0,0,0,True,,,,
1776197896,163575008,,11.739999771118164,0.0,0.0,0.0,0.0,1.7999999523162842,68.87999725341797,0,0,0,True,,,,
1776197896,213560004,,11.729999542236328,0.0,0.0,0.0,0.0,1.7999999523162842,68.33000183105469,0,0,0,True,,,,
1776197896,263547020,,11.739999771118164,0.0,0.0,0.0,0.0,1.7999999523162842,68.87999725341797,0,0,0,True,,,,
1776197896,313503628,,11.739999771118164,0.0,0.0,0.0,0.0,1.7999999523162842,68.87999725341797,0,0,0,True,,,,
1776197896,363592642,,11.729999542236328,0.0,0.0,0.0,0.0,1.7999999523162842,68.33000183105469,0,0,0,True,,,,
1776197896,413570491,,11.729999542236328,0.0,0.0,0.0,0.0,1.7999999523162842,68.33000183105469,0,0,0,True,,,,
1776197896,463552284,,11.729999542236328,0.0,0.0,0.0,0.0,1.7999999523162842,68.33000183105469,0,0,0,True,,,,
1776197896,513560503,,11.729999542236328,0.0,0.0,0.0,0.0,1.7999999523162842,68.33000183105469,0,0,0,True,,,,
1776197896,563478446,,11.739999771118164,0.0,0.0,0.0,0.0,1.7999999523162842,68.87999725341797,0,0,0,True,,,,
1776197896,613551275,,11.739999771118164,0.0,0.0,0.0,0.0,1.7999999523162842,68.87999725341797,0,0,0,True,,,,
1776197896,663530586,,11.729999542236328,0.0,0.0,0.0,0.0,1.7999999523162842,68.33000183105469,0,0,0,True,,,,
1776197896,713589879,,11.729999542236328,0.0,0.0,0.0,0.0,1.7999999523162842,68.33000183105469,0,0,0,True,,,,
1776197896,763535691,,11.739999771118164,0.0,0.0,0.0,0.0,1.7999999523162842,68.87999725341797,0,0,0,True,,,,
1776197896,813539095,,11.739999771118164,0.0,0.0,0.0,0.0,1.7999999523162842,68.87999725341797,0,0,0,True,,,,
1776197896,863593887,,11.729999542236328,0.0,0.0,0.0,0.0,1.7999999523162842,68.33000183105469,0,0,0,True,,,,
1776197896,913597699,,11.739999771118164,0.0,0.0,0.0,0.0,1.7999999523162842,68.87999725341797,0,0,0,True,,,,
1776197896,963501882,,11.729999542236328,0.0,0.0,0.0,0.0,1.7999999523162842,68.33000183105469,0,0,0,True,,,,
1776197897,13599562,,11.739999771118164,0.0,0.0,0.0,0.0,1.7999999523162842,68.87999725341797,0,0,0,True,,,,
1776197897,63522949,,11.729999542236328,0.0,0.0,0.0,0.0,1.7999999523162842,68.33000183105469,0,0,0,True,,,,
1776197897,113572501,,11.729999542236328,0.0,0.0,0.0,0.0,1.7999999523162842,68.33000183105469,0,0,0,True,,,,
1776197897,163610312,,11.729999542236328,0.0,0.0,0.0,0.0,1.7999999523162842,68.33000183105469,0,0,0,True,,,,
1776197897,213502217,,11.739999771118164,0.0,0.0,0.0,0.0,1.7999999523162842,68.87999725341797,0,0,0,True,,,,
1776197897,263608990,,11.729999542236328,0.0,0.0,0.0,0.0,1.7999999523162842,68.33000183105469,0,0,0,True,,,,
1776197897,313557377,,11.729999542236328,0.0,0.0,0.0,0.0,1.7999999523162842,68.33000183105469,0,0,0,True,,,,
1776197897,363541114,,11.729999542236328,0.0,0.0,0.0,0.0,1.7999999523162842,68.33000183105469,0,0,0,True,,,,
1776197897,413523111,,11.739999771118164,0.0,0.0,0.0,0.0,1.7999999523162842,68.87999725341797,0,0,0,True,,,,
1776197897,463495312,,11.739999771118164,0.0,0.0,0.0,0.0,1.7999999523162842,68.87999725341797,0,0,0,True,,,,
1776197897,513544641,,11.729999542236328,0.0,0.0,0.0,0.0,1.7999999523162842,68.33000183105469,0,0,0,True,,,,
1776197897,563556305,,11.729999542236328,0.0,0.0,0.0,0.0,1.7999999523162842,68.33000183105469,0,0,0,True,,,,
1776197897,613518265,,11.729999542236328,0.0,0.0,0.0,0.0,1.7999999523162842,68.33000183105469,0,0,0,True,,,,
1776197897,663500780,,11.729999542236328,0.0,0.0,0.0,0.0,1.7999999523162842,68.33000183105469,0,0,0,True,,,,
1776197897,713557573,,11.729999542236328,0.0,0.0,0.0,0.0,1.7999999523162842,68.33000183105469,0,0,0,True,,,,
1776197897,763574217,,11.739999771118164,0.0,0.0,0.0,0.0,1.7999999523162842,68.87999725341797,0,0,0,True,,,,
1776197897,813539066,,11.729999542236328,0.0,0.0,0.0,0.0,1.7999999523162842,68.33000183105469,0,0,0,True,,,,
1776197897,863501101,,11.729999542236328,0.0,0.0,0.0,0.0,1.7999999523162842,68.33000183105469,0,0,0,True,,,,
1776197897,913530189,,11.729999542236328,0.0,0.0,0.0,0.0,1.7999999523162842,68.33000183105469,0,0,0,True,,,,
1776197897,963536205,,11.729999542236328,0.0,0.0,0.0,0.0,1.7999999523162842,68.33000183105469,0,0,0,True,,,,
1776197898,13523183,,11.739999771118164,0.0,0.0,0.0,0.0,1.7999999523162842,68.87999725341797,0,0,0,True,,,,
1776197898,63521124,,11.739999771118164,0.0,0.0,0.0,0.0,1.7999999523162842,68.87999725341797,0,0,0,True,,,,
1776197898,113541991,,11.739999771118164,0.0,0.0,0.0,0.0,1.7999999523162842,68.87999725341797,0,0,0,True,,,,
1776197898,163537228,,11.729999542236328,0.0,0.0,0.0,0.0,1.7999999523162842,68.33000183105469,0,0,0,True,,,,
1776197898,213548355,,11.739999771118164,0.0,0.0,0.0,0.0,1.7999999523162842,68.87999725341797,0,0,0,True,,,,
1776197898,263564647,,11.729999542236328,0.0,0.0,0.0,0.0,1.7999999523162842,68.33000183105469,0,0,0,True,,,,
1776197898,313539885,,11.729999542236328,0.0,0.0,0.0,0.0,1.7999999523162842,68.33000183105469,0,0,0,True,,,,
1776197898,363532308,,11.729999542236328,0.0,0.0,0.0,0.0,1.7999999523162842,68.33000183105469,0,0,0,True,,,,
1776197898,413504083,,11.739999771118164,0.0,0.0,0.0,0.0,1.7999999523162842,68.87999725341797,0,0,0,True,,,,
1776197898,463491061,,11.729999542236328,0.0,0.0,0.0,0.0,1.7999999523162842,68.33000183105469,0,0,0,True,,,,
1776197898,513487799,,11.729999542236328,0.0,0.0,0.0,0.0,1.7999999523162842,68.33000183105469,0,0,0,True,,,,
1776197898,563437074,,11.729999542236328,0.0,0.0,0.0,0.0,1.7999999523162842,68.33000183105469,0,0,0,True,,,,
1776197898,613504996,,11.710000038146973,0.0,0.0,0.0,0.0,1.7999999523162842,67.22000122070312,0,0,0,True,,,,
1776197898,663481900,,11.729999542236328,0.0,0.0,0.0,0.0,1.7999999523162842,68.33000183105469,0,0,0,True,,,,
1776197898,713453119,,11.729999542236328,0.0,0.0,0.0,0.0,1.7999999523162842,68.33000183105469,0,0,0,True,,,,
1776197898,763484227,,11.729999542236328,0.0,0.0,0.0,0.0,1.7999999523162842,68.33000183105469,0,0,0,True,,,,
1776197898,813452113,,11.729999542236328,0.0,0.0,0.0,0.0,1.7999999523162842,68.33000183105469,0,0,0,True,,,,
1776197898,863476905,,11.710000038146973,0.0,0.0,0.0,0.0,1.7999999523162842,67.22000122070312,0,0,0,True,,,,
1776197898,913405625,,11.710000038146973,0.0,0.0,0.0,0.0,1.7999999523162842,67.22000122070312,0,0,0,True,,,,
1776197898,963481491,,11.710000038146973,0.0,0.0,0.0,0.0,1.7999999523162842,67.22000122070312,0,0,0,True,,,,
1776197899,13478377,,11.739999771118164,0.0,0.0,0.0,0.0,1.7999999523162842,68.87999725341797,0,0,0,True,,,,
1776197899,63482189,,11.710000038146973,0.0,0.0,0.0,0.0,1.7999999523162842,67.22000122070312,0,0,0,True,,,,
1776197899,113504944,,11.6899995803833,0.0,0.0,0.0,0.0,1.7999999523162842,66.11000061035156,0,0,0,True,,,,
1776197899,163500959,,11.6899995803833,0.0,0.0,0.0,0.0,1.7999999523162842,66.11000061035156,0,0,0,True,,,,
1776197899,213580677,,11.710000038146973,0.0,0.0,0.0,0.0,1.7999999523162842,67.22000122070312,0,0,0,True,,,,
1776197899,263515045,,11.710000038146973,0.0,0.0,0.0,0.0,1.7999999523162842,67.22000122070312,0,0,0,True,,,,
1776197899,313649225,,11.710000038146973,0.0,0.0,0.0,0.0,1.7999999523162842,67.22000122070312,0,0,0,True,,,,
1776197899,363557575,,11.710000038146973,0.0,0.0,0.0,0.0,1.7999999523162842,67.22000122070312,0,0,0,True,,,,
1776197899,413528776,,11.710000038146973,0.0,0.0,0.0,0.0,1.7999999523162842,67.22000122070312,0,0,0,True,,,,
1776197899,463458811,,11.729999542236328,0.0,0.0,0.0,0.0,1.7999999523162842,68.33000183105469,0,0,0,True,,,,
1776197899,513515807,,11.729999542236328,0.0,0.0,0.0,0.0,1.7999999523162842,68.33000183105469,0,0,0,True,,,,
1776197899,563551544,,11.729999542236328,0.0,0.0,0.0,0.0,1.7999999523162842,68.33000183105469,0,0,0,True,,,,
1776197899,613488115,,11.729999542236328,0.0,0.0,0.0,0.0,1.7999999523162842,68.33000183105469,0,0,0,True,,,,
1776197899,663473705,,11.710000038146973,0.0,0.0,0.0,0.0,1.7999999523162842,67.22000122070312,0,0,0,True,,,,
1776197899,713551497,,11.710000038146973,0.0,0.0,0.0,0.0,1.7999999523162842,67.22000122070312,0,0,0,True,,,,
1776197899,763526938,,11.710000038146973,0.0,0.0,0.0,0.0,1.7999999523162842,67.22000122070312,0,0,0,True,,,,
1776197899,813537842,,11.710000038146973,0.0,0.0,0.0,0.0,1.7999999523162842,67.22000122070312,0,0,0,True,,,,
1776197899,863554228,,11.710000038146973,0.0,0.0,0.0,0.0,1.7999999523162842,67.22000122070312,0,0,0,True,,,,
1776197899,913479540,,11.729999542236328,0.0,0.0,0.0,0.0,1.7999999523162842,68.33000183105469,0,0,0,True,,,,
1776197899,963507314,,11.729999542236328,0.0,0.0,0.0,0.0,1.7999999523162842,68.33000183105469,0,0,0,True,,,,
1776197900,13519922,,11.729999542236328,0.0,0.0,0.0,0.0,1.7999999523162842,68.33000183105469,0,0,0,True,,,,
1776197900,63510715,,11.710000038146973,0.0,0.0,0.0,0.0,1.7999999523162842,67.22000122070312,0,0,0,True,,,,
1776197900,113530248,,11.729999542236328,0.0,0.0,0.0,0.0,1.7999999523162842,68.33000183105469,0,0,0,True,,,,
1776197900,165688826,,11.710000038146973,0.0,0.0,0.0,0.0,1.7999999523162842,67.22000122070312,0,0,0,True,,,,
1776197900,213502039,,11.710000038146973,0.0,0.0,0.0,0.0,1.7999999523162842,67.22000122070312,0,0,0,True,,,,
1776197900,263539053,,11.710000038146973,0.0,0.0,0.0,0.0,1.7999999523162842,67.22000122070312,0,0,0,True,,,,
1776197900,313492495,,11.710000038146973,0.0,0.0,0.0,0.0,1.7999999523162842,67.22000122070312,0,0,0,True,,,,
1776197900,363521714,,11.710000038146973,0.0,0.0,0.0,0.0,1.7999999523162842,67.22000122070312,0,0,0,True,,,,
1776197900,413535043,,11.710000038146973,0.0,0.0,0.0,0.0,1.7999999523162842,67.22000122070312,0,0,0,True,,,,
1776197900,463516374,,11.710000038146973,0.0,0.0,0.0,0.0,1.7999999523162842,67.22000122070312,0,0,0,True,,,,
1776197900,513459816,,11.710000038146973,0.0,0.0,0.0,0.0,1.7999999523162842,67.22000122070312,0,0,0,True,,,,
1776197900,563480608,,11.710000038146973,0.0,0.0,0.0,0.0,1.7999999523162842,67.22000122070312,0,0,0,True,,,,
1776197900,613470587,,11.710000038146973,0.0,0.0,0.0,0.0,1.7999999523162842,67.22000122070312,0,0,0,True,,,,
1776197900,663473917,,11.710000038146973,0.0,0.0,0.0,0.0,1.7999999523162842,67.22000122070312,0,0,0,True,,,,
1776197900,713482432,,11.710000038146973,0.0,0.0,0.0,0.0,1.7999999523162842,67.22000122070312,0,0,0,True,,,,
1776197900,763513410,,11.710000038146973,0.0,0.0,0.0,0.0,1.7999999523162842,67.22000122070312,0,0,0,True,,,,
1776197900,813434759,,11.710000038146973,0.0,0.0,0.0,0.0,1.7999999523162842,67.22000122070312,0,0,0,True,,,,
1776197900,863462996,,11.710000038146973,0.0,0.0,0.0,0.0,1.7999999523162842,67.22000122070312,0,0,0,True,,,,
1776197900,913425179,,11.710000038146973,0.0,0.0,0.0,0.0,1.7999999523162842,67.22000122070312,0,0,0,True,,,,
1776197900,963500304,,11.710000038146973,0.0,0.0,0.0,0.0,1.7999999523162842,67.22000122070312,0,0,0,True,,,,
1776197901,13461838,,11.710000038146973,0.0,0.0,0.0,0.0,1.7999999523162842,67.22000122070312,0,0,0,True,,,,
1776197901,63470354,,11.729999542236328,0.0,0.0,0.0,0.0,1.7999999523162842,68.33000183105469,0,0,0,True,,,,
1776197901,113485757,,11.710000038146973,0.0,0.0,0.0,0.0,1.7999999523162842,67.22000122070312,0,0,0,True,,,,
1776197901,166846447,,11.710000038146973,0.0,0.0,0.0,0.0,1.7999999523162842,67.22000122070312,0,0,0,True,,,,
1776197901,213535435,,11.710000038146973,0.0,0.0,0.0,0.0,1.7999999523162842,67.22000122070312,0,0,0,True,,,,
1776197901,263554617,,11.710000038146973,0.0,0.0,0.0,0.0,1.7999999523162842,67.22000122070312,0,0,0,True,,,,
1776197901,313487207,,11.710000038146973,0.0,0.0,0.0,0.0,1.7999999523162842,67.22000122070312,0,0,0,True,,,,
1776197901,366929785,,11.710000038146973,0.0,0.0,0.0,0.0,1.7999999523162842,67.22000122070312,0,0,0,True,,,,
1776197901,413447479,,11.710000038146973,0.0,0.0,0.0,0.0,1.7999999523162842,67.22000122070312,0,0,0,True,,,,
1776197901,463455364,,11.710000038146973,0.0,0.0,0.0,0.0,1.7999999523162842,67.22000122070312,0,0,0,True,,,,
1776197901,513468250,,11.710000038146973,0.0,0.0,0.0,0.0,1.7999999523162842,67.22000122070312,0,0,0,True,,,,
1776197901,563479858,,11.710000038146973,0.0,0.0,0.0,0.0,1.7999999523162842,67.22000122070312,0,0,0,True,,,,
1776197901,613595242,,11.710000038146973,0.0,0.0,0.0,0.0,1.7999999523162842,67.22000122070312,0,0,0,True,,,,
1776197901,663474740,,11.710000038146973,0.0,0.0,0.0,0.0,1.7999999523162842,67.22000122070312,0,0,0,True,,,,
1776197901,713479625,,11.710000038146973,0.0,0.0,0.0,0.0,1.7999999523162842,67.22000122070312,0,0,0,True,,,,
1776197901,763571584,,11.710000038146973,0.0,0.0,0.0,0.0,1.7999999523162842,67.22000122070312,0,0,0,True,,,,
1776197901,813493267,,11.710000038146973,0.0,0.0,0.0,0.0,1.7999999523162842,67.22000122070312,0,0,0,True,,,,
1776197901,863468412,,11.710000038146973,0.0,0.0,0.0,0.0,1.7999999523162842,67.22000122070312,0,0,0,True,,,,
1776197901,913524723,,11.710000038146973,0.0,0.0,0.0,0.0,1.7999999523162842,67.22000122070312,0,0,0,True,,,,
1776197901,963455776,,11.710000038146973,0.0,0.0,0.0,0.0,1.7999999523162842,67.22000122070312,0,0,0,True,,,,
1776197902,13454476,,11.710000038146973,0.0,0.0,0.0,0.0,1.7999999523162842,67.22000122070312,0,0,0,True,,,,
1776197902,63488325,,11.710000038146973,0.0,0.0,0.0,0.0,1.7999999523162842,67.22000122070312,0,0,0,True,,,,
1776197902,113528561,,11.710000038146973,0.0,0.0,0.0,0.0,1.7999999523162842,67.22000122070312,0,0,0,True,,,,
1776197902,163479929,,11.710000038146973,0.0,0.0,0.0,0.0,1.7999999523162842,67.22000122070312,0,0,0,True,,,,
1776197902,213490092,,11.710000038146973,0.0,0.0,0.0,0.0,1.7999999523162842,67.22000122070312,0,0,0,True,,,,
1776197902,263454923,,11.710000038146973,0.0,0.0,0.0,0.0,1.7999999523162842,67.22000122070312,0,0,0,True,,,,
1776197902,313667843,,11.710000038146973,0.0,0.0,0.0,0.0,1.7999999523162842,67.22000122070312,0,0,0,True,,,,
1776197902,363554934,,11.710000038146973,0.0,0.0,0.0,0.0,1.7999999523162842,67.22000122070312,0,0,0,True,,,,
1776197902,414006165,,11.710000038146973,0.0,0.0,0.0,0.0,1.7999999523162842,67.22000122070312,0,0,0,True,,,,
1776197902,463499835,,11.710000038146973,0.0,0.0,0.0,0.0,1.7999999523162842,67.22000122070312,0,0,0,True,,,,
1776197902,513455573,,11.710000038146973,0.0,0.0,0.0,0.0,1.7999999523162842,67.22000122070312,0,0,0,True,,,,
1776197902,563432533,,11.710000038146973,0.0,0.0,0.0,0.0,1.7999999523162842,67.22000122070312,0,0,0,True,,,,
1776197902,613448419,,11.710000038146973,0.0,0.0,0.0,0.0,1.7999999523162842,67.22000122070312,0,0,0,True,,,,
1776197902,663435119,,11.710000038146973,0.0,0.0,0.0,0.0,1.7999999523162842,67.22000122070312,0,0,0,True,,,,
1776197902,713449190,,11.710000038146973,0.0,0.0,0.0,0.0,1.7999999523162842,67.22000122070312,0,0,0,True,,,,
1776197902,763476631,,11.710000038146973,0.0,0.0,0.0,0.0,1.7999999523162842,67.22000122070312,0,0,0,True,,,,
1776197902,813428054,,11.710000038146973,0.0,0.0,0.0,0.0,1.7999999523162842,67.22000122070312,0,0,0,True,,,,
1776197902,863510586,,11.710000038146973,0.0,0.0,0.0,0.0,1.7999999523162842,67.22000122070312,0,0,0,True,,,,
1776197902,913433566,,11.710000038146973,0.0,0.0,0.0,0.0,1.7999999523162842,67.22000122070312,0,0,0,True,,,,
1776197902,963458951,,11.710000038146973,0.0,0.0,0.0,0.0,1.7999999523162842,67.22000122070312,0,0,0,True,,,,
1776197903,13415911,,11.6899995803833,0.0,0.0,0.0,0.0,1.7999999523162842,66.11000061035156,0,0,0,True,,,,
1776197903,63454944,,11.710000038146973,0.0,0.0,0.0,0.0,1.7999999523162842,67.22000122070312,0,0,0,True,,,,
1776197903,113435571,,11.710000038146973,0.0,0.0,0.0,0.0,1.7999999523162842,67.22000122070312,0,0,0,True,,,,
1776197903,163429068,,11.710000038146973,0.0,0.0,0.0,0.0,1.7999999523162842,67.22000122070312,0,0,0,True,,,,
1776197903,213561896,,11.710000038146973,0.0,0.0,0.0,0.0,1.7999999523162842,67.22000122070312,0,0,0,True,,,,
1776197903,263548356,,11.710000038146973,0.0,0.0,0.0,0.0,1.7999999523162842,67.22000122070312,0,0,0,True,,,,
1776197903,313519816,,11.739999771118164,0.0,0.0,0.0,0.0,1.7999999523162842,68.87999725341797,0,0,0,True,,,,
1776197903,363484258,,11.729999542236328,0.0,0.0,0.0,0.0,1.7999999523162842,68.33000183105469,0,0,0,True,,,,
1776197903,413448070,,11.710000038146973,0.0,0.0,0.0,0.0,1.7999999523162842,67.22000122070312,0,0,0,True,,,,
1776197903,463445752,,11.729999542236328,0.0,0.0,0.0,0.0,1.7999999523162842,68.33000183105469,0,0,0,True,,,,
1776197903,513435526,,11.729999542236328,0.0,0.0,0.0,0.0,1.7999999523162842,68.33000183105469,0,0,0,True,,,,
1776197903,563458300,,11.710000038146973,0.0,0.0,0.0,0.0,1.7999999523162842,67.22000122070312,0,0,0,True,,,,
1776197903,613450316,,11.710000038146973,0.0,0.0,0.0,0.0,1.7999999523162842,67.22000122070312,0,0,0,True,,,,
1776197903,663462553,,11.729999542236328,0.0,0.0,0.0,0.0,1.7999999523162842,68.33000183105469,0,0,0,True,,,,
1776197903,713465735,,11.710000038146973,0.0,0.0,0.0,0.0,1.7999999523162842,67.22000122070312,0,0,0,True,,,,
1776197903,763438973,,11.729999542236328,0.0,0.0,0.0,0.0,1.7999999523162842,68.33000183105469,0,0,0,True,,,,
1776197903,813494117,,11.729999542236328,0.0,0.0,0.0,0.0,1.7999999523162842,68.33000183105469,0,0,0,True,,,,
1776197903,863246117,,11.729999542236328,0.0,0.0,0.0,0.0,1.7999999523162842,68.33000183105469,0,0,0,True,,,,
1776197903,913431889,,11.729999542236328,0.0,0.0,0.0,0.0,1.7999999523162842,68.33000183105469,0,0,0,True,,,,
1776197903,963443163,,11.739999771118164,0.0,0.0,0.0,0.0,1.7999999523162842,68.87999725341797,0,0,0,True,,,,
1776197904,13435697,,11.739999771118164,0.0,0.0,0.0,0.0,1.7999999523162842,68.87999725341797,0,0,0,True,,,,
1776197904,63447101,,11.729999542236328,0.0,0.0,0.0,0.0,1.7999999523162842,68.33000183105469,0,0,0,True,,,,
1776197904,113446061,,11.739999771118164,0.0,0.0,0.0,0.0,1.7999999523162842,68.87999725341797,0,0,0,True,,,,
1776197904,163197191,,11.739999771118164,0.0,0.0,0.0,0.0,1.7999999523162842,68.87999725341797,0,0,0,True,,,,
1776197904,213471961,,11.729999542236328,0.0,0.0,0.0,0.0,1.7999999523162842,68.33000183105469,0,0,0,True,,,,
1776197904,263456588,,11.729999542236328,0.0,0.0,0.0,0.0,1.7999999523162842,68.33000183105469,0,0,0,True,,,,
1776197904,313448233,,11.729999542236328,0.0,0.0,0.0,0.0,1.7999999523162842,68.33000183105469,0,0,0,True,,,,
1776197904,363441637,,11.729999542236328,0.0,0.0,0.0,0.0,1.7999999523162842,68.33000183105469,0,0,0,True,,,,
1776197904,413448782,,11.729999542236328,0.0,0.0,0.0,0.0,1.7999999523162842,68.33000183105469,0,0,0,True,,,,
1776197904,463420020,,11.739999771118164,0.0,0.0,0.0,0.0,1.7999999523162842,68.87999725341797,0,0,0,True,,,,
1776197904,513430090,,11.75999927520752,0.0,0.0,0.0,0.0,1.7999999523162842,70.0,0,0,0,True,,,,
1776197904,563421328,,11.729999542236328,0.0,0.0,0.0,0.0,1.7999999523162842,68.33000183105469,0,0,0,True,,,,
1776197904,613418843,,11.739999771118164,0.0,0.0,0.0,0.0,1.7999999523162842,68.87999725341797,0,0,0,True,,,,
1776197904,663453802,,11.739999771118164,0.0,0.0,0.0,0.0,1.7999999523162842,68.87999725341797,0,0,0,True,,,,
1776197904,713418707,,11.710000038146973,0.0,0.0,0.0,0.0,1.7999999523162842,67.22000122070312,0,0,0,True,,,,
1776197904,763437944,,11.739999771118164,0.0,0.0,0.0,0.0,1.7999999523162842,68.87999725341797,0,0,0,True,,,,
1776197904,813423774,,11.729999542236328,0.0,0.0,0.0,0.0,1.7999999523162842,68.33000183105469,0,0,0,True,,,,
1776197904,863498288,,11.729999542236328,0.0,0.0,0.0,0.0,1.7999999523162842,68.33000183105469,0,0,0,True,,,,
1776197904,913413231,,11.739999771118164,0.0,0.0,0.0,0.0,1.7999999523162842,68.87999725341797,0,0,0,True,,,,
1776197904,963533522,,11.739999771118164,0.0,0.0,0.0,0.0,1.7999999523162842,68.87999725341797,0,0,0,True,,,,
1776197905,13398632,,11.739999771118164,0.0,0.0,0.0,0.0,1.7999999523162842,68.87999725341797,0,0,0,True,,,,
1776197905,63414925,,11.739999771118164,0.0,0.0,0.0,0.0,1.7999999523162842,68.87999725341797,0,0,0,True,,,,
1776197905,113458180,,11.729999542236328,0.0,0.0,0.0,0.0,1.7999999523162842,68.33000183105469,0,0,0,True,,,,
1776197905,163444807,,11.729999542236328,0.0,0.0,0.0,0.0,1.7999999523162842,68.33000183105469,0,0,0,True,,,,
1776197905,213425507,,11.729999542236328,0.0,0.0,0.0,0.0,1.7999999523162842,68.33000183105469,0,0,0,True,,,,
1776197905,263444022,,11.729999542236328,0.0,0.0,0.0,0.0,1.7999999523162842,68.33000183105469,0,0,0,True,,,,
1776197905,313351779,,11.729999542236328,0.0,0.0,0.0,0.0,1.7999999523162842,68.33000183105469,0,0,0,True,,,,
1776197905,363548718,,11.729999542236328,0.0,0.0,0.0,0.0,1.7999999523162842,68.33000183105469,0,0,0,True,,,,
1776197905,413472030,,11.729999542236328,0.0,0.0,0.0,0.0,1.7999999523162842,68.33000183105469,0,0,0,True,,,,
1776197905,463427009,,11.729999542236328,0.0,0.0,0.0,0.0,1.7999999523162842,68.33000183105469,0,0,0,True,,,,
1776197905,513392173,,11.739999771118164,0.0,0.0,0.0,0.0,1.7999999523162842,68.87999725341797,0,0,0,True,,,,
1776197905,563575130,,11.739999771118164,0.0,0.0,0.0,0.0,1.7999999523162842,68.87999725341797,0,0,0,True,,,,
1776197905,613422833,,11.729999542236328,0.0,0.0,0.0,0.0,1.7999999523162842,68.33000183105469,0,0,0,True,,,,
1776197905,663431163,,11.729999542236328,0.0,0.0,0.0,0.0,1.7999999523162842,68.33000183105469,0,0,0,True,,,,
1776197905,713460752,,11.729999542236328,0.0,0.0,0.0,0.0,1.7999999523162842,68.33000183105469,0,0,0,True,,,,
1776197905,763431490,,11.739999771118164,0.0,0.0,0.0,0.0,1.7999999523162842,68.87999725341797,0,0,0,True,,,,
1776197905,813381468,,11.739999771118164,0.0,0.0,0.0,0.0,1.7999999523162842,68.87999725341797,0,0,0,True,,,,
1776197905,863492538,,11.729999542236328,0.0,0.0,0.0,0.0,1.7999999523162842,68.33000183105469,0,0,0,True,,,,
1776197905,913500997,,11.729999542236328,0.0,0.0,0.0,0.0,1.7999999523162842,68.33000183105469,0,0,0,True,,,,
1776197905,963429810,,11.729999542236328,0.0,0.0,0.0,0.0,1.7999999523162842,68.33000183105469,0,0,0,True,,,,
1776197906,13420918,,11.729999542236328,0.0,0.0,0.0,0.0,1.7999999523162842,68.33000183105469,0,0,0,True,,,,
1776197906,63376322,,11.729999542236328,0.0,0.0,0.0,0.0,1.7999999523162842,68.33000183105469,0,0,0,True,,,,
1776197906,113423281,,11.729999542236328,0.0,0.0,0.0,0.0,1.7999999523162842,68.33000183105469,0,0,0,True,,,,
1776197906,163397464,,11.729999542236328,0.0,0.0,0.0,0.0,1.7999999523162842,68.33000183105469,0,0,0,True,,,,
1776197906,213416590,,11.729999542236328,0.0,0.0,0.0,0.0,1.7999999523162842,68.33000183105469,0,0,0,True,,,,
1776197906,263376717,,11.739999771118164,0.0,0.0,0.0,0.0,1.7999999523162842,68.87999725341797,0,0,0,True,,,,
1776197906,313505249,,11.729999542236328,0.0,0.0,0.0,0.0,1.7999999523162842,68.33000183105469,0,0,0,True,,,,
1776197906,363461431,,11.729999542236328,0.0,0.0,0.0,0.0,1.7999999523162842,68.33000183105469,0,0,0,True,,,,
1776197906,413375985,,11.729999542236328,0.0,0.0,0.0,0.0,1.7999999523162842,68.33000183105469,0,0,0,True,,,,
1776197906,463404518,,11.739999771118164,0.0,0.0,0.0,0.0,1.7999999523162842,68.87999725341797,0,0,0,True,,,,
1776197906,513504624,,11.729999542236328,0.0,0.0,0.0,0.0,1.7999999523162842,68.33000183105469,0,0,0,True,,,,
1776197906,563403363,,11.729999542236328,0.0,0.0,0.0,0.0,1.7999999523162842,68.33000183105469,0,0,0,True,,,,
1776197906,613396508,,11.729999542236328,0.0,0.0,0.0,0.0,1.7999999523162842,68.33000183105469,0,0,0,True,,,,
1776197906,663357024,,11.729999542236328,0.0,0.0,0.0,0.0,1.7999999523162842,68.33000183105469,0,0,0,True,,,,
1776197906,713588480,,11.739999771118164,0.0,0.0,0.0,0.0,1.7999999523162842,68.87999725341797,0,0,0,True,,,,
1776197906,763417331,,11.729999542236328,0.0,0.0,0.0,0.0,1.7999999523162842,68.33000183105469,0,0,0,True,,,,
1776197906,813373810,,11.729999542236328,0.0,0.0,0.0,0.0,1.7999999523162842,68.33000183105469,0,0,0,True,,,,
1776197906,863521694,,11.729999542236328,0.0,0.0,0.0,0.0,1.7999999523162842,68.33000183105469,0,0,0,True,,,,
1776197906,913379748,,11.739999771118164,0.0,0.0,0.0,0.0,1.7999999523162842,68.87999725341797,0,0,0,True,,,,
1776197906,963398578,,11.729999542236328,0.0,0.0,0.0,0.0,1.7999999523162842,68.33000183105469,0,0,0,True,,,,
1776197907,13378908,,11.710000038146973,0.0,0.0,0.0,0.0,1.7999999523162842,67.22000122070312,0,0,0,True,,,,
1776197907,63399405,,11.6899995803833,0.0,0.0,0.0,0.0,1.7999999523162842,66.11000061035156,0,0,0,True,,,,
1776197907,113387124,,11.6899995803833,0.0,0.0,0.0,0.0,1.7999999523162842,66.11000061035156,0,0,0,True,,,,
1776197907,163382602,,11.710000038146973,0.0,0.0,0.0,0.0,1.7999999523162842,67.22000122070312,0,0,0,True,,,,
1776197907,213390173,,11.710000038146973,0.0,0.0,0.0,0.0,1.7999999523162842,67.22000122070312,0,0,0,True,,,,
1776197907,263427835,,11.710000038146973,0.0,0.0,0.0,0.0,1.7999999523162842,67.22000122070312,0,0,0,True,,,,
1776197907,313375555,,11.729999542236328,0.0,0.0,0.0,0.0,1.7999999523162842,68.33000183105469,0,0,0,True,,,,
1776197907,363449032,,11.710000038146973,0.0,0.0,0.0,0.0,1.7999999523162842,67.22000122070312,0,0,0,True,,,,
1776197907,413370993,,11.710000038146973,0.0,0.0,0.0,0.0,1.7999999523162842,67.22000122070312,0,0,0,True,,,,
1776197907,463391508,,11.729999542236328,0.0,0.0,0.0,0.0,1.7999999523162842,68.33000183105469,0,0,0,True,,,,
1776197907,513375079,,11.729999542236328,0.0,0.0,0.0,0.0,1.7999999523162842,68.33000183105469,0,0,0,True,,,,
1776197907,563396001,,11.710000038146973,0.0,0.0,0.0,0.0,1.7999999523162842,67.22000122070312,0,0,0,True,,,,
1776197907,613370017,,11.729999542236328,0.0,0.0,0.0,0.0,1.7999999523162842,68.33000183105469,0,0,0,True,,,,
1776197907,663399680,,11.729999542236328,0.0,0.0,0.0,0.0,1.7999999523162842,68.33000183105469,0,0,0,True,,,,
1776197907,713396362,,11.710000038146973,0.0,0.0,0.0,0.0,1.7999999523162842,67.22000122070312,0,0,0,True,,,,
1776197907,763393766,,11.729999542236328,0.0,0.0,0.0,0.0,1.7999999523162842,68.33000183105469,0,0,0,True,,,,
1776197907,813402429,,11.729999542236328,0.0,0.0,0.0,0.0,1.7999999523162842,68.33000183105469,0,0,0,True,,,,
1776197907,863462758,,11.710000038146973,0.0,0.0,0.0,0.0,1.7999999523162842,67.22000122070312,0,0,0,True,,,,
1776197907,913449626,,11.729999542236328,0.0,0.0,0.0,0.0,1.7999999523162842,68.33000183105469,0,0,0,True,,,,
1776197907,963355790,,11.710000038146973,0.0,0.0,0.0,0.0,1.7999999523162842,67.22000122070312,0,0,0,True,,,,
1776197908,13389379,,11.729999542236328,0.0,0.0,0.0,0.0,1.7999999523162842,68.33000183105469,0,0,0,True,,,,
1776197908,63338506,,11.710000038146973,0.0,0.0,0.0,0.0,1.7999999523162842,67.22000122070312,0,0,0,True,,,,
1776197908,113400595,,11.729999542236328,0.0,0.0,0.0,0.0,1.7999999523162842,68.33000183105469,0,0,0,True,,,,
1776197908,163368814,,11.729999542236328,0.0,0.0,0.0,0.0,1.7999999523162842,68.33000183105469,0,0,0,True,,,,
1776197908,213373088,,11.710000038146973,0.0,0.0,0.0,0.0,1.7999999523162842,67.22000122070312,0,0,0,True,,,,
1776197908,263367178,,11.710000038146973,0.0,0.0,0.0,0.0,1.7999999523162842,67.22000122070312,0,0,0,True,,,,
1776197908,313381878,,11.710000038146973,0.0,0.0,0.0,0.0,1.7999999523162842,67.22000122070312,0,0,0,True,,,,
1776197908,363403189,,11.710000038146973,0.0,0.0,0.0,0.0,1.7999999523162842,67.22000122070312,0,0,0,True,,,,
1776197908,413323409,,11.710000038146973,0.0,0.0,0.0,0.0,1.7999999523162842,67.22000122070312,0,0,0,True,,,,
1776197908,463376479,,11.710000038146973,0.0,0.0,0.0,0.0,1.7999999523162842,67.22000122070312,0,0,0,True,,,,
1776197908,513366013,,11.710000038146973,0.0,0.0,0.0,0.0,1.7999999523162842,67.22000122070312,0,0,0,True,,,,
1776197908,563779930,,11.6899995803833,0.0,0.0,0.0,0.0,1.7999999523162842,66.11000061035156,0,0,0,True,,,,
1776197908,613359803,,11.670000076293945,0.0,0.0,0.0,0.0,1.7999999523162842,65.0,0,0,0,True,,,,
1776197908,663341004,,11.6899995803833,0.0,0.0,0.0,0.0,1.7999999523162842,66.11000061035156,0,0,0,True,,,,
1776197908,713347630,,11.6899995803833,0.0,0.0,0.0,0.0,1.7999999523162842,66.11000061035156,0,0,0,True,,,,
1776197908,763344108,,11.6899995803833,0.0,0.0,0.0,0.0,1.7999999523162842,66.11000061035156,0,0,0,True,,,,
1776197908,813343049,,11.710000038146973,0.0,0.0,0.0,0.0,1.7999999523162842,67.22000122070312,0,0,0,True,,,,
1776197908,863367398,,11.710000038146973,0.0,0.0,0.0,0.0,1.7999999523162842,67.22000122070312,0,0,0,True,,,,
1776197908,913323043,,11.6899995803833,0.0,0.0,0.0,0.0,1.7999999523162842,66.11000061035156,0,0,0,True,,,,
1776197908,963341780,,11.6899995803833,0.0,0.0,0.0,0.0,1.7999999523162842,66.11000061035156,0,0,0,True,,,,
1776197909,13343277,,11.710000038146973,0.0,0.0,0.0,0.0,1.7999999523162842,67.22000122070312,0,0,0,True,,,,
1776197909,63336792,,11.710000038146973,0.0,0.0,0.0,0.0,1.7999999523162842,67.22000122070312,0,0,0,True,,,,
1776197909,113346826,,11.710000038146973,0.0,0.0,0.0,0.0,1.7999999523162842,67.22000122070312,0,0,0,True,,,,
1776197909,163380970,,11.710000038146973,0.0,0.0,0.0,0.0,1.7999999523162842,67.22000122070312,0,0,0,True,,,,
1776197909,213343394,,11.710000038146973,0.0,0.0,0.0,0.0,1.7999999523162842,67.22000122070312,0,0,0,True,,,,
1776197909,263460203,,11.710000038146973,0.0,0.0,0.0,0.0,1.7999999523162842,67.22000122070312,0,0,0,True,,,,
1776197909,313339017,,11.710000038146973,0.0,0.0,0.0,0.0,1.7999999523162842,67.22000122070312,0,0,0,True,,,,
1776197909,363346976,,11.6899995803833,0.0,0.0,0.0,0.0,1.7999999523162842,66.11000061035156,0,0,0,True,,,,
1776197909,413354899,,11.710000038146973,0.0,0.0,0.0,0.0,1.7999999523162842,67.22000122070312,0,0,0,True,,,,
1776197909,463336007,,11.710000038146973,0.0,0.0,0.0,0.0,1.7999999523162842,67.22000122070312,0,0,0,True,,,,
1776197909,513358133,,11.710000038146973,0.0,0.0,0.0,0.0,1.7999999523162842,67.22000122070312,0,0,0,True,,,,
1776197909,563354333,,11.710000038146973,0.0,0.0,0.0,0.0,1.7999999523162842,67.22000122070312,0,0,0,True,,,,
1776197909,613357089,,11.710000038146973,0.0,0.0,0.0,0.0,1.7999999523162842,67.22000122070312,0,0,0,True,,,,
1776197909,663342716,,11.6899995803833,0.0,0.0,0.0,0.0,1.7999999523162842,66.11000061035156,0,0,0,True,,,,
1776197909,713321379,,11.710000038146973,0.0,0.0,0.0,0.0,1.7999999523162842,67.22000122070312,0,0,0,True,,,,
1776197909,763379727,,11.710000038146973,0.0,0.0,0.0,0.0,1.7999999523162842,67.22000122070312,0,0,0,True,,,,
1776197909,813310521,,11.710000038146973,0.0,0.0,0.0,0.0,1.7999999523162842,67.22000122070312,0,0,0,True,,,,
1776197909,863312777,,11.710000038146973,0.0,0.0,0.0,0.0,1.7999999523162842,67.22000122070312,0,0,0,True,,,,
1776197909,913342903,,11.710000038146973,0.0,0.0,0.0,0.0,1.7999999523162842,67.22000122070312,0,0,0,True,,,,
1776197909,963406843,,11.710000038146973,0.0,0.0,0.0,0.0,1.7999999523162842,67.22000122070312,0,0,0,True,,,,
1776197910,13383544,,11.710000038146973,0.0,0.0,0.0,0.0,1.7999999523162842,67.22000122070312,0,0,0,True,,,,
1776197910,63379282,,11.710000038146973,0.0,0.0,0.0,0.0,1.7999999523162842,67.22000122070312,0,0,0,True,,,,
1776197910,113357075,,11.6899995803833,0.0,0.0,0.0,0.0,1.7999999523162842,66.11000061035156,0,0,0,True,,,,
1776197910,163329979,,11.710000038146973,0.0,0.0,0.0,0.0,1.7999999523162842,67.22000122070312,0,0,0,True,,,,
1776197910,213325865,,11.6899995803833,0.0,0.0,0.0,0.0,1.7999999523162842,66.11000061035156,0,0,0,True,,,,
1776197910,263387583,,11.710000038146973,0.0,0.0,0.0,0.0,1.7999999523162842,67.22000122070312,0,0,0,True,,,,
1776197910,313372617,,11.710000038146973,0.0,0.0,0.0,0.0,1.7999999523162842,67.22000122070312,0,0,0,True,,,,
1776197910,363379391,,11.710000038146973,0.0,0.0,0.0,0.0,1.7999999523162842,67.22000122070312,0,0,0,True,,,,
1776197910,413389073,,11.710000038146973,0.0,0.0,0.0,0.0,1.7999999523162842,67.22000122070312,0,0,0,True,,,,
1776197910,463387885,,11.710000038146973,0.0,0.0,0.0,0.0,1.7999999523162842,67.22000122070312,0,0,0,True,,,,
1776197910,513347308,,11.710000038146973,0.0,0.0,0.0,0.0,1.7999999523162842,67.22000122070312,0,0,0,True,,,,
1776197910,563363045,,11.729999542236328,0.0,0.0,0.0,0.0,1.7999999523162842,68.33000183105469,0,0,0,True,,,,
1776197910,613348820,,11.710000038146973,0.0,0.0,0.0,0.0,1.7999999523162842,67.22000122070312,0,0,0,True,,,,
1776197910,663398057,,11.710000038146973,0.0,0.0,0.0,0.0,1.7999999523162842,67.22000122070312,0,0,0,True,,,,
1776197910,713412147,,11.710000038146973,0.0,0.0,0.0,0.0,1.7999999523162842,67.22000122070312,0,0,0,True,,,,
1776197910,763320647,,11.710000038146973,0.0,0.0,0.0,0.0,1.7999999523162842,67.22000122070312,0,0,0,True,,,,
1776197910,813340182,,11.710000038146973,0.0,0.0,0.0,0.0,1.7999999523162842,67.22000122070312,0,0,0,True,,,,
1776197910,863297144,,11.710000038146973,0.0,0.0,0.0,0.0,1.7999999523162842,67.22000122070312,0,0,0,True,,,,
1776197910,913367068,,11.6899995803833,0.0,0.0,0.0,0.0,1.7999999523162842,66.11000061035156,0,0,0,True,,,,
1776197910,963304641,,11.729999542236328,0.0,0.0,0.0,0.0,1.7999999523162842,68.33000183105469,0,0,0,True,,,,
1776197911,13319713,,11.710000038146973,0.0,0.0,0.0,0.0,1.7999999523162842,67.22000122070312,0,0,0,True,,,,
1776197911,63305601,,11.710000038146973,0.0,0.0,0.0,0.0,1.7999999523162842,67.22000122070312,0,0,0,True,,,,
1776197911,113319173,,11.710000038146973,0.0,0.0,0.0,0.0,1.7999999523162842,67.22000122070312,0,0,0,True,,,,
1776197911,165175757,,11.710000038146973,0.0,0.0,0.0,0.0,1.7999999523162842,67.22000122070312,0,0,0,True,,,,
1776197911,213355966,,11.739999771118164,0.0,0.0,0.0,0.0,1.7999999523162842,68.87999725341797,0,0,0,True,,,,
1776197911,263341724,,11.729999542236328,0.0,0.0,0.0,0.0,1.7999999523162842,68.33000183105469,0,0,0,True,,,,
1776197911,313309204,,11.729999542236328,0.0,0.0,0.0,0.0,1.7999999523162842,68.33000183105469,0,0,0,True,,,,
1776197911,363353776,,11.729999542236328,0.0,0.0,0.0,0.0,1.7999999523162842,68.33000183105469,0,0,0,True,,,,
1776197911,413326608,,11.729999542236328,0.0,0.0,0.0,0.0,1.7999999523162842,68.33000183105469,0,0,0,True,,,,
1776197911,463345328,,11.729999542236328,0.0,0.0,0.0,0.0,1.7999999523162842,68.33000183105469,0,0,0,True,,,,
1776197911,513317124,,11.710000038146973,0.0,0.0,0.0,0.0,1.7999999523162842,67.22000122070312,0,0,0,True,,,,
1776197911,563245771,,11.729999542236328,0.0,0.0,0.0,0.0,1.7999999523162842,68.33000183105469,0,0,0,True,,,,
1776197911,613334879,,11.729999542236328,0.0,0.0,0.0,0.0,1.7999999523162842,68.33000183105469,0,0,0,True,,,,
1776197911,663338322,,11.710000038146973,0.0,0.0,0.0,0.0,1.7999999523162842,67.22000122070312,0,0,0,True,,,,
1776197911,713324154,,11.729999542236328,0.0,0.0,0.0,0.0,1.7999999523162842,68.33000183105469,0,0,0,True,,,,
1776197911,763336467,,11.729999542236328,0.0,0.0,0.0,0.0,1.7999999523162842,68.33000183105469,0,0,0,True,,,,
1776197911,813345743,,11.729999542236328,0.0,0.0,0.0,0.0,1.7999999523162842,68.33000183105469,0,0,0,True,,,,
1776197911,863308335,,11.739999771118164,0.0,0.0,0.0,0.0,1.7999999523162842,68.87999725341797,0,0,0,True,,,,
1776197911,913383036,,11.739999771118164,0.0,0.0,0.0,0.0,1.7999999523162842,68.87999725341797,0,0,0,True,,,,
1776197911,963336628,,11.729999542236328,0.0,0.0,0.0,0.0,1.7999999523162842,68.33000183105469,0,0,0,True,,,,
1776197912,13378514,,11.729999542236328,0.0,0.0,0.0,0.0,1.7999999523162842,68.33000183105469,0,0,0,True,,,,
1776197912,63402827,,11.739999771118164,0.0,0.0,0.0,0.0,1.7999999523162842,68.87999725341797,0,0,0,True,,,,
1776197912,113316957,,11.710000038146973,0.0,0.0,0.0,0.0,1.7999999523162842,67.22000122070312,0,0,0,True,,,,
1776197912,163287418,,11.729999542236328,0.0,0.0,0.0,0.0,1.7999999523162842,68.33000183105469,0,0,0,True,,,,
1776197912,213276047,,11.710000038146973,0.0,0.0,0.0,0.0,1.7999999523162842,67.22000122070312,0,0,0,True,,,,
1776197912,263345989,,11.710000038146973,0.0,0.0,0.0,0.0,1.7999999523162842,67.22000122070312,0,0,0,True,,,,
1776197912,313295599,,11.729999542236328,0.0,0.0,0.0,0.0,1.7999999523162842,68.33000183105469,0,0,0,True,,,,
1776197912,363463687,,11.710000038146973,0.0,0.0,0.0,0.0,1.7999999523162842,67.22000122070312,0,0,0,True,,,,
1776197912,413274929,,11.729999542236328,0.0,0.0,0.0,0.0,1.7999999523162842,68.33000183105469,0,0,0,True,,,,
1776197912,463301964,,11.729999542236328,0.0,0.0,0.0,0.0,1.7999999523162842,68.33000183105469,0,0,0,True,,,,
1776197912,513416387,,11.729999542236328,0.0,0.0,0.0,0.0,1.7999999523162842,68.33000183105469,0,0,0,True,,,,
1776197912,563324683,,11.729999542236328,0.0,0.0,0.0,0.0,1.7999999523162842,68.33000183105469,0,0,0,True,,,,
1776197912,613235831,,11.729999542236328,0.0,0.0,0.0,0.0,1.7999999523162842,68.33000183105469,0,0,0,True,,,,
1776197912,663298532,,11.729999542236328,0.0,0.0,0.0,0.0,1.7999999523162842,68.33000183105469,0,0,0,True,,,,
1776197912,713328530,,11.710000038146973,0.0,0.0,0.0,0.0,1.7999999523162842,67.22000122070312,0,0,0,True,,,,
1776197912,763291029,,11.729999542236328,0.0,0.0,0.0,0.0,1.7999999523162842,68.33000183105469,0,0,0,True,,,,
1776197912,813286824,,11.710000038146973,0.0,0.0,0.0,0.0,1.7999999523162842,67.22000122070312,0,0,0,True,,,,
1776197912,863315044,,11.729999542236328,0.0,0.0,0.0,0.0,1.7999999523162842,68.33000183105469,0,0,0,True,,,,
1776197912,913322672,,11.729999542236328,0.0,0.0,0.0,0.0,1.7999999523162842,68.33000183105469,0,0,0,True,,,,
1776197912,963310782,,11.729999542236328,0.0,0.0,0.0,0.0,1.7999999523162842,68.33000183105469,0,0,0,True,,,,
1776197913,13352206,,11.729999542236328,0.0,0.0,0.0,0.0,1.7999999523162842,68.33000183105469,0,0,0,True,,,,
1776197913,63281261,,11.729999542236328,0.0,0.0,0.0,0.0,1.7999999523162842,68.33000183105469,0,0,0,True,,,,
1776197913,113297611,,11.710000038146973,0.0,0.0,0.0,0.0,1.7999999523162842,67.22000122070312,0,0,0,True,,,,
1776197913,163295628,,11.729999542236328,0.0,0.0,0.0,0.0,1.7999999523162842,68.33000183105469,0,0,0,True,,,,
1776197913,213370607,,11.729999542236328,0.0,0.0,0.0,0.0,1.7999999523162842,68.33000183105469,0,0,0,True,,,,
1776197913,263284828,,11.729999542236328,0.0,0.0,0.0,0.0,1.7999999523162842,68.33000183105469,0,0,0,True,,,,
1776197913,313289605,,11.710000038146973,0.0,0.0,0.0,0.0,1.7999999523162842,67.22000122070312,0,0,0,True,,,,
1776197913,363447916,,11.710000038146973,0.0,0.0,0.0,0.0,1.7999999523162842,67.22000122070312,0,0,0,True,,,,
1776197913,413311545,,11.729999542236328,0.0,0.0,0.0,0.0,1.7999999523162842,68.33000183105469,0,0,0,True,,,,
1776197913,463276341,,11.710000038146973,0.0,0.0,0.0,0.0,1.7999999523162842,67.22000122070312,0,0,0,True,,,,
1776197913,513281246,,11.729999542236328,0.0,0.0,0.0,0.0,1.7999999523162842,68.33000183105469,0,0,0,True,,,,
1776197913,563320004,,11.729999542236328,0.0,0.0,0.0,0.0,1.7999999523162842,68.33000183105469,0,0,0,True,,,,
1776197913,613288577,,11.729999542236328,0.0,0.0,0.0,0.0,1.7999999523162842,68.33000183105469,0,0,0,True,,,,
1776197913,663340222,,11.710000038146973,0.0,0.0,0.0,0.0,1.7999999523162842,67.22000122070312,0,0,0,True,,,,
1776197913,713358350,,11.729999542236328,0.0,0.0,0.0,0.0,1.7999999523162842,68.33000183105469,0,0,0,True,,,,
1776197913,763316090,,11.710000038146973,0.0,0.0,0.0,0.0,1.7999999523162842,67.22000122070312,0,0,0,True,,,,
1776197913,813269719,,11.729999542236328,0.0,0.0,0.0,0.0,1.7999999523162842,68.33000183105469,0,0,0,True,,,,
1776197913,863321105,,11.729999542236328,0.0,0.0,0.0,0.0,1.7999999523162842,68.33000183105469,0,0,0,True,,,,
1776197913,913265308,,11.710000038146973,0.0,0.0,0.0,0.0,1.7999999523162842,67.22000122070312,0,0,0,True,,,,
1776197913,963330121,,11.729999542236328,0.0,0.0,0.0,0.0,1.7999999523162842,68.33000183105469,0,0,0,True,,,,
1776197914,13299712,,11.710000038146973,0.0,0.0,0.0,0.0,1.7999999523162842,67.22000122070312,0,0,0,True,,,,
1776197914,63303784,,11.729999542236328,0.0,0.0,0.0,0.0,1.7999999523162842,68.33000183105469,0,0,0,True,,,,
1776197914,113328727,,11.729999542236328,0.0,0.0,0.0,0.0,1.7999999523162842,68.33000183105469,0,0,0,True,,,,
1776197914,163313318,,11.729999542236328,0.0,0.0,0.0,0.0,1.7999999523162842,68.33000183105469,0,0,0,True,,,,
1776197914,213312335,,11.729999542236328,0.0,0.0,0.0,0.0,1.7999999523162842,68.33000183105469,0,0,0,True,,,,
1776197914,263283445,,11.729999542236328,0.0,0.0,0.0,0.0,1.7999999523162842,68.33000183105469,0,0,0,True,,,,
1776197914,313278166,,11.710000038146973,0.0,0.0,0.0,0.0,1.7999999523162842,67.22000122070312,0,0,0,True,,,,
1776197914,363315941,,11.710000038146973,0.0,0.0,0.0,0.0,1.7999999523162842,67.22000122070312,0,0,0,True,,,,
1776197914,413307459,,11.729999542236328,0.0,0.0,0.0,0.0,1.7999999523162842,68.33000183105469,0,0,0,True,,,,
1776197914,463295365,,11.710000038146973,0.0,0.0,0.0,0.0,1.7999999523162842,67.22000122070312,0,0,0,True,,,,
1776197914,513314289,,11.729999542236328,0.0,0.0,0.0,0.0,1.7999999523162842,68.33000183105469,0,0,0,True,,,,
1776197914,565608199,,11.729999542236328,0.0,0.0,0.0,0.0,1.7999999523162842,68.33000183105469,0,0,0,True,,,,
1776197914,613270342,,11.710000038146973,0.0,0.0,0.0,0.0,1.7999999523162842,67.22000122070312,0,0,0,True,,,,
1776197914,663282599,,11.729999542236328,0.0,0.0,0.0,0.0,1.7999999523162842,68.33000183105469,0,0,0,True,,,,
1776197914,713294116,,11.729999542236328,0.0,0.0,0.0,0.0,1.7999999523162842,68.33000183105469,0,0,0,True,,,,
1776197914,763300318,,11.710000038146973,0.0,0.0,0.0,0.0,1.7999999523162842,67.22000122070312,0,0,0,True,,,,
1776197914,813306150,,11.710000038146973,0.0,0.0,0.0,0.0,1.7999999523162842,67.22000122070312,0,0,0,True,,,,
1776197914,863361462,,11.729999542236328,0.0,0.0,0.0,0.0,1.7999999523162842,68.33000183105469,0,0,0,True,,,,
1776197914,913360961,,11.710000038146973,0.0,0.0,0.0,0.0,1.7999999523162842,67.22000122070312,0,0,0,True,,,,
1776197914,963273942,,11.710000038146973,0.0,0.0,0.0,0.0,1.7999999523162842,67.22000122070312,0,0,0,True,,,,
1776197915,13280588,,11.729999542236328,0.0,0.0,0.0,0.0,1.7999999523162842,68.33000183105469,0,0,0,True,,,,
1776197915,63304809,,11.710000038146973,0.0,0.0,0.0,0.0,1.7999999523162842,67.22000122070312,0,0,0,True,,,,
1776197915,113275807,,11.670000076293945,0.0,0.0,0.0,0.0,1.7999999523162842,65.0,0,0,0,True,,,,
1776197915,166705813,,11.670000076293945,0.0,0.0,0.0,0.0,1.7999999523162842,65.0,0,0,0,True,,,,
1776197915,213734853,,11.6899995803833,0.0,0.0,0.0,0.0,1.7999999523162842,66.11000061035156,0,0,0,True,,,,
1776197915,263328117,,11.710000038146973,0.0,0.0,0.0,0.0,1.7999999523162842,67.22000122070312,0,0,0,True,,,,
1776197915,313267005,,11.710000038146973,0.0,0.0,0.0,0.0,1.7999999523162842,67.22000122070312,0,0,0,True,,,,
1776197915,363310614,,11.710000038146973,0.0,0.0,0.0,0.0,1.7999999523162842,67.22000122070312,0,0,0,True,,,,
1776197915,413278946,,11.6899995803833,0.0,0.0,0.0,0.0,1.7999999523162842,66.11000061035156,0,0,0,True,,,,
1776197915,463263574,,11.710000038146973,0.0,0.0,0.0,0.0,1.7999999523162842,67.22000122070312,0,0,0,True,,,,
1776197915,513345461,,11.710000038146973,0.0,0.0,0.0,0.0,1.7999999523162842,67.22000122070312,0,0,0,True,,,,
1776197915,563281460,,11.710000038146973,0.0,0.0,0.0,0.0,1.7999999523162842,67.22000122070312,0,0,0,True,,,,
1776197915,613233885,,11.710000038146973,0.0,0.0,0.0,0.0,1.7999999523162842,67.22000122070312,0,0,0,True,,,,
1776197915,663275031,,11.6899995803833,0.0,0.0,0.0,0.0,1.7999999523162842,66.11000061035156,0,0,0,True,,,,
1776197915,713333362,,11.729999542236328,0.0,0.0,0.0,0.0,1.7999999523162842,68.33000183105469,0,0,0,True,,,,
1776197915,763308805,,11.710000038146973,0.0,0.0,0.0,0.0,1.7999999523162842,67.22000122070312,0,0,0,True,,,,
1776197915,813246027,,11.729999542236328,0.0,0.0,0.0,0.0,1.7999999523162842,68.33000183105469,0,0,0,True,,,,
1776197915,863280006,,11.729999542236328,0.0,0.0,0.0,0.0,1.7999999523162842,68.33000183105469,0,0,0,True,,,,
1776197915,913257264,,11.710000038146973,0.0,0.0,0.0,0.0,1.7999999523162842,67.22000122070312,0,0,0,True,,,,
1776197915,963289781,,11.710000038146973,0.0,0.0,0.0,0.0,1.7999999523162842,67.22000122070312,0,0,0,True,,,,
1776197916,13263057,,11.729999542236328,0.0,0.0,0.0,0.0,1.7999999523162842,68.33000183105469,0,0,0,True,,,,
1776197916,63266611,,11.729999542236328,0.0,0.0,0.0,0.0,1.7999999523162842,68.33000183105469,0,0,0,True,,,,
1776197916,113266128,,11.729999542236328,0.0,0.0,0.0,0.0,1.7999999523162842,68.33000183105469,0,0,0,True,,,,
1776197916,163284219,,11.729999542236328,0.0,0.0,0.0,0.0,1.7999999523162842,68.33000183105469,0,0,0,True,,,,
1776197916,213342994,,11.710000038146973,0.0,0.0,0.0,0.0,1.7999999523162842,67.22000122070312,0,0,0,True,,,,
1776197916,263268660,,11.710000038146973,0.0,0.0,0.0,0.0,1.7999999523162842,67.22000122070312,0,0,0,True,,,,
1776197916,313277973,,11.710000038146973,0.0,0.0,0.0,0.0,1.7999999523162842,67.22000122070312,0,0,0,True,,,,
1776197916,363317934,,11.710000038146973,0.0,0.0,0.0,0.0,1.7999999523162842,67.22000122070312,0,0,0,True,,,,
1776197916,413233601,,11.710000038146973,0.0,0.0,0.0,0.0,1.7999999523162842,67.22000122070312,0,0,0,True,,,,
1776197916,463249691,,11.710000038146973,0.0,0.0,0.0,0.0,1.7999999523162842,67.22000122070312,0,0,0,True,,,,
1776197916,513237412,,11.710000038146973,0.0,0.0,0.0,0.0,1.7999999523162842,67.22000122070312,0,0,0,True,,,,
1776197916,563253281,,11.729999542236328,0.0,0.0,0.0,0.0,1.7999999523162842,68.33000183105469,0,0,0,True,,,,
1776197916,613846660,,11.710000038146973,0.0,0.0,0.0,0.0,1.7999999523162842,67.22000122070312,0,0,0,True,,,,
1776197916,663308703,,11.729999542236328,0.0,0.0,0.0,0.0,1.7999999523162842,68.33000183105469,0,0,0,True,,,,
1776197916,713238628,,11.710000038146973,0.0,0.0,0.0,0.0,1.7999999523162842,67.22000122070312,0,0,0,True,,,,
1776197916,763234423,,11.710000038146973,0.0,0.0,0.0,0.0,1.7999999523162842,67.22000122070312,0,0,0,True,,,,
1776197916,813223292,,11.710000038146973,0.0,0.0,0.0,0.0,1.7999999523162842,67.22000122070312,0,0,0,True,,,,
1776197916,863273956,,11.729999542236328,0.0,0.0,0.0,0.0,1.7999999523162842,68.33000183105469,0,0,0,True,,,,
1776197916,913285232,,11.710000038146973,0.0,0.0,0.0,0.0,1.7999999523162842,67.22000122070312,0,0,0,True,,,,
1776197916,963262750,,11.710000038146973,0.0,0.0,0.0,0.0,1.7999999523162842,67.22000122070312,0,0,0,True,,,,
1776197917,13262007,,11.729999542236328,0.0,0.0,0.0,0.0,1.7999999523162842,68.33000183105469,0,0,0,True,,,,
1776197917,63229358,,11.710000038146973,0.0,0.0,0.0,0.0,1.7999999523162842,67.22000122070312,0,0,0,True,,,,
1776197917,113304429,,11.710000038146973,0.0,0.0,0.0,0.0,1.7999999523162842,67.22000122070312,0,0,0,True,,,,
1776197917,163331816,,11.710000038146973,0.0,0.0,0.0,0.0,1.7999999523162842,67.22000122070312,0,0,0,True,,,,
1776197917,213268001,,11.710000038146973,0.0,0.0,0.0,0.0,1.7999999523162842,67.22000122070312,0,0,0,True,,,,
1776197917,263230092,,11.710000038146973,0.0,0.0,0.0,0.0,1.7999999523162842,67.22000122070312,0,0,0,True,,,,
1776197917,313247479,,11.710000038146973,0.0,0.0,0.0,0.0,1.7999999523162842,67.22000122070312,0,0,0,True,,,,
1776197917,363226812,,11.710000038146973,0.0,0.0,0.0,0.0,1.7999999523162842,67.22000122070312,0,0,0,True,,,,
1776197917,413293439,,11.729999542236328,0.0,0.0,0.0,0.0,1.7999999523162842,68.33000183105469,0,0,0,True,,,,
1776197917,463260456,,11.710000038146973,0.0,0.0,0.0,0.0,1.7999999523162842,67.22000122070312,0,0,0,True,,,,
1776197917,513277491,,11.729999542236328,0.0,0.0,0.0,0.0,1.7999999523162842,68.33000183105469,0,0,0,True,,,,
1776197917,563299749,,11.729999542236328,0.0,0.0,0.0,0.0,1.7999999523162842,68.33000183105469,0,0,0,True,,,,
1776197917,613235822,,11.710000038146973,0.0,0.0,0.0,0.0,1.7999999523162842,67.22000122070312,0,0,0,True,,,,
1776197917,663237635,,11.729999542236328,0.0,0.0,0.0,0.0,1.7999999523162842,68.33000183105469,0,0,0,True,,,,
1776197917,713231023,,11.729999542236328,0.0,0.0,0.0,0.0,1.7999999523162842,68.33000183105469,0,0,0,True,,,,
1776197917,763237873,,11.729999542236328,0.0,0.0,0.0,0.0,1.7999999523162842,68.33000183105469,0,0,0,True,,,,
1776197917,813344203,,11.710000038146973,0.0,0.0,0.0,0.0,1.7999999523162842,67.22000122070312,0,0,0,True,,,,
1776197917,863201315,,11.729999542236328,0.0,0.0,0.0,0.0,1.7999999523162842,68.33000183105469,0,0,0,True,,,,
1776197917,913288238,,11.729999542236328,0.0,0.0,0.0,0.0,1.7999999523162842,68.33000183105469,0,0,0,True,,,,
1776197917,963242755,,11.729999542236328,0.0,0.0,0.0,0.0,1.7999999523162842,68.33000183105469,0,0,0,True,,,,
1776197918,13241309,,11.729999542236328,0.0,0.0,0.0,0.0,1.7999999523162842,68.33000183105469,0,0,0,True,,,,
1776197918,63287085,,11.710000038146973,0.0,0.0,0.0,0.0,1.7999999523162842,67.22000122070312,0,0,0,True,,,,
1776197918,113249788,,11.710000038146973,0.0,0.0,0.0,0.0,1.7999999523162842,67.22000122070312,0,0,0,True,,,,
1776197918,163253434,,11.710000038146973,0.0,0.0,0.0,0.0,1.7999999523162842,67.22000122070312,0,0,0,True,,,,
1776197918,213217803,,11.710000038146973,0.0,0.0,0.0,0.0,1.7999999523162842,67.22000122070312,0,0,0,True,,,,
1776197918,263258227,,11.729999542236328,0.0,0.0,0.0,0.0,1.7999999523162842,68.33000183105469,0,0,0,True,,,,
1776197918,313235707,,11.710000038146973,0.0,0.0,0.0,0.0,1.7999999523162842,67.22000122070312,0,0,0,True,,,,
1776197918,363308372,,11.710000038146973,0.0,0.0,0.0,0.0,1.7999999523162842,67.22000122070312,0,0,0,True,,,,
1776197918,413232704,,11.710000038146973,0.0,0.0,0.0,0.0,1.7999999523162842,67.22000122070312,0,0,0,True,,,,
1776197918,463248129,,11.710000038146973,0.0,0.0,0.0,0.0,1.7999999523162842,67.22000122070312,0,0,0,True,,,,
1776197918,513225220,,11.710000038146973,0.0,0.0,0.0,0.0,1.7999999523162842,67.22000122070312,0,0,0,True,,,,
1776197918,563219441,,11.710000038146973,0.0,0.0,0.0,0.0,1.7999999523162842,67.22000122070312,0,0,0,True,,,,
1776197918,613194032,,11.6899995803833,0.0,0.0,0.0,0.0,1.7999999523162842,66.11000061035156,0,0,0,True,,,,
1776197918,663223011,,11.710000038146973,0.0,0.0,0.0,0.0,1.7999999523162842,67.22000122070312,0,0,0,True,,,,
1776197918,713220528,,11.710000038146973,0.0,0.0,0.0,0.0,1.7999999523162842,67.22000122070312,0,0,0,True,,,,
1776197918,763202712,,11.6899995803833,0.0,0.0,0.0,0.0,1.7999999523162842,66.11000061035156,0,0,0,True,,,,
1776197918,813203470,,11.710000038146973,0.0,0.0,0.0,0.0,1.7999999523162842,67.22000122070312,0,0,0,True,,,,
1776197918,863201783,,11.670000076293945,0.0,0.0,0.0,0.0,1.7999999523162842,65.0,0,0,0,True,,,,
1776197918,913202485,,11.710000038146973,0.0,0.0,0.0,0.0,1.7999999523162842,67.22000122070312,0,0,0,True,,,,
1776197918,963200076,,11.6899995803833,0.0,0.0,0.0,0.0,1.7999999523162842,66.11000061035156,0,0,0,True,,,,
1776197919,13158353,,11.6899995803833,0.0,0.0,0.0,0.0,1.7999999523162842,66.11000061035156,0,0,0,True,,,,
1776197919,63136852,,11.710000038146973,0.0,0.0,0.0,0.0,1.7999999523162842,67.22000122070312,0,0,0,True,,,,
1776197919,113104073,,11.710000038146973,0.0,0.0,0.0,0.0,1.7999999523162842,67.22000122070312,0,0,0,True,,,,
1776197919,163269625,,11.710000038146973,0.0,0.0,0.0,0.0,1.7999999523162842,67.22000122070312,0,0,0,True,,,,
1776197919,213307789,,11.710000038146973,0.0,0.0,0.0,0.0,1.7999999523162842,67.22000122070312,0,0,0,True,,,,
1776197919,263201326,,11.739999771118164,0.0,0.0,0.0,0.0,1.7999999523162842,68.87999725341797,0,0,0,True,,,,
1776197919,315330980,,11.739999771118164,0.0,0.0,0.0,0.0,1.7999999523162842,68.87999725341797,0,0,0,True,,,,
1776197919,363203730,,11.729999542236328,0.0,0.0,0.0,0.0,1.7999999523162842,68.33000183105469,0,0,0,True,,,,
1776197919,417279190,,11.729999542236328,0.0,0.0,0.0,0.0,1.7999999523162842,68.33000183105469,0,0,0,True,,,,
1776197919,463378984,,11.729999542236328,0.0,0.0,0.0,0.0,1.7999999523162842,68.33000183105469,0,0,0,True,,,,
1776197919,513207726,,11.729999542236328,0.0,0.0,0.0,0.0,1.7999999523162842,68.33000183105469,0,0,0,True,,,,
1776197919,563229798,,11.729999542236328,0.0,0.0,0.0,0.0,1.7999999523162842,68.33000183105469,0,0,0,True,,,,
1776197919,613230241,,11.729999542236328,0.0,0.0,0.0,0.0,1.7999999523162842,68.33000183105469,0,0,0,True,,,,
1776197919,663213758,,11.739999771118164,0.0,0.0,0.0,0.0,1.7999999523162842,68.87999725341797,0,0,0,True,,,,
1776197919,713215016,,11.739999771118164,0.0,0.0,0.0,0.0,1.7999999523162842,68.87999725341797,0,0,0,True,,,,
1776197919,763199977,,11.729999542236328,0.0,0.0,0.0,0.0,1.7999999523162842,68.33000183105469,0,0,0,True,,,,
1776197919,813226753,,11.739999771118164,0.0,0.0,0.0,0.0,1.7999999523162842,68.87999725341797,0,0,0,True,,,,
1776197919,863220270,,11.729999542236328,0.0,0.0,0.0,0.0,1.7999999523162842,68.33000183105469,0,0,0,True,,,,
1776197919,913199269,,11.729999542236328,0.0,0.0,0.0,0.0,1.7999999523162842,68.33000183105469,0,0,0,True,,,,
1776197919,963212915,,11.710000038146973,0.0,0.0,0.0,0.0,1.7999999523162842,67.22000122070312,0,0,0,True,,,,
1776197920,14338213,,11.729999542236328,0.0,0.0,0.0,0.0,1.7999999523162842,68.33000183105469,0,0,0,True,,,,
1776197920,63273356,,11.729999542236328,0.0,0.0,0.0,0.0,1.7999999523162842,68.33000183105469,0,0,0,True,,,,
1776197920,113307539,,11.729999542236328,0.0,0.0,0.0,0.0,1.7999999523162842,68.33000183105469,0,0,0,True,,,,
1776197920,163243260,,11.729999542236328,0.0,0.0,0.0,0.0,1.7999999523162842,68.33000183105469,0,0,0,True,,,,
1776197920,213245333,,11.729999542236328,0.0,0.0,0.0,0.0,1.7999999523162842,68.33000183105469,0,0,0,True,,,,
1776197920,263220498,,11.729999542236328,0.0,0.0,0.0,0.0,1.7999999523162842,68.33000183105469,0,0,0,True,,,,
1776197920,313212478,,11.729999542236328,0.0,0.0,0.0,0.0,1.7999999523162842,68.33000183105469,0,0,0,True,,,,
1776197920,363224384,,11.729999542236328,0.0,0.0,0.0,0.0,1.7999999523162842,68.33000183105469,0,0,0,True,,,,
1776197920,413247864,,11.729999542236328,0.0,0.0,0.0,0.0,1.7999999523162842,68.33000183105469,0,0,0,True,,,,
1776197920,463206140,,11.729999542236328,0.0,0.0,0.0,0.0,1.7999999523162842,68.33000183105469,0,0,0,True,,,,
1776197920,513210509,,11.729999542236328,0.0,0.0,0.0,0.0,1.7999999523162842,68.33000183105469,0,0,0,True,,,,
1776197920,563148508,,11.739999771118164,0.0,0.0,0.0,0.0,1.7999999523162842,68.87999725341797,0,0,0,True,,,,
1776197920,613185766,,11.729999542236328,0.0,0.0,0.0,0.0,1.7999999523162842,68.33000183105469,0,0,0,True,,,,
1776197920,663221838,,11.739999771118164,0.0,0.0,0.0,0.0,1.7999999523162842,68.87999725341797,0,0,0,True,,,,
1776197920,713288187,,11.739999771118164,0.0,0.0,0.0,0.0,1.7999999523162842,68.87999725341797,0,0,0,True,,,,
1776197920,763208853,,11.729999542236328,0.0,0.0,0.0,0.0,1.7999999523162842,68.33000183105469,0,0,0,True,,,,
1776197920,813173074,,11.729999542236328,0.0,0.0,0.0,0.0,1.7999999523162842,68.33000183105469,0,0,0,True,,,,
1776197920,863258146,,11.729999542236328,0.0,0.0,0.0,0.0,1.7999999523162842,68.33000183105469,0,0,0,True,,,,
1776197920,913247459,,11.729999542236328,0.0,0.0,0.0,0.0,1.7999999523162842,68.33000183105469,0,0,0,True,,,,
1776197920,963186143,,11.739999771118164,0.0,0.0,0.0,0.0,1.7999999523162842,68.87999725341797,0,0,0,True,,,,
1776197921,13189401,,11.739999771118164,0.0,0.0,0.0,0.0,1.7999999523162842,68.87999725341797,0,0,0,True,,,,
1776197921,63166474,,11.739999771118164,0.0,0.0,0.0,0.0,1.7999999523162842,68.87999725341797,0,0,0,True,,,,
1776197921,113174972,,11.729999542236328,0.0,0.0,0.0,0.0,1.7999999523162842,68.33000183105469,0,0,0,True,,,,
1776197921,163194378,,11.729999542236328,0.0,0.0,0.0,0.0,1.7999999523162842,68.33000183105469,0,0,0,True,,,,
1776197921,213150581,,11.710000038146973,0.0,0.0,0.0,0.0,1.7999999523162842,67.22000122070312,0,0,0,True,,,,
1776197921,263213800,,11.739999771118164,0.0,0.0,0.0,0.0,1.7999999523162842,68.87999725341797,0,0,0,True,,,,
1776197921,313191132,,11.729999542236328,0.0,0.0,0.0,0.0,1.7999999523162842,68.33000183105469,0,0,0,True,,,,
1776197921,363221297,,11.729999542236328,0.0,0.0,0.0,0.0,1.7999999523162842,68.33000183105469,0,0,0,True,,,,
1776197921,413203240,,11.729999542236328,0.0,0.0,0.0,0.0,1.7999999523162842,68.33000183105469,0,0,0,True,,,,
1776197921,463166684,,11.739999771118164,0.0,0.0,0.0,0.0,1.7999999523162842,68.87999725341797,0,0,0,True,,,,
1776197921,513171367,,11.739999771118164,0.0,0.0,0.0,0.0,1.7999999523162842,68.87999725341797,0,0,0,True,,,,
1776197921,563182143,,11.739999771118164,0.0,0.0,0.0,0.0,1.7999999523162842,68.87999725341797,0,0,0,True,,,,
1776197921,613174568,,11.729999542236328,0.0,0.0,0.0,0.0,1.7999999523162842,68.33000183105469,0,0,0,True,,,,
1776197921,663166974,,11.739999771118164,0.0,0.0,0.0,0.0,1.7999999523162842,68.87999725341797,0,0,0,True,,,,
1776197921,713198027,,11.729999542236328,0.0,0.0,0.0,0.0,1.7999999523162842,68.33000183105469,0,0,0,True,,,,
1776197921,763268599,,11.729999542236328,0.0,0.0,0.0,0.0,1.7999999523162842,68.33000183105469,0,0,0,True,,,,
1776197921,813187987,,11.729999542236328,0.0,0.0,0.0,0.0,1.7999999523162842,68.33000183105469,0,0,0,True,,,,
1776197921,863221096,,11.729999542236328,0.0,0.0,0.0,0.0,1.7999999523162842,68.33000183105469,0,0,0,True,,,,
1776197921,913211280,,11.739999771118164,0.0,0.0,0.0,0.0,1.7999999523162842,68.87999725341797,0,0,0,True,,,,
1776197921,963164742,,11.729999542236328,0.0,0.0,0.0,0.0,1.7999999523162842,68.33000183105469,0,0,0,True,,,,
1776197922,13188685,,11.739999771118164,0.0,0.0,0.0,0.0,1.7999999523162842,68.87999725341797,0,0,0,True,,,,
1776197922,63151776,,11.739999771118164,0.0,0.0,0.0,0.0,1.7999999523162842,68.87999725341797,0,0,0,True,,,,
1776197922,113179089,,11.739999771118164,0.0,0.0,0.0,0.0,1.7999999523162842,68.87999725341797,0,0,0,True,,,,
1776197922,163184402,,11.739999771118164,0.0,0.0,0.0,0.0,1.7999999523162842,68.87999725341797,0,0,0,True,,,,
1776197922,213243122,,11.729999542236328,0.0,0.0,0.0,0.0,1.7999999523162842,68.33000183105469,0,0,0,True,,,,
1776197922,263156455,,11.729999542236328,0.0,0.0,0.0,0.0,1.7999999523162842,68.33000183105469,0,0,0,True,,,,
1776197922,313151768,,11.739999771118164,0.0,0.0,0.0,0.0,1.7999999523162842,68.87999725341797,0,0,0,True,,,,
1776197922,363227969,,11.729999542236328,0.0,0.0,0.0,0.0,1.7999999523162842,68.33000183105469,0,0,0,True,,,,
1776197922,413232282,,11.729999542236328,0.0,0.0,0.0,0.0,1.7999999523162842,68.33000183105469,0,0,0,True,,,,
1776197922,463177171,,11.739999771118164,0.0,0.0,0.0,0.0,1.7999999523162842,68.87999725341797,0,0,0,True,,,,
1776197922,513156114,,11.739999771118164,0.0,0.0,0.0,0.0,1.7999999523162842,68.87999725341797,0,0,0,True,,,,
1776197922,563192038,,11.729999542236328,0.0,0.0,0.0,0.0,1.7999999523162842,68.33000183105469,0,0,0,True,,,,
1776197922,613192666,,11.729999542236328,0.0,0.0,0.0,0.0,1.7999999523162842,68.33000183105469,0,0,0,True,,,,
1776197922,663171072,,11.729999542236328,0.0,0.0,0.0,0.0,1.7999999523162842,68.33000183105469,0,0,0,True,,,,
1776197922,713192996,,11.729999542236328,0.0,0.0,0.0,0.0,1.7999999523162842,68.33000183105469,0,0,0,True,,,,
1776197922,763214216,,11.729999542236328,0.0,0.0,0.0,0.0,1.7999999523162842,68.33000183105469,0,0,0,True,,,,
1776197922,813142401,,11.729999542236328,0.0,0.0,0.0,0.0,1.7999999523162842,68.33000183105469,0,0,0,True,,,,
1776197922,863208750,,11.739999771118164,0.0,0.0,0.0,0.0,1.7999999523162842,68.87999725341797,0,0,0,True,,,,
1776197922,913227508,,11.729999542236328,0.0,0.0,0.0,0.0,1.7999999523162842,68.33000183105469,0,0,0,True,,,,
1776197922,963194599,,11.6899995803833,0.0,0.0,0.0,0.0,1.7999999523162842,66.11000061035156,0,0,0,True,,,,
1776197923,13146098,,11.710000038146973,0.0,0.0,0.0,0.0,1.7999999523162842,67.22000122070312,0,0,0,True,,,,
1776197923,63173244,,11.710000038146973,0.0,0.0,0.0,0.0,1.7999999523162842,67.22000122070312,0,0,0,True,,,,
1776197923,113155687,,11.710000038146973,0.0,0.0,0.0,0.0,1.7999999523162842,67.22000122070312,0,0,0,True,,,,
1776197923,163193463,,11.710000038146973,0.0,0.0,0.0,0.0,1.7999999523162842,67.22000122070312,0,0,0,True,,,,
1776197923,213203054,,11.729999542236328,0.0,0.0,0.0,0.0,1.7999999523162842,68.33000183105469,0,0,0,True,,,,
1776197923,263190997,,11.729999542236328,0.0,0.0,0.0,0.0,1.7999999523162842,68.33000183105469,0,0,0,True,,,,
1776197923,313162014,,11.710000038146973,0.0,0.0,0.0,0.0,1.7999999523162842,67.22000122070312,0,0,0,True,,,,
1776197923,363189457,,11.729999542236328,0.0,0.0,0.0,0.0,1.7999999523162842,68.33000183105469,0,0,0,True,,,,
1776197923,413202214,,11.729999542236328,0.0,0.0,0.0,0.0,1.7999999523162842,68.33000183105469,0,0,0,True,,,,
1776197923,463148065,,11.710000038146973,0.0,0.0,0.0,0.0,1.7999999523162842,67.22000122070312,0,0,0,True,,,,
1776197923,513130934,,11.729999542236328,0.0,0.0,0.0,0.0,1.7999999523162842,68.33000183105469,0,0,0,True,,,,
1776197923,563227969,,11.710000038146973,0.0,0.0,0.0,0.0,1.7999999523162842,67.22000122070312,0,0,0,True,,,,
1776197923,613133339,,11.729999542236328,0.0,0.0,0.0,0.0,1.7999999523162842,68.33000183105469,0,0,0,True,,,,
1776197923,663149615,,11.729999542236328,0.0,0.0,0.0,0.0,1.7999999523162842,68.33000183105469,0,0,0,True,,,,
1776197923,713818067,,11.710000038146973,0.0,0.0,0.0,0.0,1.7999999523162842,67.22000122070312,0,0,0,True,,,,
1776197923,763179500,,11.710000038146973,0.0,0.0,0.0,0.0,1.7999999523162842,67.22000122070312,0,0,0,True,,,,
1776197923,813161017,,11.710000038146973,0.0,0.0,0.0,0.0,1.7999999523162842,67.22000122070312,0,0,0,True,,,,
1776197923,863201663,,11.729999542236328,0.0,0.0,0.0,0.0,1.7999999523162842,68.33000183105469,0,0,0,True,,,,
1776197923,913233346,,11.710000038146973,0.0,0.0,0.0,0.0,1.7999999523162842,67.22000122070312,0,0,0,True,,,,
1776197923,963173179,,11.710000038146973,0.0,0.0,0.0,0.0,1.7999999523162842,67.22000122070312,0,0,0,True,,,,
1776197924,13140548,,11.710000038146973,0.0,0.0,0.0,0.0,1.7999999523162842,67.22000122070312,0,0,0,True,,,,
1776197924,63160361,,11.729999542236328,0.0,0.0,0.0,0.0,1.7999999523162842,68.33000183105469,0,0,0,True,,,,
1776197924,113135027,,11.710000038146973,0.0,0.0,0.0,0.0,1.7999999523162842,67.22000122070312,0,0,0,True,,,,
1776197924,163131655,,11.729999542236328,0.0,0.0,0.0,0.0,1.7999999523162842,68.33000183105469,0,0,0,True,,,,
1776197924,213226467,,11.710000038146973,0.0,0.0,0.0,0.0,1.7999999523162842,67.22000122070312,0,0,0,True,,,,
1776197924,263142689,,11.729999542236328,0.0,0.0,0.0,0.0,1.7999999523162842,68.33000183105469,0,0,0,True,,,,
1776197924,313147242,,11.729999542236328,0.0,0.0,0.0,0.0,1.7999999523162842,68.33000183105469,0,0,0,True,,,,
1776197924,363158167,,11.729999542236328,0.0,0.0,0.0,0.0,1.7999999523162842,68.33000183105469,0,0,0,True,,,,
1776197924,413166054,,11.729999542236328,0.0,0.0,0.0,0.0,1.7999999523162842,68.33000183105469,0,0,0,True,,,,
1776197924,463164923,,11.710000038146973,0.0,0.0,0.0,0.0,1.7999999523162842,67.22000122070312,0,0,0,True,,,,
1776197924,513125977,,11.710000038146973,0.0,0.0,0.0,0.0,1.7999999523162842,67.22000122070312,0,0,0,True,,,,
1776197924,563247159,,11.729999542236328,0.0,0.0,0.0,0.0,1.7999999523162842,68.33000183105469,0,0,0,True,,,,
1776197924,613135252,,11.729999542236328,0.0,0.0,0.0,0.0,1.7999999523162842,68.33000183105469,0,0,0,True,,,,
1776197924,663135546,,11.729999542236328,0.0,0.0,0.0,0.0,1.7999999523162842,68.33000183105469,0,0,0,True,,,,
1776197924,713156582,,11.729999542236328,0.0,0.0,0.0,0.0,1.7999999523162842,68.33000183105469,0,0,0,True,,,,
1776197924,763123432,,11.710000038146973,0.0,0.0,0.0,0.0,1.7999999523162842,67.22000122070312,0,0,0,True,,,,
1776197924,813263855,,11.729999542236328,0.0,0.0,0.0,0.0,1.7999999523162842,68.33000183105469,0,0,0,True,,,,
1776197924,863173725,,11.729999542236328,0.0,0.0,0.0,0.0,1.7999999523162842,68.33000183105469,0,0,0,True,,,,
1776197924,913043855,,11.729999542236328,0.0,0.0,0.0,0.0,1.7999999523162842,68.33000183105469,0,0,0,True,,,,
1776197924,963120333,,11.729999542236328,0.0,0.0,0.0,0.0,1.7999999523162842,68.33000183105469,0,0,0,True,,,,
1776197925,13141313,,11.729999542236328,0.0,0.0,0.0,0.0,1.7999999523162842,68.33000183105469,0,0,0,True,,,,
1776197925,63193977,,11.710000038146973,0.0,0.0,0.0,0.0,1.7999999523162842,67.22000122070312,0,0,0,True,,,,
1776197925,113147532,,11.710000038146973,0.0,0.0,0.0,0.0,1.7999999523162842,67.22000122070312,0,0,0,True,,,,
1776197925,163116531,,11.710000038146973,0.0,0.0,0.0,0.0,1.7999999523162842,67.22000122070312,0,0,0,True,,,,
1776197925,213132400,,11.710000038146973,0.0,0.0,0.0,0.0,1.7999999523162842,67.22000122070312,0,0,0,True,,,,
1776197925,263215175,,11.729999542236328,0.0,0.0,0.0,0.0,1.7999999523162842,68.33000183105469,0,0,0,True,,,,
1776197925,313212229,,11.729999542236328,0.0,0.0,0.0,0.0,1.7999999523162842,68.33000183105469,0,0,0,True,,,,
1776197925,363186468,,11.710000038146973,0.0,0.0,0.0,0.0,1.7999999523162842,67.22000122070312,0,0,0,True,,,,
1776197925,413166245,,11.710000038146973,0.0,0.0,0.0,0.0,1.7999999523162842,67.22000122070312,0,0,0,True,,,,
1776197925,467029318,,11.710000038146973,0.0,0.0,0.0,0.0,1.7999999523162842,67.22000122070312,0,0,0,True,,,,
1776197925,513103131,,11.710000038146973,0.0,0.0,0.0,0.0,1.7999999523162842,67.22000122070312,0,0,0,True,,,,
1776197925,563112704,,11.710000038146973,0.0,0.0,0.0,0.0,1.7999999523162842,67.22000122070312,0,0,0,True,,,,
1776197925,613036925,,11.729999542236328,0.0,0.0,0.0,0.0,1.7999999523162842,68.33000183105469,0,0,0,True,,,,
1776197925,663123441,,11.729999542236328,0.0,0.0,0.0,0.0,1.7999999523162842,68.33000183105469,0,0,0,True,,,,
1776197925,713292826,,11.710000038146973,0.0,0.0,0.0,0.0,1.7999999523162842,67.22000122070312,0,0,0,True,,,,
1776197925,767116511,,11.729999542236328,0.0,0.0,0.0,0.0,1.7999999523162842,68.33000183105469,0,0,0,True,,,,
1776197925,813162380,,11.710000038146973,0.0,0.0,0.0,0.0,1.7999999523162842,67.22000122070312,0,0,0,True,,,,
1776197925,863140286,,11.710000038146973,0.0,0.0,0.0,0.0,1.7999999523162842,67.22000122070312,0,0,0,True,,,,
1776197925,913085489,,11.729999542236328,0.0,0.0,0.0,0.0,1.7999999523162842,68.33000183105469,0,0,0,True,,,,
1776197925,963095062,,11.729999542236328,0.0,0.0,0.0,0.0,1.7999999523162842,68.33000183105469,0,0,0,True,,,,
1776197926,13106745,,11.729999542236328,0.0,0.0,0.0,0.0,1.7999999523162842,68.33000183105469,0,0,0,True,,,,
1776197926,63140373,,11.710000038146973,0.0,0.0,0.0,0.0,1.7999999523162842,67.22000122070312,0,0,0,True,,,,
1776197926,113105538,,11.729999542236328,0.0,0.0,0.0,0.0,1.7999999523162842,68.33000183105469,0,0,0,True,,,,
1776197926,163088685,,11.729999542236328,0.0,0.0,0.0,0.0,1.7999999523162842,68.33000183105469,0,0,0,True,,,,
1776197926,213193441,,11.729999542236328,0.0,0.0,0.0,0.0,1.7999999523162842,68.33000183105469,0,0,0,True,,,,
1776197926,263113033,,11.729999542236328,0.0,0.0,0.0,0.0,1.7999999523162842,68.33000183105469,0,0,0,True,,,,
1776197926,313116439,,11.729999542236328,0.0,0.0,0.0,0.0,1.7999999523162842,68.33000183105469,0,0,0,True,,,,
1776197926,363263991,,11.710000038146973,0.0,0.0,0.0,0.0,1.7999999523162842,67.22000122070312,0,0,0,True,,,,
1776197926,413130214,,11.729999542236328,0.0,0.0,0.0,0.0,1.7999999523162842,68.33000183105469,0,0,0,True,,,,
1776197926,463126360,,11.729999542236328,0.0,0.0,0.0,0.0,1.7999999523162842,68.33000183105469,0,0,0,True,,,,
1776197926,513131655,,11.710000038146973,0.0,0.0,0.0,0.0,1.7999999523162842,67.22000122070312,0,0,0,True,,,,
1776197926,563180023,,11.729999542236328,0.0,0.0,0.0,0.0,1.7999999523162842,68.33000183105469,0,0,0,True,,,,
1776197926,613118393,,11.710000038146973,0.0,0.0,0.0,0.0,1.7999999523162842,67.22000122070312,0,0,0,True,,,,
1776197926,663087558,,11.710000038146973,0.0,0.0,0.0,0.0,1.7999999523162842,67.22000122070312,0,0,0,True,,,,
1776197926,713153982,,11.710000038146973,0.0,0.0,0.0,0.0,1.7999999523162842,67.22000122070312,0,0,0,True,,,,
1776197926,763147073,,11.729999542236328,0.0,0.0,0.0,0.0,1.7999999523162842,68.33000183105469,0,0,0,True,,,,
1776197926,813110479,,11.729999542236328,0.0,0.0,0.0,0.0,1.7999999523162842,68.33000183105469,0,0,0,True,,,,
1776197926,863182477,,11.710000038146973,0.0,0.0,0.0,0.0,1.7999999523162842,67.22000122070312,0,0,0,True,,,,
1776197926,913101680,,11.710000038146973,0.0,0.0,0.0,0.0,1.7999999523162842,67.22000122070312,0,0,0,True,,,,
1776197926,963065031,,11.729999542236328,0.0,0.0,0.0,0.0,1.7999999523162842,68.33000183105469,0,0,0,True,,,,
1776197927,13112991,,11.729999542236328,0.0,0.0,0.0,0.0,1.7999999523162842,68.33000183105469,0,0,0,True,,,,
1776197927,63074324,,11.710000038146973,0.0,0.0,0.0,0.0,1.7999999523162842,67.22000122070312,0,0,0,True,,,,
1776197927,113092822,,11.739999771118164,0.0,0.0,0.0,0.0,1.7999999523162842,68.87999725341797,0,0,0,True,,,,
1776197927,163271947,,11.75999927520752,0.0,0.0,0.0,0.0,1.7999999523162842,70.0,0,0,0,True,,,,
1776197927,213060893,,11.729999542236328,0.0,0.0,0.0,0.0,1.7999999523162842,68.33000183105469,0,0,0,True,,,,
1776197927,263119595,,11.739999771118164,0.0,0.0,0.0,0.0,1.7999999523162842,68.87999725341797,0,0,0,True,,,,
1776197927,313113093,,11.729999542236328,0.0,0.0,0.0,0.0,1.7999999523162842,68.33000183105469,0,0,0,True,,,,
1776197927,363105369,,11.729999542236328,0.0,0.0,0.0,0.0,1.7999999523162842,68.33000183105469,0,0,0,True,,,,
1776197927,413099368,,11.729999542236328,0.0,0.0,0.0,0.0,1.7999999523162842,68.33000183105469,0,0,0,True,,,,
1776197927,463112959,,11.729999542236328,0.0,0.0,0.0,0.0,1.7999999523162842,68.33000183105469,0,0,0,True,,,,
1776197927,513214271,,11.739999771118164,0.0,0.0,0.0,0.0,1.7999999523162842,68.87999725341797,0,0,0,True,,,,
1776197927,564376790,,11.729999542236328,0.0,0.0,0.0,0.0,1.7999999523162842,68.33000183105469,0,0,0,True,,,,
1776197927,613087899,,11.729999542236328,0.0,0.0,0.0,0.0,1.7999999523162842,68.33000183105469,0,0,0,True,,,,
1776197927,663124119,,11.729999542236328,0.0,0.0,0.0,0.0,1.7999999523162842,68.33000183105469,0,0,0,True,,,,
1776197927,713115118,,11.739999771118164,0.0,0.0,0.0,0.0,1.7999999523162842,68.87999725341797,0,0,0,True,,,,
1776197927,763100301,,11.729999542236328,0.0,0.0,0.0,0.0,1.7999999523162842,68.33000183105469,0,0,0,True,,,,
1776197927,813058523,,11.729999542236328,0.0,0.0,0.0,0.0,1.7999999523162842,68.33000183105469,0,0,0,True,,,,
1776197927,863150261,,11.739999771118164,0.0,0.0,0.0,0.0,1.7999999523162842,68.87999725341797,0,0,0,True,,,,
1776197927,913103260,,11.729999542236328,0.0,0.0,0.0,0.0,1.7999999523162842,68.33000183105469,0,0,0,True,,,,
1776197927,963077055,,11.729999542236328,0.0,0.0,0.0,0.0,1.7999999523162842,68.33000183105469,0,0,0,True,,,,
1776197928,15383706,,11.729999542236328,0.0,0.0,0.0,0.0,1.7999999523162842,68.33000183105469,0,0,0,True,,,,
1776197928,63103459,,11.739999771118164,0.0,0.0,0.0,0.0,1.7999999523162842,68.87999725341797,0,0,0,True,,,,
1776197928,113123623,,11.729999542236328,0.0,0.0,0.0,0.0,1.7999999523162842,68.33000183105469,0,0,0,True,,,,
1776197928,163120511,,11.739999771118164,0.0,0.0,0.0,0.0,1.7999999523162842,68.87999725341797,0,0,0,True,,,,
1776197928,213163379,,11.729999542236328,0.0,0.0,0.0,0.0,1.7999999523162842,68.33000183105469,0,0,0,True,,,,
1776197928,263115360,,11.729999542236328,0.0,0.0,0.0,0.0,1.7999999523162842,68.33000183105469,0,0,0,True,,,,
1776197928,313111488,,11.739999771118164,0.0,0.0,0.0,0.0,1.7999999523162842,68.87999725341797,0,0,0,True,,,,
1776197928,363137264,,11.729999542236328,0.0,0.0,0.0,0.0,1.7999999523162842,68.33000183105469,0,0,0,True,,,,
1776197928,413067707,,11.729999542236328,0.0,0.0,0.0,0.0,1.7999999523162842,68.33000183105469,0,0,0,True,,,,
1776197928,463071558,,11.729999542236328,0.0,0.0,0.0,0.0,1.7999999523162842,68.33000183105469,0,0,0,True,,,,
1776197928,513089852,,11.729999542236328,0.0,0.0,0.0,0.0,1.7999999523162842,68.33000183105469,0,0,0,True,,,,
1776197928,563077110,,11.710000038146973,0.0,0.0,0.0,0.0,1.7999999523162842,67.22000122070312,0,0,0,True,,,,
1776197928,613091071,,11.710000038146973,0.0,0.0,0.0,0.0,1.7999999523162842,67.22000122070312,0,0,0,True,,,,
1776197928,663070922,,11.710000038146973,0.0,0.0,0.0,0.0,1.7999999523162842,67.22000122070312,0,0,0,True,,,,
1776197928,713062402,,11.710000038146973,0.0,0.0,0.0,0.0,1.7999999523162842,67.22000122070312,0,0,0,True,,,,
1776197928,763073307,,11.729999542236328,0.0,0.0,0.0,0.0,1.7999999523162842,68.33000183105469,0,0,0,True,,,,
1776197928,813058936,,11.710000038146973,0.0,0.0,0.0,0.0,1.7999999523162842,67.22000122070312,0,0,0,True,,,,
1776197928,863040953,,11.710000038146973,0.0,0.0,0.0,0.0,1.7999999523162842,67.22000122070312,0,0,0,True,,,,
1776197928,913059284,,11.710000038146973,0.0,0.0,0.0,0.0,1.7999999523162842,67.22000122070312,0,0,0,True,,,,
1776197928,963066616,,11.710000038146973,0.0,0.0,0.0,0.0,1.7999999523162842,67.22000122070312,0,0,0,True,,,,
1776197929,38949657,,11.670000076293945,0.0,0.0,0.0,0.0,1.7999999523162842,65.0,0,0,0,True,,,,
1776197929,63077816,,11.670000076293945,0.0,0.0,0.0,0.0,1.7999999523162842,65.0,0,0,0,True,,,,
1776197929,113061778,,11.6899995803833,0.0,0.0,0.0,0.0,1.7999999523162842,66.11000061035156,0,0,0,True,,,,
1776197929,163087646,,11.6899995803833,0.0,0.0,0.0,0.0,1.7999999523162842,66.11000061035156,0,0,0,True,,,,
1776197929,213152366,,11.729999542236328,0.0,0.0,0.0,0.0,1.7999999523162842,68.33000183105469,0,0,0,True,,,,
1776197929,263149180,,11.729999542236328,0.0,0.0,0.0,0.0,1.7999999523162842,68.33000183105469,0,0,0,True,,,,
1776197929,313079660,,11.739999771118164,0.0,0.0,0.0,0.0,1.7999999523162842,68.87999725341797,0,0,0,True,,,,
1776197929,363194065,,11.729999542236328,0.0,0.0,0.0,0.0,1.7999999523162842,68.33000183105469,0,0,0,True,,,,
1776197929,413092157,,11.739999771118164,0.0,0.0,0.0,0.0,1.7999999523162842,68.87999725341797,0,0,0,True,,,,
1776197929,463137284,,11.710000038146973,0.0,0.0,0.0,0.0,1.7999999523162842,67.22000122070312,0,0,0,True,,,,
1776197929,513126172,,11.729999542236328,0.0,0.0,0.0,0.0,1.7999999523162842,68.33000183105469,0,0,0,True,,,,
1776197929,563138004,,11.739999771118164,0.0,0.0,0.0,0.0,1.7999999523162842,68.87999725341797,0,0,0,True,,,,
1776197929,613058355,,11.729999542236328,0.0,0.0,0.0,0.0,1.7999999523162842,68.33000183105469,0,0,0,True,,,,
1776197929,663132852,,11.729999542236328,0.0,0.0,0.0,0.0,1.7999999523162842,68.33000183105469,0,0,0,True,,,,
1776197929,713077444,,11.729999542236328,0.0,0.0,0.0,0.0,1.7999999523162842,68.33000183105469,0,0,0,True,,,,
1776197929,763128664,,11.739999771118164,0.0,0.0,0.0,0.0,1.7999999523162842,68.87999725341797,0,0,0,True,,,,
1776197929,813085552,,11.739999771118164,0.0,0.0,0.0,0.0,1.7999999523162842,68.87999725341797,0,0,0,True,,,,
1776197929,863169160,,11.729999542236328,0.0,0.0,0.0,0.0,1.7999999523162842,68.33000183105469,0,0,0,True,,,,
1776197929,913126104,,11.729999542236328,0.0,0.0,0.0,0.0,1.7999999523162842,68.33000183105469,0,0,0,True,,,,
1776197929,963111769,,11.729999542236328,0.0,0.0,0.0,0.0,1.7999999523162842,68.33000183105469,0,0,0,True,,,,
1776197930,13120564,,11.739999771118164,0.0,0.0,0.0,0.0,1.7999999523162842,68.87999725341797,0,0,0,True,,,,
1776197930,63216653,,11.75999927520752,0.0,0.0,0.0,0.0,1.7999999523162842,70.0,0,0,0,True,,,,
1776197930,113089505,,11.739999771118164,0.0,0.0,0.0,0.0,1.7999999523162842,68.87999725341797,0,0,0,True,,,,
1776197930,163149503,,11.739999771118164,0.0,0.0,0.0,0.0,1.7999999523162842,68.87999725341797,0,0,0,True,,,,
1776197930,213119039,,11.729999542236328,0.0,0.0,0.0,0.0,1.7999999523162842,68.33000183105469,0,0,0,True,,,,
1776197930,263168277,,11.739999771118164,0.0,0.0,0.0,0.0,1.7999999523162842,68.87999725341797,0,0,0,True,,,,
1776197930,313116999,,11.739999771118164,0.0,0.0,0.0,0.0,1.7999999523162842,68.87999725341797,0,0,0,True,,,,
1776197930,363149441,,11.75999927520752,0.0,0.0,0.0,0.0,1.7999999523162842,70.0,0,0,0,True,,,,
1776197930,413083329,,11.729999542236328,0.0,0.0,0.0,0.0,1.7999999523162842,68.33000183105469,0,0,0,True,,,,
1776197930,463087957,,11.739999771118164,0.0,0.0,0.0,0.0,1.7999999523162842,68.87999725341797,0,0,0,True,,,,
1776197930,513086308,,11.739999771118164,0.0,0.0,0.0,0.0,1.7999999523162842,68.87999725341797,0,0,0,True,,,,
1776197930,563075417,,11.739999771118164,0.0,0.0,0.0,0.0,1.7999999523162842,68.87999725341797,0,0,0,True,,,,
1776197930,613096619,,11.739999771118164,0.0,0.0,0.0,0.0,1.7999999523162842,68.87999725341797,0,0,0,True,,,,
1776197930,663125784,,11.739999771118164,0.0,0.0,0.0,0.0,1.7999999523162842,68.87999725341797,0,0,0,True,,,,
1776197930,713135412,,11.739999771118164,0.0,0.0,0.0,0.0,1.7999999523162842,68.87999725341797,0,0,0,True,,,,
1776197930,763061522,,11.729999542236328,0.0,0.0,0.0,0.0,1.7999999523162842,68.33000183105469,0,0,0,True,,,,
1776197930,813125964,,11.739999771118164,0.0,0.0,0.0,0.0,1.7999999523162842,68.87999725341797,0,0,0,True,,,,
1776197930,863157185,,11.739999771118164,0.0,0.0,0.0,0.0,1.7999999523162842,68.87999725341797,0,0,0,True,,,,
1776197930,913125387,,11.739999771118164,0.0,0.0,0.0,0.0,1.7999999523162842,68.87999725341797,0,0,0,True,,,,
1776197930,963053016,,11.729999542236328,0.0,0.0,0.0,0.0,1.7999999523162842,68.33000183105469,0,0,0,True,,,,
1776197931,13073163,,11.729999542236328,0.0,0.0,0.0,0.0,1.7999999523162842,68.33000183105469,0,0,0,True,,,,
1776197931,63053235,,11.710000038146973,0.0,0.0,0.0,0.0,1.7999999523162842,67.22000122070312,0,0,0,True,,,,
1776197931,113095381,,11.729999542236328,0.0,0.0,0.0,0.0,1.7999999523162842,68.33000183105469,0,0,0,True,,,,
1776197931,163057029,,11.739999771118164,0.0,0.0,0.0,0.0,1.7999999523162842,68.87999725341797,0,0,0,True,,,,
1776197931,213171525,,11.729999542236328,0.0,0.0,0.0,0.0,1.7999999523162842,68.33000183105469,0,0,0,True,,,,
1776197931,263080618,,11.729999542236328,0.0,0.0,0.0,0.0,1.7999999523162842,68.33000183105469,0,0,0,True,,,,
