1776723220,151723173,,12.25999927520752,0.0,0.0,0.0,0.0,1.7999999523162842,97.7699966430664,0,0,0,True,,,,
1776723220,201711187,,12.25999927520752,0.0,0.0,0.0,0.0,1.7999999523162842,97.7699966430664,0,0,0,True,,,,
1776723220,251681460,,12.25999927520752,0.0,0.0,0.0,0.0,1.7999999523162842,97.7699966430664,0,0,0,True,,,,
1776723220,301678992,,12.279999732971191,0.0,0.0,0.0,0.0,1.7999999523162842,98.87999725341797,0,0,0,True,,,,
1776723220,351710838,,12.25999927520752,0.0,0.0,0.0,0.0,1.7999999523162842,97.7699966430664,0,0,0,True,,,,
1776723220,401737870,,12.25999927520752,0.0,0.0,0.0,0.0,1.7999999523162842,97.7699966430664,0,0,0,True,,,,
1776723220,451692866,,12.219999313354492,0.0,0.0,0.0,0.0,1.7999999523162842,95.54999542236328,0,0,0,True,,,,
1776723220,501677102,,12.25999927520752,0.0,0.0,0.0,0.0,1.7999999523162842,97.7699966430664,0,0,0,True,,,,
1776723220,551785595,,12.25999927520752,0.0,0.0,0.0,0.0,1.7999999523162842,97.7699966430664,0,0,0,True,,,,
1776723220,601674185,,12.25999927520752,0.0,0.0,0.0,0.0,1.7999999523162842,97.7699966430664,0,0,0,True,,,,
1776723220,651715420,,12.25999927520752,0.0,0.0,0.0,0.0,1.7999999523162842,97.7699966430664,0,0,0,True,,,,
1776723220,701677860,,12.25999927520752,0.0,0.0,0.0,0.0,1.7999999523162842,97.7699966430664,0,0,0,True,,,,
1776723220,751689392,,12.25999927520752,0.0,0.0,0.0,0.0,1.7999999523162842,97.7699966430664,0,0,0,True,,,,
1776723220,801670221,,12.25999927520752,0.0,0.0,0.0,0.0,1.7999999523162842,97.7699966430664,0,0,0,True,,,,
1776723220,851677901,,12.279999732971191,0.0,0.0,0.0,0.0,1.7999999523162842,98.87999725341797,0,0,0,True,,,,
1776723220,901650192,,12.25999927520752,0.0,0.0,0.0,0.0,1.7999999523162842,97.7699966430664,0,0,0,True,,,,
1776723220,951693687,,12.25999927520752,0.0,0.0,0.0,0.0,1.7999999523162842,97.7699966430664,0,0,0,True,,,,
1776723221,1733959,,12.25999927520752,0.0,0.0,0.0,0.0,1.7999999523162842,97.7699966430664,0,0,0,True,,,,
1776723221,51659585,,12.25999927520752,0.0,0.0,0.0,0.0,1.7999999523162842,97.7699966430664,0,0,0,True,,,,
1776723221,101689820,,12.25999927520752,0.0,0.0,0.0,0.0,1.7999999523162842,97.7699966430664,0,0,0,True,,,,
1776723221,151698130,,12.279999732971191,0.0,0.0,0.0,0.0,1.7999999523162842,98.87999725341797,0,0,0,True,,,,
1776723221,201710940,,12.25999927520752,0.0,0.0,0.0,0.0,1.7999999523162842,97.7699966430664,0,0,0,True,,,,
1776723221,251830692,,12.25999927520752,0.0,0.0,0.0,0.0,1.7999999523162842,97.7699966430664,0,0,0,True,,,,
1776723221,301684912,,12.279999732971191,0.0,0.0,0.0,0.0,1.7999999523162842,98.87999725341797,0,0,0,True,,,,
1776723221,351656907,,12.25999927520752,0.0,0.0,0.0,0.0,1.7999999523162842,97.7699966430664,0,0,0,True,,,,
1776723221,401674846,,12.25999927520752,0.0,0.0,0.0,0.0,1.7999999523162842,97.7699966430664,0,0,0,True,,,,
1776723221,451793006,,12.25999927520752,0.0,0.0,0.0,0.0,1.7999999523162842,97.7699966430664,0,0,0,True,,,,
1776723221,501650911,,12.25999927520752,0.0,0.0,0.0,0.0,1.7999999523162842,97.7699966430664,0,0,0,True,,,,
1776723221,551653813,,12.239999771118164,0.0,0.0,0.0,0.0,1.7999999523162842,96.65999603271484,0,0,0,True,,,,
1776723221,601648531,,12.239999771118164,0.0,0.0,0.0,0.0,1.7999999523162842,96.65999603271484,0,0,0,True,,,,
1776723221,651649174,,12.239999771118164,0.0,0.0,0.0,0.0,1.7999999523162842,96.65999603271484,0,0,0,True,,,,
1776723221,701654224,,12.25999927520752,0.0,0.0,0.0,0.0,1.7999999523162842,97.7699966430664,0,0,0,True,,,,
1776723221,751657460,,12.239999771118164,0.0,0.0,0.0,0.0,1.7999999523162842,96.65999603271484,0,0,0,True,,,,
1776723221,801647455,,12.239999771118164,0.0,0.0,0.0,0.0,1.7999999523162842,96.65999603271484,0,0,0,True,,,,
1776723221,851655172,,12.239999771118164,0.0,0.0,0.0,0.0,1.7999999523162842,96.65999603271484,0,0,0,True,,,,
1776723221,901659871,,12.25999927520752,0.0,0.0,0.0,0.0,1.7999999523162842,97.7699966430664,0,0,0,True,,,,
1776723221,951695347,,12.239999771118164,0.0,0.0,0.0,0.0,1.7999999523162842,96.65999603271484,0,0,0,True,,,,
1776723222,1713101,,12.25999927520752,0.0,0.0,0.0,0.0,1.7999999523162842,97.7699966430664,0,0,0,True,,,,
1776723222,51698022,,12.25999927520752,0.0,0.0,0.0,0.0,1.7999999523162842,97.7699966430664,0,0,0,True,,,,
1776723222,101722295,,12.25999927520752,0.0,0.0,0.0,0.0,1.7999999523162842,97.7699966430664,0,0,0,True,,,,
1776723222,151717697,,12.239999771118164,0.0,0.0,0.0,0.0,1.7999999523162842,96.65999603271484,0,0,0,True,,,,
1776723222,201682971,,12.25999927520752,0.0,0.0,0.0,0.0,1.7999999523162842,97.7699966430664,0,0,0,True,,,,
1776723222,251737780,,12.239999771118164,0.0,0.0,0.0,0.0,1.7999999523162842,96.65999603271484,0,0,0,True,,,,
1776723222,301661054,,12.25999927520752,0.0,0.0,0.0,0.0,1.7999999523162842,97.7699966430664,0,0,0,True,,,,
1776723222,351648771,,12.239999771118164,0.0,0.0,0.0,0.0,1.7999999523162842,96.65999603271484,0,0,0,True,,,,
1776723222,401686173,,12.239999771118164,0.0,0.0,0.0,0.0,1.7999999523162842,96.65999603271484,0,0,0,True,,,,
1776723222,451657058,,12.25999927520752,0.0,0.0,0.0,0.0,1.7999999523162842,97.7699966430664,0,0,0,True,,,,
1776723222,501625183,,12.239999771118164,0.0,0.0,0.0,0.0,1.7999999523162842,96.65999603271484,0,0,0,True,,,,
1776723222,551662529,,12.25999927520752,0.0,0.0,0.0,0.0,1.7999999523162842,97.7699966430664,0,0,0,True,,,,
1776723222,601646173,,12.25999927520752,0.0,0.0,0.0,0.0,1.7999999523162842,97.7699966430664,0,0,0,True,,,,
1776723222,651899830,,12.239999771118164,0.0,0.0,0.0,0.0,1.7999999523162842,96.65999603271484,0,0,0,True,,,,
1776723222,701736383,,12.239999771118164,0.0,0.0,0.0,0.0,1.7999999523162842,96.65999603271484,0,0,0,True,,,,
1776723222,751661361,,12.239999771118164,0.0,0.0,0.0,0.0,1.7999999523162842,96.65999603271484,0,0,0,True,,,,
1776723222,801640560,,12.239999771118164,0.0,0.0,0.0,0.0,1.7999999523162842,96.65999603271484,0,0,0,True,,,,
1776723222,851680499,,12.25999927520752,0.0,0.0,0.0,0.0,1.7999999523162842,97.7699966430664,0,0,0,True,,,,
1776723222,901627902,,12.239999771118164,0.0,0.0,0.0,0.0,1.7999999523162842,96.65999603271484,0,0,0,True,,,,
1776723222,951668045,,12.239999771118164,0.0,0.0,0.0,0.0,1.7999999523162842,96.65999603271484,0,0,0,True,,,,
1776723223,1676373,,12.25999927520752,0.0,0.0,0.0,0.0,1.7999999523162842,97.7699966430664,0,0,0,True,,,,
1776723223,51668924,,12.25999927520752,0.0,0.0,0.0,0.0,1.7999999523162842,97.7699966430664,0,0,0,True,,,,
1776723223,101671863,,12.239999771118164,0.0,0.0,0.0,0.0,1.7999999523162842,96.65999603271484,0,0,0,True,,,,
1776723223,151696377,,12.25999927520752,0.0,0.0,0.0,0.0,1.7999999523162842,97.7699966430664,0,0,0,True,,,,
1776723223,201662057,,12.25999927520752,0.0,0.0,0.0,0.0,1.7999999523162842,97.7699966430664,0,0,0,True,,,,
1776723223,251688793,,12.25999927520752,0.0,0.0,0.0,0.0,1.7999999523162842,97.7699966430664,0,0,0,True,,,,
1776723223,301718991,,12.239999771118164,0.0,0.0,0.0,0.0,1.7999999523162842,96.65999603271484,0,0,0,True,,,,
1776723223,351631969,,12.239999771118164,0.0,0.0,0.0,0.0,1.7999999523162842,96.65999603271484,0,0,0,True,,,,
1776723223,401702926,,12.25999927520752,0.0,0.0,0.0,0.0,1.7999999523162842,97.7699966430664,0,0,0,True,,,,
1776723223,451628811,,12.239999771118164,0.0,0.0,0.0,0.0,1.7999999523162842,96.65999603271484,0,0,0,True,,,,
1776723223,501681157,,12.239999771118164,0.0,0.0,0.0,0.0,1.7999999523162842,96.65999603271484,0,0,0,True,,,,
1776723223,551627468,,12.239999771118164,0.0,0.0,0.0,0.0,1.7999999523162842,96.65999603271484,0,0,0,True,,,,
1776723223,601643092,,12.25999927520752,0.0,0.0,0.0,0.0,1.7999999523162842,97.7699966430664,0,0,0,True,,,,
1776723223,651631236,,12.25999927520752,0.0,0.0,0.0,0.0,1.7999999523162842,97.7699966430664,0,0,0,True,,,,
1776723223,701714674,,12.25999927520752,0.0,0.0,0.0,0.0,1.7999999523162842,97.7699966430664,0,0,0,True,,,,
1776723223,751655503,,12.279999732971191,0.0,0.0,0.0,0.0,1.7999999523162842,98.87999725341797,0,0,0,True,,,,
1776723223,801721534,,12.25999927520752,0.0,0.0,0.0,0.0,1.7999999523162842,97.7699966430664,0,0,0,True,,,,
1776723223,851636827,,12.279999732971191,0.0,0.0,0.0,0.0,1.7999999523162842,98.87999725341797,0,0,0,True,,,,
1776723223,901636581,,12.279999732971191,0.0,0.0,0.0,0.0,1.7999999523162842,98.87999725341797,0,0,0,True,,,,
1776723223,951673224,,12.25999927520752,0.0,0.0,0.0,0.0,1.7999999523162842,97.7699966430664,0,0,0,True,,,,
1776723224,1647349,,12.25999927520752,0.0,0.0,0.0,0.0,1.7999999523162842,97.7699966430664,0,0,0,True,,,,
1776723224,51630733,,12.25999927520752,0.0,0.0,0.0,0.0,1.7999999523162842,97.7699966430664,0,0,0,True,,,,
1776723224,101636265,,12.279999732971191,0.0,0.0,0.0,0.0,1.7999999523162842,98.87999725341797,0,0,0,True,,,,
1776723224,151599909,,12.279999732971191,0.0,0.0,0.0,0.0,1.7999999523162842,98.87999725341797,0,0,0,True,,,,
1776723224,201640570,,12.25999927520752,0.0,0.0,0.0,0.0,1.7999999523162842,97.7699966430664,0,0,0,True,,,,
1776723224,251668898,,12.25999927520752,0.0,0.0,0.0,0.0,1.7999999523162842,97.7699966430664,0,0,0,True,,,,
1776723224,301644541,,12.279999732971191,0.0,0.0,0.0,0.0,1.7999999523162842,98.87999725341797,0,0,0,True,,,,
1776723224,351658481,,12.25999927520752,0.0,0.0,0.0,0.0,1.7999999523162842,97.7699966430664,0,0,0,True,,,,
1776723224,401640606,,12.25999927520752,0.0,0.0,0.0,0.0,1.7999999523162842,97.7699966430664,0,0,0,True,,,,
1776723224,451683230,,12.25999927520752,0.0,0.0,0.0,0.0,1.7999999523162842,97.7699966430664,0,0,0,True,,,,
1776723224,501591430,,12.25999927520752,0.0,0.0,0.0,0.0,1.7999999523162842,97.7699966430664,0,0,0,True,,,,
1776723224,551644017,,12.25999927520752,0.0,0.0,0.0,0.0,1.7999999523162842,97.7699966430664,0,0,0,True,,,,
1776723224,601601309,,12.25999927520752,0.0,0.0,0.0,0.0,1.7999999523162842,97.7699966430664,0,0,0,True,,,,
1776723224,651658192,,12.279999732971191,0.0,0.0,0.0,0.0,1.7999999523162842,98.87999725341797,0,0,0,True,,,,
1776723224,701643169,,12.25999927520752,0.0,0.0,0.0,0.0,1.7999999523162842,97.7699966430664,0,0,0,True,,,,
1776723224,751637182,,12.25999927520752,0.0,0.0,0.0,0.0,1.7999999523162842,97.7699966430664,0,0,0,True,,,,
1776723224,801637992,,12.25999927520752,0.0,0.0,0.0,0.0,1.7999999523162842,97.7699966430664,0,0,0,True,,,,
1776723224,851640487,,12.25999927520752,0.0,0.0,0.0,0.0,1.7999999523162842,97.7699966430664,0,0,0,True,,,,
1776723224,901656723,,12.279999732971191,0.0,0.0,0.0,0.0,1.7999999523162842,98.87999725341797,0,0,0,True,,,,
1776723224,951619237,,12.279999732971191,0.0,0.0,0.0,0.0,1.7999999523162842,98.87999725341797,0,0,0,True,,,,
1776723225,1632898,,12.25999927520752,0.0,0.0,0.0,0.0,1.7999999523162842,97.7699966430664,0,0,0,True,,,,
1776723225,51675559,,12.25999927520752,0.0,0.0,0.0,0.0,1.7999999523162842,97.7699966430664,0,0,0,True,,,,
1776723225,101652203,,12.25999927520752,0.0,0.0,0.0,0.0,1.7999999523162842,97.7699966430664,0,0,0,True,,,,
1776723225,151623865,,12.25999927520752,0.0,0.0,0.0,0.0,1.7999999523162842,97.7699966430664,0,0,0,True,,,,
1776723225,201629212,,12.25999927520752,0.0,0.0,0.0,0.0,1.7999999523162842,97.7699966430664,0,0,0,True,,,,
1776723225,251647336,,12.279999732971191,0.0,0.0,0.0,0.0,1.7999999523162842,98.87999725341797,0,0,0,True,,,,
1776723225,301580369,,12.25999927520752,0.0,0.0,0.0,0.0,1.7999999523162842,97.7699966430664,0,0,0,True,,,,
1776723225,351596957,,12.25999927520752,0.0,0.0,0.0,0.0,1.7999999523162842,97.7699966430664,0,0,0,True,,,,
1776723225,401659155,,12.25999927520752,0.0,0.0,0.0,0.0,1.7999999523162842,97.7699966430664,0,0,0,True,,,,
1776723225,451586521,,12.279999732971191,0.0,0.0,0.0,0.0,1.7999999523162842,98.87999725341797,0,0,0,True,,,,
1776723225,501625034,,12.25999927520752,0.0,0.0,0.0,0.0,1.7999999523162842,97.7699966430664,0,0,0,True,,,,
1776723225,551592604,,12.25999927520752,0.0,0.0,0.0,0.0,1.7999999523162842,97.7699966430664,0,0,0,True,,,,
1776723225,601697116,,12.25999927520752,0.0,0.0,0.0,0.0,1.7999999523162842,97.7699966430664,0,0,0,True,,,,
1776723225,651638315,,12.25999927520752,0.0,0.0,0.0,0.0,1.7999999523162842,97.7699966430664,0,0,0,True,,,,
1776723225,701652644,,12.25999927520752,0.0,0.0,0.0,0.0,1.7999999523162842,97.7699966430664,0,0,0,True,,,,
1776723225,751617454,,12.25999927520752,0.0,0.0,0.0,0.0,1.7999999523162842,97.7699966430664,0,0,0,True,,,,
1776723225,801621393,,12.25999927520752,0.0,0.0,0.0,0.0,1.7999999523162842,97.7699966430664,0,0,0,True,,,,
1776723225,851600130,,12.25999927520752,0.0,0.0,0.0,0.0,1.7999999523162842,97.7699966430664,0,0,0,True,,,,
1776723225,901620921,,12.25999927520752,0.0,0.0,0.0,0.0,1.7999999523162842,97.7699966430664,0,0,0,True,,,,
1776723225,951613768,,12.279999732971191,0.0,0.0,0.0,0.0,1.7999999523162842,98.87999725341797,0,0,0,True,,,,
1776723226,1631503,,12.279999732971191,0.0,0.0,0.0,0.0,1.7999999523162842,98.87999725341797,0,0,0,True,,,,
1776723226,51631183,,12.279999732971191,0.0,0.0,0.0,0.0,1.7999999523162842,98.87999725341797,0,0,0,True,,,,
1776723226,101631252,,12.279999732971191,0.0,0.0,0.0,0.0,1.7999999523162842,98.87999725341797,0,0,0,True,,,,
1776723226,151598748,,12.279999732971191,0.0,0.0,0.0,0.0,1.7999999523162842,98.87999725341797,0,0,0,True,,,,
1776723226,201625187,,12.25999927520752,0.0,0.0,0.0,0.0,1.7999999523162842,97.7699966430664,0,0,0,True,,,,
1776723226,251664867,,12.279999732971191,0.0,0.0,0.0,0.0,1.7999999523162842,98.87999725341797,0,0,0,True,,,,
1776723226,301602066,,12.25999927520752,0.0,0.0,0.0,0.0,1.7999999523162842,97.7699966430664,0,0,0,True,,,,
1776723226,351581932,,12.279999732971191,0.0,0.0,0.0,0.0,1.7999999523162842,98.87999725341797,0,0,0,True,,,,
1776723226,401652667,,12.279999732971191,0.0,0.0,0.0,0.0,1.7999999523162842,98.87999725341797,0,0,0,True,,,,
1776723226,451602663,,12.279999732971191,0.0,0.0,0.0,0.0,1.7999999523162842,98.87999725341797,0,0,0,True,,,,
1776723226,501598028,,12.25999927520752,0.0,0.0,0.0,0.0,1.7999999523162842,97.7699966430664,0,0,0,True,,,,
1776723226,551643541,,12.25999927520752,0.0,0.0,0.0,0.0,1.7999999523162842,97.7699966430664,0,0,0,True,,,,
1776723226,601575704,,12.25999927520752,0.0,0.0,0.0,0.0,1.7999999523162842,97.7699966430664,0,0,0,True,,,,
1776723226,651640272,,12.25999927520752,0.0,0.0,0.0,0.0,1.7999999523162842,97.7699966430664,0,0,0,True,,,,
1776723226,701629915,,12.25999927520752,0.0,0.0,0.0,0.0,1.7999999523162842,97.7699966430664,0,0,0,True,,,,
1776723226,751700057,,12.25999927520752,0.0,0.0,0.0,0.0,1.7999999523162842,97.7699966430664,0,0,0,True,,,,
1776723226,801565092,,12.25999927520752,0.0,0.0,0.0,0.0,1.7999999523162842,97.7699966430664,0,0,0,True,,,,
1776723226,851603438,,12.25999927520752,0.0,0.0,0.0,0.0,1.7999999523162842,97.7699966430664,0,0,0,True,,,,
1776723226,901629284,,12.279999732971191,0.0,0.0,0.0,0.0,1.7999999523162842,98.87999725341797,0,0,0,True,,,,
1776723226,951577984,,12.25999927520752,0.0,0.0,0.0,0.0,1.7999999523162842,97.7699966430664,0,0,0,True,,,,
1776723227,1603275,,12.25999927520752,0.0,0.0,0.0,0.0,1.7999999523162842,97.7699966430664,0,0,0,True,,,,
1776723227,51612659,,12.25999927520752,0.0,0.0,0.0,0.0,1.7999999523162842,97.7699966430664,0,0,0,True,,,,
1776723227,101589117,,12.279999732971191,0.0,0.0,0.0,0.0,1.7999999523162842,98.87999725341797,0,0,0,True,,,,
1776723227,151554705,,12.279999732971191,0.0,0.0,0.0,0.0,1.7999999523162842,98.87999725341797,0,0,0,True,,,,
1776723227,201583904,,12.25999927520752,0.0,0.0,0.0,0.0,1.7999999523162842,97.7699966430664,0,0,0,True,,,,
1776723227,251641287,,12.25999927520752,0.0,0.0,0.0,0.0,1.7999999523162842,97.7699966430664,0,0,0,True,,,,
1776723227,301601060,,12.25999927520752,0.0,0.0,0.0,0.0,1.7999999523162842,97.7699966430664,0,0,0,True,,,,
1776723227,351582037,,12.279999732971191,0.0,0.0,0.0,0.0,1.7999999523162842,98.87999725341797,0,0,0,True,,,,
1776723227,401554718,,12.25999927520752,0.0,0.0,0.0,0.0,1.7999999523162842,97.7699966430664,0,0,0,True,,,,
1776723227,451584194,,12.279999732971191,0.0,0.0,0.0,0.0,1.7999999523162842,98.87999725341797,0,0,0,True,,,,
1776723227,501554393,,12.25999927520752,0.0,0.0,0.0,0.0,1.7999999523162842,97.7699966430664,0,0,0,True,,,,
1776723227,551583980,,12.25999927520752,0.0,0.0,0.0,0.0,1.7999999523162842,97.7699966430664,0,0,0,True,,,,
1776723227,601564475,,12.25999927520752,0.0,0.0,0.0,0.0,1.7999999523162842,97.7699966430664,0,0,0,True,,,,
1776723227,659624421,,12.279999732971191,0.0,0.0,0.0,0.0,1.7999999523162842,98.87999725341797,0,0,0,True,,,,
1776723227,701494448,,12.25999927520752,0.0,0.0,0.0,0.0,1.7999999523162842,97.7699966430664,0,0,0,True,,,,
1776723227,751462833,,12.239999771118164,0.0,0.0,0.0,0.0,1.7999999523162842,96.65999603271484,0,0,0,True,,,,
1776723227,801593474,,12.239999771118164,0.0,0.0,0.0,0.0,1.7999999523162842,96.65999603271484,0,0,0,True,,,,
1776723227,851610802,,12.279999732971191,0.0,0.0,0.0,0.0,1.7999999523162842,98.87999725341797,0,0,0,True,,,,
1776723227,901661944,,12.25999927520752,0.0,0.0,0.0,0.0,1.7999999523162842,97.7699966430664,0,0,0,True,,,,
1776723227,951577848,,12.25999927520752,0.0,0.0,0.0,0.0,1.7999999523162842,97.7699966430664,0,0,0,True,,,,
1776723228,1594565,,12.279999732971191,0.0,0.0,0.0,0.0,1.7999999523162842,98.87999725341797,0,0,0,True,,,,
1776723228,51655781,,12.25999927520752,0.0,0.0,0.0,0.0,1.7999999523162842,97.7699966430664,0,0,0,True,,,,
1776723228,101590592,,12.25999927520752,0.0,0.0,0.0,0.0,1.7999999523162842,97.7699966430664,0,0,0,True,,,,
1776723228,151565143,,12.25999927520752,0.0,0.0,0.0,0.0,1.7999999523162842,97.7699966430664,0,0,0,True,,,,
1776723228,201614008,,12.25999927520752,0.0,0.0,0.0,0.0,1.7999999523162842,97.7699966430664,0,0,0,True,,,,
1776723228,251631855,,12.279999732971191,0.0,0.0,0.0,0.0,1.7999999523162842,98.87999725341797,0,0,0,True,,,,
1776723228,301595980,,12.25999927520752,0.0,0.0,0.0,0.0,1.7999999523162842,97.7699966430664,0,0,0,True,,,,
1776723228,351575734,,12.279999732971191,0.0,0.0,0.0,0.0,1.7999999523162842,98.87999725341797,0,0,0,True,,,,
1776723228,401585359,,12.239999771118164,0.0,0.0,0.0,0.0,1.7999999523162842,96.65999603271484,0,0,0,True,,,,
1776723228,451572577,,12.25999927520752,0.0,0.0,0.0,0.0,1.7999999523162842,97.7699966430664,0,0,0,True,,,,
1776723228,501603979,,12.25999927520752,0.0,0.0,0.0,0.0,1.7999999523162842,97.7699966430664,0,0,0,True,,,,
1776723228,551590492,,12.25999927520752,0.0,0.0,0.0,0.0,1.7999999523162842,97.7699966430664,0,0,0,True,,,,
1776723228,601576636,,12.25999927520752,0.0,0.0,0.0,0.0,1.7999999523162842,97.7699966430664,0,0,0,True,,,,
1776723228,651586964,,12.25999927520752,0.0,0.0,0.0,0.0,1.7999999523162842,97.7699966430664,0,0,0,True,,,,
1776723228,701608477,,12.25999927520752,0.0,0.0,0.0,0.0,1.7999999523162842,97.7699966430664,0,0,0,True,,,,
1776723228,751529399,,12.25999927520752,0.0,0.0,0.0,0.0,1.7999999523162842,97.7699966430664,0,0,0,True,,,,
1776723228,801562357,,12.25999927520752,0.0,0.0,0.0,0.0,1.7999999523162842,97.7699966430664,0,0,0,True,,,,
1776723228,851606759,,12.239999771118164,0.0,0.0,0.0,0.0,1.7999999523162842,96.65999603271484,0,0,0,True,,,,
1776723228,901592865,,12.25999927520752,0.0,0.0,0.0,0.0,1.7999999523162842,97.7699966430664,0,0,0,True,,,,
1776723228,951609582,,12.25999927520752,0.0,0.0,0.0,0.0,1.7999999523162842,97.7699966430664,0,0,0,True,,,,
1776723229,1603355,,12.25999927520752,0.0,0.0,0.0,0.0,1.7999999523162842,97.7699966430664,0,0,0,True,,,,
1776723229,51604720,,12.25999927520752,0.0,0.0,0.0,0.0,1.7999999523162842,97.7699966430664,0,0,0,True,,,,
1776723229,101529420,,12.279999732971191,0.0,0.0,0.0,0.0,1.7999999523162842,98.87999725341797,0,0,0,True,,,,
1776723229,151555804,,12.279999732971191,0.0,0.0,0.0,0.0,1.7999999523162842,98.87999725341797,0,0,0,True,,,,
1776723229,201573299,,12.25999927520752,0.0,0.0,0.0,0.0,1.7999999523162842,97.7699966430664,0,0,0,True,,,,
1776723229,251581294,,12.279999732971191,0.0,0.0,0.0,0.0,1.7999999523162842,98.87999725341797,0,0,0,True,,,,
1776723229,301569974,,12.25999927520752,0.0,0.0,0.0,0.0,1.7999999523162842,97.7699966430664,0,0,0,True,,,,
1776723229,351555099,,12.25999927520752,0.0,0.0,0.0,0.0,1.7999999523162842,97.7699966430664,0,0,0,True,,,,
1776723229,401639426,,12.25999927520752,0.0,0.0,0.0,0.0,1.7999999523162842,97.7699966430664,0,0,0,True,,,,
1776723229,451572644,,12.25999927520752,0.0,0.0,0.0,0.0,1.7999999523162842,97.7699966430664,0,0,0,True,,,,
1776723229,501603935,,12.25999927520752,0.0,0.0,0.0,0.0,1.7999999523162842,97.7699966430664,0,0,0,True,,,,
1776723229,551605264,,12.279999732971191,0.0,0.0,0.0,0.0,1.7999999523162842,98.87999725341797,0,0,0,True,,,,
1776723229,601526038,,12.279999732971191,0.0,0.0,0.0,0.0,1.7999999523162842,98.87999725341797,0,0,0,True,,,,
1776723229,651576421,,12.25999927520752,0.0,0.0,0.0,0.0,1.7999999523162842,97.7699966430664,0,0,0,True,,,,
1776723229,701544676,,12.25999927520752,0.0,0.0,0.0,0.0,1.7999999523162842,97.7699966430664,0,0,0,True,,,,
1776723229,751562133,,12.279999732971191,0.0,0.0,0.0,0.0,1.7999999523162842,98.87999725341797,0,0,0,True,,,,
1776723229,801523814,,12.279999732971191,0.0,0.0,0.0,0.0,1.7999999523162842,98.87999725341797,0,0,0,True,,,,
1776723229,851601734,,12.25999927520752,0.0,0.0,0.0,0.0,1.7999999523162842,97.7699966430664,0,0,0,True,,,,
1776723229,901551211,,12.279999732971191,0.0,0.0,0.0,0.0,1.7999999523162842,98.87999725341797,0,0,0,True,,,,
1776723229,951537095,,12.25999927520752,0.0,0.0,0.0,0.0,1.7999999523162842,97.7699966430664,0,0,0,True,,,,
1776723230,1591108,,12.25999927520752,0.0,0.0,0.0,0.0,1.7999999523162842,97.7699966430664,0,0,0,True,,,,
1776723230,51583474,,12.25999927520752,0.0,0.0,0.0,0.0,1.7999999523162842,97.7699966430664,0,0,0,True,,,,
1776723230,101608765,,12.239999771118164,0.0,0.0,0.0,0.0,1.7999999523162842,96.65999603271484,0,0,0,True,,,,
1776723230,151519909,,12.279999732971191,0.0,0.0,0.0,0.0,1.7999999523162842,98.87999725341797,0,0,0,True,,,,
1776723230,201611736,,12.25999927520752,0.0,0.0,0.0,0.0,1.7999999523162842,97.7699966430664,0,0,0,True,,,,
1776723230,251550695,,12.25999927520752,0.0,0.0,0.0,0.0,1.7999999523162842,97.7699966430664,0,0,0,True,,,,
1776723230,301607171,,12.25999927520752,0.0,0.0,0.0,0.0,1.7999999523162842,97.7699966430664,0,0,0,True,,,,
1776723230,351541797,,12.25999927520752,0.0,0.0,0.0,0.0,1.7999999523162842,97.7699966430664,0,0,0,True,,,,
1776723230,401567365,,12.25999927520752,0.0,0.0,0.0,0.0,1.7999999523162842,97.7699966430664,0,0,0,True,,,,
1776723230,451523324,,12.25999927520752,0.0,0.0,0.0,0.0,1.7999999523162842,97.7699966430664,0,0,0,True,,,,
1776723230,501552411,,12.25999927520752,0.0,0.0,0.0,0.0,1.7999999523162842,97.7699966430664,0,0,0,True,,,,
1776723230,551514129,,12.25999927520752,0.0,0.0,0.0,0.0,1.7999999523162842,97.7699966430664,0,0,0,True,,,,
1776723230,601575438,,12.25999927520752,0.0,0.0,0.0,0.0,1.7999999523162842,97.7699966430664,0,0,0,True,,,,
1776723230,651541730,,12.25999927520752,0.0,0.0,0.0,0.0,1.7999999523162842,97.7699966430664,0,0,0,True,,,,
1776723230,701546373,,12.239999771118164,0.0,0.0,0.0,0.0,1.7999999523162842,96.65999603271484,0,0,0,True,,,,
1776723230,751553294,,12.25999927520752,0.0,0.0,0.0,0.0,1.7999999523162842,97.7699966430664,0,0,0,True,,,,
1776723230,801549474,,12.25999927520752,0.0,0.0,0.0,0.0,1.7999999523162842,97.7699966430664,0,0,0,True,,,,
1776723230,851627672,,12.25999927520752,0.0,0.0,0.0,0.0,1.7999999523162842,97.7699966430664,0,0,0,True,,,,
1776723230,901577575,,12.25999927520752,0.0,0.0,0.0,0.0,1.7999999523162842,97.7699966430664,0,0,0,True,,,,
1776723230,951495368,,12.25999927520752,0.0,0.0,0.0,0.0,1.7999999523162842,97.7699966430664,0,0,0,True,,,,
1776723231,1581084,,12.239999771118164,0.0,0.0,0.0,0.0,1.7999999523162842,96.65999603271484,0,0,0,True,,,,
1776723231,51548616,,12.25999927520752,0.0,0.0,0.0,0.0,1.7999999523162842,97.7699966430664,0,0,0,True,,,,
1776723231,101553667,,12.25999927520752,0.0,0.0,0.0,0.0,1.7999999523162842,97.7699966430664,0,0,0,True,,,,
1776723231,151539958,,12.25999927520752,0.0,0.0,0.0,0.0,1.7999999523162842,97.7699966430664,0,0,0,True,,,,
1776723231,201548972,,12.25999927520752,0.0,0.0,0.0,0.0,1.7999999523162842,97.7699966430664,0,0,0,True,,,,
1776723231,251576355,,12.25999927520752,0.0,0.0,0.0,0.0,1.7999999523162842,97.7699966430664,0,0,0,True,,,,
1776723231,301513110,,12.25999927520752,0.0,0.0,0.0,0.0,1.7999999523162842,97.7699966430664,0,0,0,True,,,,
1776723231,351587012,,12.25999927520752,0.0,0.0,0.0,0.0,1.7999999523162842,97.7699966430664,0,0,0,True,,,,
1776723231,401554896,,12.25999927520752,0.0,0.0,0.0,0.0,1.7999999523162842,97.7699966430664,0,0,0,True,,,,
1776723231,451600594,,12.239999771118164,0.0,0.0,0.0,0.0,1.7999999523162842,96.65999603271484,0,0,0,True,,,,
1776723231,501505220,,12.25999927520752,0.0,0.0,0.0,0.0,1.7999999523162842,97.7699966430664,0,0,0,True,,,,
1776723231,551498734,,12.25999927520752,0.0,0.0,0.0,0.0,1.7999999523162842,97.7699966430664,0,0,0,True,,,,
1776723231,601488452,,12.239999771118164,0.0,0.0,0.0,0.0,1.7999999523162842,96.65999603271484,0,0,0,True,,,,
1776723231,651495206,,12.239999771118164,0.0,0.0,0.0,0.0,1.7999999523162842,96.65999603271484,0,0,0,True,,,,
1776723231,701483775,,12.239999771118164,0.0,0.0,0.0,0.0,1.7999999523162842,96.65999603271484,0,0,0,True,,,,
1776723231,751516529,,12.239999771118164,0.0,0.0,0.0,0.0,1.7999999523162842,96.65999603271484,0,0,0,True,,,,
1776723231,801508654,,12.239999771118164,0.0,0.0,0.0,0.0,1.7999999523162842,96.65999603271484,0,0,0,True,,,,
1776723231,851516260,,12.25999927520752,0.0,0.0,0.0,0.0,1.7999999523162842,97.7699966430664,0,0,0,True,,,,
1776723231,901498718,,12.239999771118164,0.0,0.0,0.0,0.0,1.7999999523162842,96.65999603271484,0,0,0,True,,,,
1776723231,951495361,,12.239999771118164,0.0,0.0,0.0,0.0,1.7999999523162842,96.65999603271484,0,0,0,True,,,,
1776723232,1562170,,12.25999927520752,0.0,0.0,0.0,0.0,1.7999999523162842,97.7699966430664,0,0,0,True,,,,
1776723232,51494277,,12.25999927520752,0.0,0.0,0.0,0.0,1.7999999523162842,97.7699966430664,0,0,0,True,,,,
1776723232,101484458,,12.239999771118164,0.0,0.0,0.0,0.0,1.7999999523162842,96.65999603271484,0,0,0,True,,,,
1776723232,151499304,,12.25999927520752,0.0,0.0,0.0,0.0,1.7999999523162842,97.7699966430664,0,0,0,True,,,,
1776723232,201517262,,12.279999732971191,0.0,0.0,0.0,0.0,1.7999999523162842,98.87999725341797,0,0,0,True,,,,
1776723232,251530183,,12.25999927520752,0.0,0.0,0.0,0.0,1.7999999523162842,97.7699966430664,0,0,0,True,,,,
1776723232,301548807,,12.25999927520752,0.0,0.0,0.0,0.0,1.7999999523162842,97.7699966430664,0,0,0,True,,,,
1776723232,351496211,,12.25999927520752,0.0,0.0,0.0,0.0,1.7999999523162842,97.7699966430664,0,0,0,True,,,,
1776723232,401518131,,12.25999927520752,0.0,0.0,0.0,0.0,1.7999999523162842,97.7699966430664,0,0,0,True,,,,
1776723232,451520145,,12.25999927520752,0.0,0.0,0.0,0.0,1.7999999523162842,97.7699966430664,0,0,0,True,,,,
1776723232,501517973,,12.25999927520752,0.0,0.0,0.0,0.0,1.7999999523162842,97.7699966430664,0,0,0,True,,,,
1776723232,551502320,,12.25999927520752,0.0,0.0,0.0,0.0,1.7999999523162842,97.7699966430664,0,0,0,True,,,,
1776723232,601510204,,12.25999927520752,0.0,0.0,0.0,0.0,1.7999999523162842,97.7699966430664,0,0,0,True,,,,
1776723232,651629623,,12.25999927520752,0.0,0.0,0.0,0.0,1.7999999523162842,97.7699966430664,0,0,0,True,,,,
1776723232,701524138,,12.25999927520752,0.0,0.0,0.0,0.0,1.7999999523162842,97.7699966430664,0,0,0,True,,,,
1776723232,751516060,,12.25999927520752,0.0,0.0,0.0,0.0,1.7999999523162842,97.7699966430664,0,0,0,True,,,,
1776723232,801502073,,12.25999927520752,0.0,0.0,0.0,0.0,1.7999999523162842,97.7699966430664,0,0,0,True,,,,
1776723232,851477421,,12.239999771118164,0.0,0.0,0.0,0.0,1.7999999523162842,96.65999603271484,0,0,0,True,,,,
1776723232,901593099,,12.25999927520752,0.0,0.0,0.0,0.0,1.7999999523162842,97.7699966430664,0,0,0,True,,,,
1776723232,951502114,,12.25999927520752,0.0,0.0,0.0,0.0,1.7999999523162842,97.7699966430664,0,0,0,True,,,,
1776723233,1565904,,12.25999927520752,0.0,0.0,0.0,0.0,1.7999999523162842,97.7699966430664,0,0,0,True,,,,
1776723233,51489956,,12.25999927520752,0.0,0.0,0.0,0.0,1.7999999523162842,97.7699966430664,0,0,0,True,,,,
1776723233,101512507,,12.25999927520752,0.0,0.0,0.0,0.0,1.7999999523162842,97.7699966430664,0,0,0,True,,,,
1776723233,151548205,,12.25999927520752,0.0,0.0,0.0,0.0,1.7999999523162842,97.7699966430664,0,0,0,True,,,,
1776723233,201506126,,12.25999927520752,0.0,0.0,0.0,0.0,1.7999999523162842,97.7699966430664,0,0,0,True,,,,
1776723233,251496992,,12.25999927520752,0.0,0.0,0.0,0.0,1.7999999523162842,97.7699966430664,0,0,0,True,,,,
1776723233,301490154,,12.25999927520752,0.0,0.0,0.0,0.0,1.7999999523162842,97.7699966430664,0,0,0,True,,,,
1776723233,351485075,,12.279999732971191,0.0,0.0,0.0,0.0,1.7999999523162842,98.87999725341797,0,0,0,True,,,,
1776723233,401534143,,12.25999927520752,0.0,0.0,0.0,0.0,1.7999999523162842,97.7699966430664,0,0,0,True,,,,
1776723233,451507602,,12.25999927520752,0.0,0.0,0.0,0.0,1.7999999523162842,97.7699966430664,0,0,0,True,,,,
1776723233,501503763,,12.25999927520752,0.0,0.0,0.0,0.0,1.7999999523162842,97.7699966430664,0,0,0,True,,,,
1776723233,551506777,,12.25999927520752,0.0,0.0,0.0,0.0,1.7999999523162842,97.7699966430664,0,0,0,True,,,,
1776723233,601460939,,12.25999927520752,0.0,0.0,0.0,0.0,1.7999999523162842,97.7699966430664,0,0,0,True,,,,
1776723233,651523582,,12.25999927520752,0.0,0.0,0.0,0.0,1.7999999523162842,97.7699966430664,0,0,0,True,,,,
1776723233,701520651,,12.25999927520752,0.0,0.0,0.0,0.0,1.7999999523162842,97.7699966430664,0,0,0,True,,,,
1776723233,751466184,,12.25999927520752,0.0,0.0,0.0,0.0,1.7999999523162842,97.7699966430664,0,0,0,True,,,,
1776723233,801460216,,12.25999927520752,0.0,0.0,0.0,0.0,1.7999999523162842,97.7699966430664,0,0,0,True,,,,
1776723233,851459378,,12.25999927520752,0.0,0.0,0.0,0.0,1.7999999523162842,97.7699966430664,0,0,0,True,,,,
1776723233,901475669,,12.25999927520752,0.0,0.0,0.0,0.0,1.7999999523162842,97.7699966430664,0,0,0,True,,,,
1776723233,951512126,,12.25999927520752,0.0,0.0,0.0,0.0,1.7999999523162842,97.7699966430664,0,0,0,True,,,,
1776723234,1499455,,12.25999927520752,0.0,0.0,0.0,0.0,1.7999999523162842,97.7699966430664,0,0,0,True,,,,
1776723234,51512838,,12.25999927520752,0.0,0.0,0.0,0.0,1.7999999523162842,97.7699966430664,0,0,0,True,,,,
1776723234,101527204,,12.25999927520752,0.0,0.0,0.0,0.0,1.7999999523162842,97.7699966430664,0,0,0,True,,,,
1776723234,151460255,,12.25999927520752,0.0,0.0,0.0,0.0,1.7999999523162842,97.7699966430664,0,0,0,True,,,,
1776723234,201462732,,12.25999927520752,0.0,0.0,0.0,0.0,1.7999999523162842,97.7699966430664,0,0,0,True,,,,
1776723234,251500578,,12.239999771118164,0.0,0.0,0.0,0.0,1.7999999523162842,96.65999603271484,0,0,0,True,,,,
1776723234,301515684,,12.239999771118164,0.0,0.0,0.0,0.0,1.7999999523162842,96.65999603271484,0,0,0,True,,,,
1776723234,351478939,,12.25999927520752,0.0,0.0,0.0,0.0,1.7999999523162842,97.7699966430664,0,0,0,True,,,,
1776723234,401485841,,12.25999927520752,0.0,0.0,0.0,0.0,1.7999999523162842,97.7699966430664,0,0,0,True,,,,
1776723234,451534169,,12.25999927520752,0.0,0.0,0.0,0.0,1.7999999523162842,97.7699966430664,0,0,0,True,,,,
1776723234,501439499,,12.25999927520752,0.0,0.0,0.0,0.0,1.7999999523162842,97.7699966430664,0,0,0,True,,,,
1776723234,551485364,,12.239999771118164,0.0,0.0,0.0,0.0,1.7999999523162842,96.65999603271484,0,0,0,True,,,,
1776723234,601510025,,12.25999927520752,0.0,0.0,0.0,0.0,1.7999999523162842,97.7699966430664,0,0,0,True,,,,
1776723234,651483872,,12.25999927520752,0.0,0.0,0.0,0.0,1.7999999523162842,97.7699966430664,0,0,0,True,,,,
1776723234,701517182,,12.25999927520752,0.0,0.0,0.0,0.0,1.7999999523162842,97.7699966430664,0,0,0,True,,,,
1776723234,751491066,,12.239999771118164,0.0,0.0,0.0,0.0,1.7999999523162842,96.65999603271484,0,0,0,True,,,,
1776723234,801447450,,12.25999927520752,0.0,0.0,0.0,0.0,1.7999999523162842,97.7699966430664,0,0,0,True,,,,
1776723234,851471630,,12.239999771118164,0.0,0.0,0.0,0.0,1.7999999523162842,96.65999603271484,0,0,0,True,,,,
1776723234,901489477,,12.25999927520752,0.0,0.0,0.0,0.0,1.7999999523162842,97.7699966430664,0,0,0,True,,,,
1776723234,951547453,,12.25999927520752,0.0,0.0,0.0,0.0,1.7999999523162842,97.7699966430664,0,0,0,True,,,,
1776723235,1501967,,12.239999771118164,0.0,0.0,0.0,0.0,1.7999999523162842,96.65999603271484,0,0,0,True,,,,
1776723235,51456240,,12.25999927520752,0.0,0.0,0.0,0.0,1.7999999523162842,97.7699966430664,0,0,0,True,,,,
1776723235,101491272,,12.25999927520752,0.0,0.0,0.0,0.0,1.7999999523162842,97.7699966430664,0,0,0,True,,,,
1776723235,151552414,,12.239999771118164,0.0,0.0,0.0,0.0,1.7999999523162842,96.65999603271484,0,0,0,True,,,,
1776723235,201462096,,12.239999771118164,0.0,0.0,0.0,0.0,1.7999999523162842,96.65999603271484,0,0,0,True,,,,
1776723235,251479998,,12.25999927520752,0.0,0.0,0.0,0.0,1.7999999523162842,97.7699966430664,0,0,0,True,,,,
1776723235,301506770,,12.25999927520752,0.0,0.0,0.0,0.0,1.7999999523162842,97.7699966430664,0,0,0,True,,,,
1776723235,351435637,,12.25999927520752,0.0,0.0,0.0,0.0,1.7999999523162842,97.7699966430664,0,0,0,True,,,,
1776723235,401500113,,12.239999771118164,0.0,0.0,0.0,0.0,1.7999999523162842,96.65999603271484,0,0,0,True,,,,
1776723235,451487626,,12.25999927520752,0.0,0.0,0.0,0.0,1.7999999523162842,97.7699966430664,0,0,0,True,,,,
1776723235,501461770,,12.25999927520752,0.0,0.0,0.0,0.0,1.7999999523162842,97.7699966430664,0,0,0,True,,,,
1776723235,551478005,,12.25999927520752,0.0,0.0,0.0,0.0,1.7999999523162842,97.7699966430664,0,0,0,True,,,,
1776723235,601445834,,12.239999771118164,0.0,0.0,0.0,0.0,1.7999999523162842,96.65999603271484,0,0,0,True,,,,
1776723235,651476051,,12.25999927520752,0.0,0.0,0.0,0.0,1.7999999523162842,97.7699966430664,0,0,0,True,,,,
1776723235,701431658,,12.25999927520752,0.0,0.0,0.0,0.0,1.7999999523162842,97.7699966430664,0,0,0,True,,,,
1776723235,751478041,,12.25999927520752,0.0,0.0,0.0,0.0,1.7999999523162842,97.7699966430664,0,0,0,True,,,,
1776723235,801450518,,12.25999927520752,0.0,0.0,0.0,0.0,1.7999999523162842,97.7699966430664,0,0,0,True,,,,
1776723235,851441587,,12.25999927520752,0.0,0.0,0.0,0.0,1.7999999523162842,97.7699966430664,0,0,0,True,,,,
1776723235,901488563,,12.25999927520752,0.0,0.0,0.0,0.0,1.7999999523162842,97.7699966430664,0,0,0,True,,,,
1776723235,951458855,,12.25999927520752,0.0,0.0,0.0,0.0,1.7999999523162842,97.7699966430664,0,0,0,True,,,,
1776723236,1465183,,12.239999771118164,0.0,0.0,0.0,0.0,1.7999999523162842,96.65999603271484,0,0,0,True,,,,
1776723236,51430438,,12.25999927520752,0.0,0.0,0.0,0.0,1.7999999523162842,97.7699966430664,0,0,0,True,,,,
1776723236,101446674,,12.25999927520752,0.0,0.0,0.0,0.0,1.7999999523162842,97.7699966430664,0,0,0,True,,,,
1776723236,151421132,,12.25999927520752,0.0,0.0,0.0,0.0,1.7999999523162842,97.7699966430664,0,0,0,True,,,,
1776723236,201450849,,12.25999927520752,0.0,0.0,0.0,0.0,1.7999999523162842,97.7699966430664,0,0,0,True,,,,
1776723236,251493010,,12.25999927520752,0.0,0.0,0.0,0.0,1.7999999523162842,97.7699966430664,0,0,0,True,,,,
1776723236,301475302,,12.25999927520752,0.0,0.0,0.0,0.0,1.7999999523162842,97.7699966430664,0,0,0,True,,,,
1776723236,351409298,,12.25999927520752,0.0,0.0,0.0,0.0,1.7999999523162842,97.7699966430664,0,0,0,True,,,,
1776723236,401504551,,12.25999927520752,0.0,0.0,0.0,0.0,1.7999999523162842,97.7699966430664,0,0,0,True,,,,
1776723236,451443361,,12.25999927520752,0.0,0.0,0.0,0.0,1.7999999523162842,97.7699966430664,0,0,0,True,,,,
1776723236,501487097,,12.239999771118164,0.0,0.0,0.0,0.0,1.7999999523162842,96.65999603271484,0,0,0,True,,,,
1776723236,551436259,,12.25999927520752,0.0,0.0,0.0,0.0,1.7999999523162842,97.7699966430664,0,0,0,True,,,,
1776723236,601407125,,12.25999927520752,0.0,0.0,0.0,0.0,1.7999999523162842,97.7699966430664,0,0,0,True,,,,
1776723236,651464397,,12.25999927520752,0.0,0.0,0.0,0.0,1.7999999523162842,97.7699966430664,0,0,0,True,,,,
1776723236,701495854,,12.25999927520752,0.0,0.0,0.0,0.0,1.7999999523162842,97.7699966430664,0,0,0,True,,,,
1776723236,751470442,,12.25999927520752,0.0,0.0,0.0,0.0,1.7999999523162842,97.7699966430664,0,0,0,True,,,,
1776723236,801447845,,12.25999927520752,0.0,0.0,0.0,0.0,1.7999999523162842,97.7699966430664,0,0,0,True,,,,
1776723236,851448118,,12.239999771118164,0.0,0.0,0.0,0.0,1.7999999523162842,96.65999603271484,0,0,0,True,,,,
1776723236,901446798,,12.25999927520752,0.0,0.0,0.0,0.0,1.7999999523162842,97.7699966430664,0,0,0,True,,,,
1776723236,951514700,,12.279999732971191,0.0,0.0,0.0,0.0,1.7999999523162842,98.87999725341797,0,0,0,True,,,,
1776723237,1477195,,12.25999927520752,0.0,0.0,0.0,0.0,1.7999999523162842,97.7699966430664,0,0,0,True,,,,
1776723237,51464765,,12.25999927520752,0.0,0.0,0.0,0.0,1.7999999523162842,97.7699966430664,0,0,0,True,,,,
1776723237,101433168,,12.25999927520752,0.0,0.0,0.0,0.0,1.7999999523162842,97.7699966430664,0,0,0,True,,,,
1776723237,151405015,,12.25999927520752,0.0,0.0,0.0,0.0,1.7999999523162842,97.7699966430664,0,0,0,True,,,,
1776723237,201441269,,12.239999771118164,0.0,0.0,0.0,0.0,1.7999999523162842,96.65999603271484,0,0,0,True,,,,
1776723237,251523948,,12.25999927520752,0.0,0.0,0.0,0.0,1.7999999523162842,97.7699966430664,0,0,0,True,,,,
1776723237,301436092,,12.279999732971191,0.0,0.0,0.0,0.0,1.7999999523162842,98.87999725341797,0,0,0,True,,,,
1776723237,351451069,,12.25999927520752,0.0,0.0,0.0,0.0,1.7999999523162842,97.7699966430664,0,0,0,True,,,,
1776723237,401446082,,12.25999927520752,0.0,0.0,0.0,0.0,1.7999999523162842,97.7699966430664,0,0,0,True,,,,
1776723237,451436003,,12.25999927520752,0.0,0.0,0.0,0.0,1.7999999523162842,97.7699966430664,0,0,0,True,,,,
1776723237,501454813,,12.25999927520752,0.0,0.0,0.0,0.0,1.7999999523162842,97.7699966430664,0,0,0,True,,,,
1776723237,551444456,,12.239999771118164,0.0,0.0,0.0,0.0,1.7999999523162842,96.65999603271484,0,0,0,True,,,,
1776723237,601424026,,12.25999927520752,0.0,0.0,0.0,0.0,1.7999999523162842,97.7699966430664,0,0,0,True,,,,
1776723237,651522316,,12.25999927520752,0.0,0.0,0.0,0.0,1.7999999523162842,97.7699966430664,0,0,0,True,,,,
1776723237,701441664,,12.25999927520752,0.0,0.0,0.0,0.0,1.7999999523162842,97.7699966430664,0,0,0,True,,,,
1776723237,751388882,,12.25999927520752,0.0,0.0,0.0,0.0,1.7999999523162842,97.7699966430664,0,0,0,True,,,,
1776723237,801439543,,12.239999771118164,0.0,0.0,0.0,0.0,1.7999999523162842,96.65999603271484,0,0,0,True,,,,
1776723237,851444167,,12.25999927520752,0.0,0.0,0.0,0.0,1.7999999523162842,97.7699966430664,0,0,0,True,,,,
1776723237,901438551,,12.25999927520752,0.0,0.0,0.0,0.0,1.7999999523162842,97.7699966430664,0,0,0,True,,,,
1776723237,951458713,,12.25999927520752,0.0,0.0,0.0,0.0,1.7999999523162842,97.7699966430664,0,0,0,True,,,,
1776723238,1442523,,12.25999927520752,0.0,0.0,0.0,0.0,1.7999999523162842,97.7699966430664,0,0,0,True,,,,
1776723238,51522535,,12.25999927520752,0.0,0.0,0.0,0.0,1.7999999523162842,97.7699966430664,0,0,0,True,,,,
1776723238,101406791,,12.25999927520752,0.0,0.0,0.0,0.0,1.7999999523162842,97.7699966430664,0,0,0,True,,,,
1776723238,151464823,,12.25999927520752,0.0,0.0,0.0,0.0,1.7999999523162842,97.7699966430664,0,0,0,True,,,,
1776723238,201412393,,12.25999927520752,0.0,0.0,0.0,0.0,1.7999999523162842,97.7699966430664,0,0,0,True,,,,
1776723238,251419369,,12.25999927520752,0.0,0.0,0.0,0.0,1.7999999523162842,97.7699966430664,0,0,0,True,,,,
1776723238,301407883,,12.25999927520752,0.0,0.0,0.0,0.0,1.7999999523162842,97.7699966430664,0,0,0,True,,,,
1776723238,351398822,,12.25999927520752,0.0,0.0,0.0,0.0,1.7999999523162842,97.7699966430664,0,0,0,True,,,,
1776723238,401520556,,12.25999927520752,0.0,0.0,0.0,0.0,1.7999999523162842,97.7699966430664,0,0,0,True,,,,
1776723238,451424553,,12.25999927520752,0.0,0.0,0.0,0.0,1.7999999523162842,97.7699966430664,0,0,0,True,,,,
1776723238,501425048,,12.25999927520752,0.0,0.0,0.0,0.0,1.7999999523162842,97.7699966430664,0,0,0,True,,,,
1776723238,551402580,,12.25999927520752,0.0,0.0,0.0,0.0,1.7999999523162842,97.7699966430664,0,0,0,True,,,,
1776723238,601412427,,12.239999771118164,0.0,0.0,0.0,0.0,1.7999999523162842,96.65999603271484,0,0,0,True,,,,
1776723238,651418329,,12.25999927520752,0.0,0.0,0.0,0.0,1.7999999523162842,97.7699966430664,0,0,0,True,,,,
1776723238,701444787,,12.25999927520752,0.0,0.0,0.0,0.0,1.7999999523162842,97.7699966430664,0,0,0,True,,,,
1776723238,751434486,,12.25999927520752,0.0,0.0,0.0,0.0,1.7999999523162842,97.7699966430664,0,0,0,True,,,,
1776723238,801454777,,12.25999927520752,0.0,0.0,0.0,0.0,1.7999999523162842,97.7699966430664,0,0,0,True,,,,
1776723238,851438661,,12.219999313354492,0.0,0.0,0.0,0.0,1.7999999523162842,95.54999542236328,0,0,0,True,,,,
1776723238,901424916,,12.25999927520752,0.0,0.0,0.0,0.0,1.7999999523162842,97.7699966430664,0,0,0,True,,,,
1776723238,951402318,,12.25999927520752,0.0,0.0,0.0,0.0,1.7999999523162842,97.7699966430664,0,0,0,True,,,,
1776723239,1450146,,12.239999771118164,0.0,0.0,0.0,0.0,1.7999999523162842,96.65999603271484,0,0,0,True,,,,
1776723239,51403660,,12.25999927520752,0.0,0.0,0.0,0.0,1.7999999523162842,97.7699966430664,0,0,0,True,,,,
1776723239,101416692,,12.25999927520752,0.0,0.0,0.0,0.0,1.7999999523162842,97.7699966430664,0,0,0,True,,,,
1776723239,151387891,,12.25999927520752,0.0,0.0,0.0,0.0,1.7999999523162842,97.7699966430664,0,0,0,True,,,,
1776723239,201416590,,12.239999771118164,0.0,0.0,0.0,0.0,1.7999999523162842,96.65999603271484,0,0,0,True,,,,
1776723239,251386567,,12.25999927520752,0.0,0.0,0.0,0.0,1.7999999523162842,97.7699966430664,0,0,0,True,,,,
1776723239,301419969,,12.25999927520752,0.0,0.0,0.0,0.0,1.7999999523162842,97.7699966430664,0,0,0,True,,,,
1776723239,351402964,,12.25999927520752,0.0,0.0,0.0,0.0,1.7999999523162842,97.7699966430664,0,0,0,True,,,,
1776723239,401427051,,12.25999927520752,0.0,0.0,0.0,0.0,1.7999999523162842,97.7699966430664,0,0,0,True,,,,
1776723239,451368362,,12.25999927520752,0.0,0.0,0.0,0.0,1.7999999523162842,97.7699966430664,0,0,0,True,,,,
1776723239,501400820,,12.25999927520752,0.0,0.0,0.0,0.0,1.7999999523162842,97.7699966430664,0,0,0,True,,,,
1776723239,551487276,,12.25999927520752,0.0,0.0,0.0,0.0,1.7999999523162842,97.7699966430664,0,0,0,True,,,,
1776723239,601427106,,12.25999927520752,0.0,0.0,0.0,0.0,1.7999999523162842,97.7699966430664,0,0,0,True,,,,
1776723239,651409768,,12.239999771118164,0.0,0.0,0.0,0.0,1.7999999523162842,96.65999603271484,0,0,0,True,,,,
1776723239,701417781,,12.25999927520752,0.0,0.0,0.0,0.0,1.7999999523162842,97.7699966430664,0,0,0,True,,,,
1776723239,751422554,,12.239999771118164,0.0,0.0,0.0,0.0,1.7999999523162842,96.65999603271484,0,0,0,True,,,,
1776723239,801397827,,12.25999927520752,0.0,0.0,0.0,0.0,1.7999999523162842,97.7699966430664,0,0,0,True,,,,
1776723239,851379082,,12.239999771118164,0.0,0.0,0.0,0.0,1.7999999523162842,96.65999603271484,0,0,0,True,,,,
1776723239,901407724,,12.239999771118164,0.0,0.0,0.0,0.0,1.7999999523162842,96.65999603271484,0,0,0,True,,,,
1776723239,951388849,,12.239999771118164,0.0,0.0,0.0,0.0,1.7999999523162842,96.65999603271484,0,0,0,True,,,,
1776723240,1443973,,12.25999927520752,0.0,0.0,0.0,0.0,1.7999999523162842,97.7699966430664,0,0,0,True,,,,
1776723240,51459635,,12.25999927520752,0.0,0.0,0.0,0.0,1.7999999523162842,97.7699966430664,0,0,0,True,,,,
1776723240,101423001,,12.25999927520752,0.0,0.0,0.0,0.0,1.7999999523162842,97.7699966430664,0,0,0,True,,,,
1776723240,151424625,,12.25999927520752,0.0,0.0,0.0,0.0,1.7999999523162842,97.7699966430664,0,0,0,True,,,,
1776723240,201412065,,12.25999927520752,0.0,0.0,0.0,0.0,1.7999999523162842,97.7699966430664,0,0,0,True,,,,
1776723240,251382190,,12.25999927520752,0.0,0.0,0.0,0.0,1.7999999523162842,97.7699966430664,0,0,0,True,,,,
1776723240,301409592,,12.25999927520752,0.0,0.0,0.0,0.0,1.7999999523162842,97.7699966430664,0,0,0,True,,,,
1776723240,351419976,,12.25999927520752,0.0,0.0,0.0,0.0,1.7999999523162842,97.7699966430664,0,0,0,True,,,,
1776723240,401367064,,12.239999771118164,0.0,0.0,0.0,0.0,1.7999999523162842,96.65999603271484,0,0,0,True,,,,
1776723240,451403726,,12.25999927520752,0.0,0.0,0.0,0.0,1.7999999523162842,97.7699966430664,0,0,0,True,,,,
1776723240,501339611,,12.25999927520752,0.0,0.0,0.0,0.0,1.7999999523162842,97.7699966430664,0,0,0,True,,,,
1776723240,551392716,,12.25999927520752,0.0,0.0,0.0,0.0,1.7999999523162842,97.7699966430664,0,0,0,True,,,,
1776723240,601414618,,12.239999771118164,0.0,0.0,0.0,0.0,1.7999999523162842,96.65999603271484,0,0,0,True,,,,
1776723240,651410761,,12.25999927520752,0.0,0.0,0.0,0.0,1.7999999523162842,97.7699966430664,0,0,0,True,,,,
1776723240,701375201,,12.25999927520752,0.0,0.0,0.0,0.0,1.7999999523162842,97.7699966430664,0,0,0,True,,,,
1776723240,751393029,,12.25999927520752,0.0,0.0,0.0,0.0,1.7999999523162842,97.7699966430664,0,0,0,True,,,,
1776723240,801351562,,12.25999927520752,0.0,0.0,0.0,0.0,1.7999999523162842,97.7699966430664,0,0,0,True,,,,
1776723240,851392057,,12.25999927520752,0.0,0.0,0.0,0.0,1.7999999523162842,97.7699966430664,0,0,0,True,,,,
1776723240,901361774,,12.25999927520752,0.0,0.0,0.0,0.0,1.7999999523162842,97.7699966430664,0,0,0,True,,,,
1776723240,951366862,,12.25999927520752,0.0,0.0,0.0,0.0,1.7999999523162842,97.7699966430664,0,0,0,True,,,,
1776723241,1417356,,12.239999771118164,0.0,0.0,0.0,0.0,1.7999999523162842,96.65999603271484,0,0,0,True,,,,
1776723241,51350871,,12.219999313354492,0.0,0.0,0.0,0.0,1.7999999523162842,95.54999542236328,0,0,0,True,,,,
1776723241,101385662,,12.239999771118164,0.0,0.0,0.0,0.0,1.7999999523162842,96.65999603271484,0,0,0,True,,,,
1776723241,151429823,,12.25999927520752,0.0,0.0,0.0,0.0,1.7999999523162842,97.7699966430664,0,0,0,True,,,,
1776723241,201357819,,12.239999771118164,0.0,0.0,0.0,0.0,1.7999999523162842,96.65999603271484,0,0,0,True,,,,
1776723241,251345795,,12.239999771118164,0.0,0.0,0.0,0.0,1.7999999523162842,96.65999603271484,0,0,0,True,,,,
1776723241,301367938,,12.25999927520752,0.0,0.0,0.0,0.0,1.7999999523162842,97.7699966430664,0,0,0,True,,,,
1776723241,351481135,,12.279999732971191,0.0,0.0,0.0,0.0,1.7999999523162842,98.87999725341797,0,0,0,True,,,,
1776723241,401426631,,12.239999771118164,0.0,0.0,0.0,0.0,1.7999999523162842,96.65999603271484,0,0,0,True,,,,
1776723241,451396275,,12.239999771118164,0.0,0.0,0.0,0.0,1.7999999523162842,96.65999603271484,0,0,0,True,,,,
1776723241,501346215,,12.239999771118164,0.0,0.0,0.0,0.0,1.7999999523162842,96.65999603271484,0,0,0,True,,,,
1776723241,551370784,,12.239999771118164,0.0,0.0,0.0,0.0,1.7999999523162842,96.65999603271484,0,0,0,True,,,,
1776723241,601338891,,12.239999771118164,0.0,0.0,0.0,0.0,1.7999999523162842,96.65999603271484,0,0,0,True,,,,
1776723241,651331201,,12.239999771118164,0.0,0.0,0.0,0.0,1.7999999523162842,96.65999603271484,0,0,0,True,,,,
1776723241,701340529,,12.219999313354492,0.0,0.0,0.0,0.0,1.7999999523162842,95.54999542236328,0,0,0,True,,,,
1776723241,751337672,,12.239999771118164,0.0,0.0,0.0,0.0,1.7999999523162842,96.65999603271484,0,0,0,True,,,,
1776723241,801359778,,12.219999313354492,0.0,0.0,0.0,0.0,1.7999999523162842,95.54999542236328,0,0,0,True,,,,
1776723241,851331347,,12.239999771118164,0.0,0.0,0.0,0.0,1.7999999523162842,96.65999603271484,0,0,0,True,,,,
1776723241,901472970,,12.239999771118164,0.0,0.0,0.0,0.0,1.7999999523162842,96.65999603271484,0,0,0,True,,,,
1776723241,951340300,,12.239999771118164,0.0,0.0,0.0,0.0,1.7999999523162842,96.65999603271484,0,0,0,True,,,,
1776723242,1406776,,12.25999927520752,0.0,0.0,0.0,0.0,1.7999999523162842,97.7699966430664,0,0,0,True,,,,
1776723242,51340124,,12.25999927520752,0.0,0.0,0.0,0.0,1.7999999523162842,97.7699966430664,0,0,0,True,,,,
1776723242,101362693,,12.25999927520752,0.0,0.0,0.0,0.0,1.7999999523162842,97.7699966430664,0,0,0,True,,,,
1776723242,151385650,,12.25999927520752,0.0,0.0,0.0,0.0,1.7999999523162842,97.7699966430664,0,0,0,True,,,,
1776723242,201332628,,12.25999927520752,0.0,0.0,0.0,0.0,1.7999999523162842,97.7699966430664,0,0,0,True,,,,
1776723242,251358215,,12.25999927520752,0.0,0.0,0.0,0.0,1.7999999523162842,97.7699966430664,0,0,0,True,,,,
1776723242,301358451,,12.25999927520752,0.0,0.0,0.0,0.0,1.7999999523162842,97.7699966430664,0,0,0,True,,,,
1776723242,351352353,,12.25999927520752,0.0,0.0,0.0,0.0,1.7999999523162842,97.7699966430664,0,0,0,True,,,,
1776723242,401380292,,12.25999927520752,0.0,0.0,0.0,0.0,1.7999999523162842,97.7699966430664,0,0,0,True,,,,
1776723242,451386102,,12.239999771118164,0.0,0.0,0.0,0.0,1.7999999523162842,96.65999603271484,0,0,0,True,,,,
1776723242,501401764,,12.25999927520752,0.0,0.0,0.0,0.0,1.7999999523162842,97.7699966430664,0,0,0,True,,,,
1776723242,551360870,,12.25999927520752,0.0,0.0,0.0,0.0,1.7999999523162842,97.7699966430664,0,0,0,True,,,,
1776723242,601313940,,12.25999927520752,0.0,0.0,0.0,0.0,1.7999999523162842,97.7699966430664,0,0,0,True,,,,
1776723242,651695966,,12.25999927520752,0.0,0.0,0.0,0.0,1.7999999523162842,97.7699966430664,0,0,0,True,,,,
1776723242,701389725,,12.25999927520752,0.0,0.0,0.0,0.0,1.7999999523162842,97.7699966430664,0,0,0,True,,,,
1776723242,751375017,,12.239999771118164,0.0,0.0,0.0,0.0,1.7999999523162842,96.65999603271484,0,0,0,True,,,,
1776723242,801355698,,12.279999732971191,0.0,0.0,0.0,0.0,1.7999999523162842,98.87999725341797,0,0,0,True,,,,
1776723242,851354896,,12.25999927520752,0.0,0.0,0.0,0.0,1.7999999523162842,97.7699966430664,0,0,0,True,,,,
1776723242,901412205,,12.25999927520752,0.0,0.0,0.0,0.0,1.7999999523162842,97.7699966430664,0,0,0,True,,,,
1776723242,951353164,,12.25999927520752,0.0,0.0,0.0,0.0,1.7999999523162842,97.7699966430664,0,0,0,True,,,,
1776723243,1382159,,12.239999771118164,0.0,0.0,0.0,0.0,1.7999999523162842,96.65999603271484,0,0,0,True,,,,
1776723243,51381895,,12.25999927520752,0.0,0.0,0.0,0.0,1.7999999523162842,97.7699966430664,0,0,0,True,,,,
1776723243,101330168,,12.25999927520752,0.0,0.0,0.0,0.0,1.7999999523162842,97.7699966430664,0,0,0,True,,,,
1776723243,151454476,,12.25999927520752,0.0,0.0,0.0,0.0,1.7999999523162842,97.7699966430664,0,0,0,True,,,,
1776723243,201335307,,12.25999927520752,0.0,0.0,0.0,0.0,1.7999999523162842,97.7699966430664,0,0,0,True,,,,
1776723243,251328820,,12.25999927520752,0.0,0.0,0.0,0.0,1.7999999523162842,97.7699966430664,0,0,0,True,,,,
1776723243,301358889,,12.25999927520752,0.0,0.0,0.0,0.0,1.7999999523162842,97.7699966430664,0,0,0,True,,,,
1776723243,351368013,,12.25999927520752,0.0,0.0,0.0,0.0,1.7999999523162842,97.7699966430664,0,0,0,True,,,,
1776723243,401319731,,12.25999927520752,0.0,0.0,0.0,0.0,1.7999999523162842,97.7699966430664,0,0,0,True,,,,
1776723243,451368374,,12.25999927520752,0.0,0.0,0.0,0.0,1.7999999523162842,97.7699966430664,0,0,0,True,,,,
1776723243,501349073,,12.25999927520752,0.0,0.0,0.0,0.0,1.7999999523162842,97.7699966430664,0,0,0,True,,,,
1776723243,551334031,,12.25999927520752,0.0,0.0,0.0,0.0,1.7999999523162842,97.7699966430664,0,0,0,True,,,,
1776723243,601363137,,12.25999927520752,0.0,0.0,0.0,0.0,1.7999999523162842,97.7699966430664,0,0,0,True,,,,
1776723243,651370113,,12.25999927520752,0.0,0.0,0.0,0.0,1.7999999523162842,97.7699966430664,0,0,0,True,,,,
1776723243,701370219,,12.239999771118164,0.0,0.0,0.0,0.0,1.7999999523162842,96.65999603271484,0,0,0,True,,,,
1776723243,751357326,,12.25999927520752,0.0,0.0,0.0,0.0,1.7999999523162842,97.7699966430664,0,0,0,True,,,,
1776723243,801334266,,12.25999927520752,0.0,0.0,0.0,0.0,1.7999999523162842,97.7699966430664,0,0,0,True,,,,
1776723243,851313817,,12.25999927520752,0.0,0.0,0.0,0.0,1.7999999523162842,97.7699966430664,0,0,0,True,,,,
1776723243,901332497,,12.25999927520752,0.0,0.0,0.0,0.0,1.7999999523162842,97.7699966430664,0,0,0,True,,,,
1776723243,951330547,,12.25999927520752,0.0,0.0,0.0,0.0,1.7999999523162842,97.7699966430664,0,0,0,True,,,,
1776723244,1345579,,12.25999927520752,0.0,0.0,0.0,0.0,1.7999999523162842,97.7699966430664,0,0,0,True,,,,
1776723244,51395888,,12.25999927520752,0.0,0.0,0.0,0.0,1.7999999523162842,97.7699966430664,0,0,0,True,,,,
1776723244,101311070,,12.239999771118164,0.0,0.0,0.0,0.0,1.7999999523162842,96.65999603271484,0,0,0,True,,,,
1776723244,151337194,,12.239999771118164,0.0,0.0,0.0,0.0,1.7999999523162842,96.65999603271484,0,0,0,True,,,,
1776723244,201340022,,12.25999927520752,0.0,0.0,0.0,0.0,1.7999999523162842,97.7699966430664,0,0,0,True,,,,
1776723244,251349906,,12.25999927520752,0.0,0.0,0.0,0.0,1.7999999523162842,97.7699966430664,0,0,0,True,,,,
1776723244,301393456,,12.239999771118164,0.0,0.0,0.0,0.0,1.7999999523162842,96.65999603271484,0,0,0,True,,,,
1776723244,351305452,,12.25999927520752,0.0,0.0,0.0,0.0,1.7999999523162842,97.7699966430664,0,0,0,True,,,,
1776723244,401363947,,12.25999927520752,0.0,0.0,0.0,0.0,1.7999999523162842,97.7699966430664,0,0,0,True,,,,
1776723244,451319887,,12.25999927520752,0.0,0.0,0.0,0.0,1.7999999523162842,97.7699966430664,0,0,0,True,,,,
1776723244,501315993,,12.25999927520752,0.0,0.0,0.0,0.0,1.7999999523162842,97.7699966430664,0,0,0,True,,,,
1776723244,551276359,,12.25999927520752,0.0,0.0,0.0,0.0,1.7999999523162842,97.7699966430664,0,0,0,True,,,,
1776723244,601322113,,12.25999927520752,0.0,0.0,0.0,0.0,1.7999999523162842,97.7699966430664,0,0,0,True,,,,
1776723244,651284312,,12.25999927520752,0.0,0.0,0.0,0.0,1.7999999523162842,97.7699966430664,0,0,0,True,,,,
1776723244,701310288,,12.25999927520752,0.0,0.0,0.0,0.0,1.7999999523162842,97.7699966430664,0,0,0,True,,,,
1776723244,751339153,,12.25999927520752,0.0,0.0,0.0,0.0,1.7999999523162842,97.7699966430664,0,0,0,True,,,,
1776723244,801283019,,12.25999927520752,0.0,0.0,0.0,0.0,1.7999999523162842,97.7699966430664,0,0,0,True,,,,
1776723244,851376161,,12.25999927520752,0.0,0.0,0.0,0.0,1.7999999523162842,97.7699966430664,0,0,0,True,,,,
1776723244,901901019,,12.239999771118164,0.0,0.0,0.0,0.0,1.7999999523162842,96.65999603271484,0,0,0,True,,,,
1776723244,951337115,,12.25999927520752,0.0,0.0,0.0,0.0,1.7999999523162842,97.7699966430664,0,0,0,True,,,,
1776723245,1358554,,12.239999771118164,0.0,0.0,0.0,0.0,1.7999999523162842,96.65999603271484,0,0,0,True,,,,
1776723245,51294661,,12.25999927520752,0.0,0.0,0.0,0.0,1.7999999523162842,97.7699966430664,0,0,0,True,,,,
1776723245,101347433,,12.25999927520752,0.0,0.0,0.0,0.0,1.7999999523162842,97.7699966430664,0,0,0,True,,,,
1776723245,151327984,,12.25999927520752,0.0,0.0,0.0,0.0,1.7999999523162842,97.7699966430664,0,0,0,True,,,,
1776723245,201272091,,12.25999927520752,0.0,0.0,0.0,0.0,1.7999999523162842,97.7699966430664,0,0,0,True,,,,
1776723245,251288234,,12.25999927520752,0.0,0.0,0.0,0.0,1.7999999523162842,97.7699966430664,0,0,0,True,,,,
1776723245,301315173,,12.239999771118164,0.0,0.0,0.0,0.0,1.7999999523162842,96.65999603271484,0,0,0,True,,,,
1776723245,351293335,,12.239999771118164,0.0,0.0,0.0,0.0,1.7999999523162842,96.65999603271484,0,0,0,True,,,,
1776723245,401292904,,12.239999771118164,0.0,0.0,0.0,0.0,1.7999999523162842,96.65999603271484,0,0,0,True,,,,
1776723245,451349787,,12.239999771118164,0.0,0.0,0.0,0.0,1.7999999523162842,96.65999603271484,0,0,0,True,,,,
1776723245,501294006,,12.239999771118164,0.0,0.0,0.0,0.0,1.7999999523162842,96.65999603271484,0,0,0,True,,,,
1776723245,551287241,,12.25999927520752,0.0,0.0,0.0,0.0,1.7999999523162842,97.7699966430664,0,0,0,True,,,,
1776723245,601323977,,12.239999771118164,0.0,0.0,0.0,0.0,1.7999999523162842,96.65999603271484,0,0,0,True,,,,
1776723245,651300676,,12.25999927520752,0.0,0.0,0.0,0.0,1.7999999523162842,97.7699966430664,0,0,0,True,,,,
1776723245,701318726,,12.25999927520752,0.0,0.0,0.0,0.0,1.7999999523162842,97.7699966430664,0,0,0,True,,,,
1776723245,751285444,,12.25999927520752,0.0,0.0,0.0,0.0,1.7999999523162842,97.7699966430664,0,0,0,True,,,,
1776723245,801331901,,12.25999927520752,0.0,0.0,0.0,0.0,1.7999999523162842,97.7699966430664,0,0,0,True,,,,
1776723245,851278823,,12.25999927520752,0.0,0.0,0.0,0.0,1.7999999523162842,97.7699966430664,0,0,0,True,,,,
1776723245,901319151,,12.239999771118164,0.0,0.0,0.0,0.0,1.7999999523162842,96.65999603271484,0,0,0,True,,,,
1776723245,951276424,,12.239999771118164,0.0,0.0,0.0,0.0,1.7999999523162842,96.65999603271484,0,0,0,True,,,,
1776723246,1321400,,12.25999927520752,0.0,0.0,0.0,0.0,1.7999999523162842,97.7699966430664,0,0,0,True,,,,
1776723246,51317136,,12.239999771118164,0.0,0.0,0.0,0.0,1.7999999523162842,96.65999603271484,0,0,0,True,,,,
1776723246,101310909,,12.239999771118164,0.0,0.0,0.0,0.0,1.7999999523162842,96.65999603271484,0,0,0,True,,,,
1776723246,151326163,,12.25999927520752,0.0,0.0,0.0,0.0,1.7999999523162842,97.7699966430664,0,0,0,True,,,,
1776723246,201317677,,12.239999771118164,0.0,0.0,0.0,0.0,1.7999999523162842,96.65999603271484,0,0,0,True,,,,
1776723246,251301024,,12.25999927520752,0.0,0.0,0.0,0.0,1.7999999523162842,97.7699966430664,0,0,0,True,,,,
1776723246,301377962,,12.25999927520752,0.0,0.0,0.0,0.0,1.7999999523162842,97.7699966430664,0,0,0,True,,,,
1776723246,351308810,,12.25999927520752,0.0,0.0,0.0,0.0,1.7999999523162842,97.7699966430664,0,0,0,True,,,,
1776723246,401309102,,12.25999927520752,0.0,0.0,0.0,0.0,1.7999999523162842,97.7699966430664,0,0,0,True,,,,
1776723246,451302134,,12.25999927520752,0.0,0.0,0.0,0.0,1.7999999523162842,97.7699966430664,0,0,0,True,,,,
1776723246,501343350,,12.25999927520752,0.0,0.0,0.0,0.0,1.7999999523162842,97.7699966430664,0,0,0,True,,,,
1776723246,551275735,,12.25999927520752,0.0,0.0,0.0,0.0,1.7999999523162842,97.7699966430664,0,0,0,True,,,,
1776723246,601281323,,12.239999771118164,0.0,0.0,0.0,0.0,1.7999999523162842,96.65999603271484,0,0,0,True,,,,
1776723246,651273503,,12.25999927520752,0.0,0.0,0.0,0.0,1.7999999523162842,97.7699966430664,0,0,0,True,,,,
1776723246,701285646,,12.25999927520752,0.0,0.0,0.0,0.0,1.7999999523162842,97.7699966430664,0,0,0,True,,,,
1776723246,751363751,,12.25999927520752,0.0,0.0,0.0,0.0,1.7999999523162842,97.7699966430664,0,0,0,True,,,,
1776723246,801258359,,12.25999927520752,0.0,0.0,0.0,0.0,1.7999999523162842,97.7699966430664,0,0,0,True,,,,
1776723246,851288650,,12.25999927520752,0.0,0.0,0.0,0.0,1.7999999523162842,97.7699966430664,0,0,0,True,,,,
1776723246,901239368,,12.25999927520752,0.0,0.0,0.0,0.0,1.7999999523162842,97.7699966430664,0,0,0,True,,,,
1776723246,951265622,,12.25999927520752,0.0,0.0,0.0,0.0,1.7999999523162842,97.7699966430664,0,0,0,True,,,,
1776723247,1292228,,12.25999927520752,0.0,0.0,0.0,0.0,1.7999999523162842,97.7699966430664,0,0,0,True,,,,
1776723247,51278075,,12.25999927520752,0.0,0.0,0.0,0.0,1.7999999523162842,97.7699966430664,0,0,0,True,,,,
1776723247,101260052,,12.25999927520752,0.0,0.0,0.0,0.0,1.7999999523162842,97.7699966430664,0,0,0,True,,,,
1776723247,151285750,,12.239999771118164,0.0,0.0,0.0,0.0,1.7999999523162842,96.65999603271484,0,0,0,True,,,,
1776723247,201269986,,12.25999927520752,0.0,0.0,0.0,0.0,1.7999999523162842,97.7699966430664,0,0,0,True,,,,
1776723247,251309221,,12.25999927520752,0.0,0.0,0.0,0.0,1.7999999523162842,97.7699966430664,0,0,0,True,,,,
1776723247,301278698,,12.239999771118164,0.0,0.0,0.0,0.0,1.7999999523162842,96.65999603271484,0,0,0,True,,,,
1776723247,351300656,,12.25999927520752,0.0,0.0,0.0,0.0,1.7999999523162842,97.7699966430664,0,0,0,True,,,,
1776723247,401344206,,12.239999771118164,0.0,0.0,0.0,0.0,1.7999999523162842,96.65999603271484,0,0,0,True,,,,
1776723247,451297202,,12.25999927520752,0.0,0.0,0.0,0.0,1.7999999523162842,97.7699966430664,0,0,0,True,,,,
1776723247,501312715,,12.239999771118164,0.0,0.0,0.0,0.0,1.7999999523162842,96.65999603271484,0,0,0,True,,,,
1776723247,551274192,,12.25999927520752,0.0,0.0,0.0,0.0,1.7999999523162842,97.7699966430664,0,0,0,True,,,,
1776723247,601275928,,12.239999771118164,0.0,0.0,0.0,0.0,1.7999999523162842,96.65999603271484,0,0,0,True,,,,
1776723247,651323237,,12.239999771118164,0.0,0.0,0.0,0.0,1.7999999523162842,96.65999603271484,0,0,0,True,,,,
1776723247,701247937,,12.25999927520752,0.0,0.0,0.0,0.0,1.7999999523162842,97.7699966430664,0,0,0,True,,,,
1776723247,751306209,,12.239999771118164,0.0,0.0,0.0,0.0,1.7999999523162842,96.65999603271484,0,0,0,True,,,,
1776723247,801299204,,12.25999927520752,0.0,0.0,0.0,0.0,1.7999999523162842,97.7699966430664,0,0,0,True,,,,
1776723247,851228996,,12.25999927520752,0.0,0.0,0.0,0.0,1.7999999523162842,97.7699966430664,0,0,0,True,,,,
1776723247,901320194,,12.239999771118164,0.0,0.0,0.0,0.0,1.7999999523162842,96.65999603271484,0,0,0,True,,,,
1776723247,951313782,,12.25999927520752,0.0,0.0,0.0,0.0,1.7999999523162842,97.7699966430664,0,0,0,True,,,,
1776723248,1275296,,12.239999771118164,0.0,0.0,0.0,0.0,1.7999999523162842,96.65999603271484,0,0,0,True,,,,
1776723248,51204718,,12.239999771118164,0.0,0.0,0.0,0.0,1.7999999523162842,96.65999603271484,0,0,0,True,,,,
1776723248,101273286,,12.239999771118164,0.0,0.0,0.0,0.0,1.7999999523162842,96.65999603271484,0,0,0,True,,,,
1776723248,151330780,,12.25999927520752,0.0,0.0,0.0,0.0,1.7999999523162842,97.7699966430664,0,0,0,True,,,,
1776723248,201234591,,12.25999927520752,0.0,0.0,0.0,0.0,1.7999999523162842,97.7699966430664,0,0,0,True,,,,
1776723248,251272827,,12.239999771118164,0.0,0.0,0.0,0.0,1.7999999523162842,96.65999603271484,0,0,0,True,,,,
1776723248,301270155,,12.25999927520752,0.0,0.0,0.0,0.0,1.7999999523162842,97.7699966430664,0,0,0,True,,,,
1776723248,351286002,,12.239999771118164,0.0,0.0,0.0,0.0,1.7999999523162842,96.65999603271484,0,0,0,True,,,,
1776723248,401239571,,12.25999927520752,0.0,0.0,0.0,0.0,1.7999999523162842,97.7699966430664,0,0,0,True,,,,
1776723248,451264862,,12.25999927520752,0.0,0.0,0.0,0.0,1.7999999523162842,97.7699966430664,0,0,0,True,,,,
1776723248,501257006,,12.239999771118164,0.0,0.0,0.0,0.0,1.7999999523162842,96.65999603271484,0,0,0,True,,,,
1776723248,551272297,,12.25999927520752,0.0,0.0,0.0,0.0,1.7999999523162842,97.7699966430664,0,0,0,True,,,,
1776723248,601276088,,12.239999771118164,0.0,0.0,0.0,0.0,1.7999999523162842,96.65999603271484,0,0,0,True,,,,
1776723248,651303953,,12.239999771118164,0.0,0.0,0.0,0.0,1.7999999523162842,96.65999603271484,0,0,0,True,,,,
1776723248,701266078,,12.25999927520752,0.0,0.0,0.0,0.0,1.7999999523162842,97.7699966430664,0,0,0,True,,,,
1776723248,751272481,,12.239999771118164,0.0,0.0,0.0,0.0,1.7999999523162842,96.65999603271484,0,0,0,True,,,,
1776723248,801278216,,12.239999771118164,0.0,0.0,0.0,0.0,1.7999999523162842,96.65999603271484,0,0,0,True,,,,
1776723248,851271563,,12.239999771118164,0.0,0.0,0.0,0.0,1.7999999523162842,96.65999603271484,0,0,0,True,,,,
1776723248,901294836,,12.239999771118164,0.0,0.0,0.0,0.0,1.7999999523162842,96.65999603271484,0,0,0,True,,,,
1776723248,951310405,,12.239999771118164,0.0,0.0,0.0,0.0,1.7999999523162842,96.65999603271484,0,0,0,True,,,,
1776723249,1300622,,12.219999313354492,0.0,0.0,0.0,0.0,1.7999999523162842,95.54999542236328,0,0,0,True,,,,
1776723249,51283118,,12.239999771118164,0.0,0.0,0.0,0.0,1.7999999523162842,96.65999603271484,0,0,0,True,,,,
1776723249,101185855,,12.25999927520752,0.0,0.0,0.0,0.0,1.7999999523162842,97.7699966430664,0,0,0,True,,,,
1776723249,151292867,,12.239999771118164,0.0,0.0,0.0,0.0,1.7999999523162842,96.65999603271484,0,0,0,True,,,,
1776723249,201252418,,12.219999313354492,0.0,0.0,0.0,0.0,1.7999999523162842,95.54999542236328,0,0,0,True,,,,
1776723249,251255135,,12.219999313354492,0.0,0.0,0.0,0.0,1.7999999523162842,95.54999542236328,0,0,0,True,,,,
1776723249,301340499,,12.239999771118164,0.0,0.0,0.0,0.0,1.7999999523162842,96.65999603271484,0,0,0,True,,,,
1776723249,351264885,,12.239999771118164,0.0,0.0,0.0,0.0,1.7999999523162842,96.65999603271484,0,0,0,True,,,,
1776723249,401249398,,12.239999771118164,0.0,0.0,0.0,0.0,1.7999999523162842,96.65999603271484,0,0,0,True,,,,
1776723249,451276245,,12.239999771118164,0.0,0.0,0.0,0.0,1.7999999523162842,96.65999603271484,0,0,0,True,,,,
1776723249,501252518,,12.239999771118164,0.0,0.0,0.0,0.0,1.7999999523162842,96.65999603271484,0,0,0,True,,,,
1776723249,551230421,,12.239999771118164,0.0,0.0,0.0,0.0,1.7999999523162842,96.65999603271484,0,0,0,True,,,,
1776723249,601234194,,12.239999771118164,0.0,0.0,0.0,0.0,1.7999999523162842,96.65999603271484,0,0,0,True,,,,
1776723249,651230689,,12.239999771118164,0.0,0.0,0.0,0.0,1.7999999523162842,96.65999603271484,0,0,0,True,,,,
1776723249,701227406,,12.239999771118164,0.0,0.0,0.0,0.0,1.7999999523162842,96.65999603271484,0,0,0,True,,,,
1776723249,751225605,,12.239999771118164,0.0,0.0,0.0,0.0,1.7999999523162842,96.65999603271484,0,0,0,True,,,,
1776723249,801321710,,12.239999771118164,0.0,0.0,0.0,0.0,1.7999999523162842,96.65999603271484,0,0,0,True,,,,
1776723249,851228039,,12.239999771118164,0.0,0.0,0.0,0.0,1.7999999523162842,96.65999603271484,0,0,0,True,,,,
1776723249,901249904,,12.239999771118164,0.0,0.0,0.0,0.0,1.7999999523162842,96.65999603271484,0,0,0,True,,,,
1776723249,951227418,,12.239999771118164,0.0,0.0,0.0,0.0,1.7999999523162842,96.65999603271484,0,0,0,True,,,,
1776723250,1258839,,12.239999771118164,0.0,0.0,0.0,0.0,1.7999999523162842,96.65999603271484,0,0,0,True,,,,
1776723250,51311315,,12.219999313354492,0.0,0.0,0.0,0.0,1.7999999523162842,95.54999542236328,0,0,0,True,,,,
1776723250,101211182,,12.239999771118164,0.0,0.0,0.0,0.0,1.7999999523162842,96.65999603271484,0,0,0,True,,,,
1776723250,151241658,,12.239999771118164,0.0,0.0,0.0,0.0,1.7999999523162842,96.65999603271484,0,0,0,True,,,,
1776723250,201257986,,12.239999771118164,0.0,0.0,0.0,0.0,1.7999999523162842,96.65999603271484,0,0,0,True,,,,
1776723250,251236537,,12.239999771118164,0.0,0.0,0.0,0.0,1.7999999523162842,96.65999603271484,0,0,0,True,,,,
1776723250,301221513,,12.239999771118164,0.0,0.0,0.0,0.0,1.7999999523162842,96.65999603271484,0,0,0,True,,,,
1776723250,351212823,,12.239999771118164,0.0,0.0,0.0,0.0,1.7999999523162842,96.65999603271484,0,0,0,True,,,,
1776723250,401260596,,12.239999771118164,0.0,0.0,0.0,0.0,1.7999999523162842,96.65999603271484,0,0,0,True,,,,
1776723250,451252183,,12.239999771118164,0.0,0.0,0.0,0.0,1.7999999523162842,96.65999603271484,0,0,0,True,,,,
1776723250,501265049,,12.239999771118164,0.0,0.0,0.0,0.0,1.7999999523162842,96.65999603271484,0,0,0,True,,,,
1776723250,551208285,,12.239999771118164,0.0,0.0,0.0,0.0,1.7999999523162842,96.65999603271484,0,0,0,True,,,,
1776723250,601234872,,12.239999771118164,0.0,0.0,0.0,0.0,1.7999999523162842,96.65999603271484,0,0,0,True,,,,
1776723250,651206183,,12.219999313354492,0.0,0.0,0.0,0.0,1.7999999523162842,95.54999542236328,0,0,0,True,,,,
1776723250,701252325,,12.239999771118164,0.0,0.0,0.0,0.0,1.7999999523162842,96.65999603271484,0,0,0,True,,,,
1776723250,751209414,,12.25999927520752,0.0,0.0,0.0,0.0,1.7999999523162842,97.7699966430664,0,0,0,True,,,,
1776723250,801225612,,12.239999771118164,0.0,0.0,0.0,0.0,1.7999999523162842,96.65999603271484,0,0,0,True,,,,
1776723250,851232051,,12.239999771118164,0.0,0.0,0.0,0.0,1.7999999523162842,96.65999603271484,0,0,0,True,,,,
1776723250,901212695,,12.239999771118164,0.0,0.0,0.0,0.0,1.7999999523162842,96.65999603271484,0,0,0,True,,,,
1776723250,951222023,,12.239999771118164,0.0,0.0,0.0,0.0,1.7999999523162842,96.65999603271484,0,0,0,True,,,,
1776723251,1223815,,12.239999771118164,0.0,0.0,0.0,0.0,1.7999999523162842,96.65999603271484,0,0,0,True,,,,
1776723251,51227458,,12.239999771118164,0.0,0.0,0.0,0.0,1.7999999523162842,96.65999603271484,0,0,0,True,,,,
1776723251,101187898,,12.239999771118164,0.0,0.0,0.0,0.0,1.7999999523162842,96.65999603271484,0,0,0,True,,,,
1776723251,151232688,,12.239999771118164,0.0,0.0,0.0,0.0,1.7999999523162842,96.65999603271484,0,0,0,True,,,,
1776723251,201203017,,12.239999771118164,0.0,0.0,0.0,0.0,1.7999999523162842,96.65999603271484,0,0,0,True,,,,
1776723251,251222012,,12.219999313354492,0.0,0.0,0.0,0.0,1.7999999523162842,95.54999542236328,0,0,0,True,,,,
1776723251,301237859,,12.239999771118164,0.0,0.0,0.0,0.0,1.7999999523162842,96.65999603271484,0,0,0,True,,,,
1776723251,351284797,,12.239999771118164,0.0,0.0,0.0,0.0,1.7999999523162842,96.65999603271484,0,0,0,True,,,,
1776723251,401216423,,12.239999771118164,0.0,0.0,0.0,0.0,1.7999999523162842,96.65999603271484,0,0,0,True,,,,
1776723251,451355453,,12.239999771118164,0.0,0.0,0.0,0.0,1.7999999523162842,96.65999603271484,0,0,0,True,,,,
1776723251,501215376,,12.219999313354492,0.0,0.0,0.0,0.0,1.7999999523162842,95.54999542236328,0,0,0,True,,,,
1776723251,551199909,,12.219999313354492,0.0,0.0,0.0,0.0,1.7999999523162842,95.54999542236328,0,0,0,True,,,,
1776723251,601211237,,12.219999313354492,0.0,0.0,0.0,0.0,1.7999999523162842,95.54999542236328,0,0,0,True,,,,
1776723251,651197862,,12.239999771118164,0.0,0.0,0.0,0.0,1.7999999523162842,96.65999603271484,0,0,0,True,,,,
1776723251,701190320,,12.219999313354492,0.0,0.0,0.0,0.0,1.7999999523162842,95.54999542236328,0,0,0,True,,,,
1776723251,751187593,,12.219999313354492,0.0,0.0,0.0,0.0,1.7999999523162842,95.54999542236328,0,0,0,True,,,,
1776723251,801255605,,12.219999313354492,0.0,0.0,0.0,0.0,1.7999999523162842,95.54999542236328,0,0,0,True,,,,
1776723251,851186435,,12.219999313354492,0.0,0.0,0.0,0.0,1.7999999523162842,95.54999542236328,0,0,0,True,,,,
1776723251,901241707,,12.239999771118164,0.0,0.0,0.0,0.0,1.7999999523162842,96.65999603271484,0,0,0,True,,,,
1776723251,951207350,,12.219999313354492,0.0,0.0,0.0,0.0,1.7999999523162842,95.54999542236328,0,0,0,True,,,,
1776723252,1214438,,12.239999771118164,0.0,0.0,0.0,0.0,1.7999999523162842,96.65999603271484,0,0,0,True,,,,
1776723252,51253618,,12.239999771118164,0.0,0.0,0.0,0.0,1.7999999523162842,96.65999603271484,0,0,0,True,,,,
1776723252,101184947,,12.25999927520752,0.0,0.0,0.0,0.0,1.7999999523162842,97.7699966430664,0,0,0,True,,,,
1776723252,151227275,,12.239999771118164,0.0,0.0,0.0,0.0,1.7999999523162842,96.65999603271484,0,0,0,True,,,,
1776723252,201210900,,12.239999771118164,0.0,0.0,0.0,0.0,1.7999999523162842,96.65999603271484,0,0,0,True,,,,
1776723252,251227320,,12.239999771118164,0.0,0.0,0.0,0.0,1.7999999523162842,96.65999603271484,0,0,0,True,,,,
1776723252,301266074,,12.239999771118164,0.0,0.0,0.0,0.0,1.7999999523162842,96.65999603271484,0,0,0,True,,,,
1776723252,351167571,,12.219999313354492,0.0,0.0,0.0,0.0,1.7999999523162842,95.54999542236328,0,0,0,True,,,,
1776723252,401244194,,12.239999771118164,0.0,0.0,0.0,0.0,1.7999999523162842,96.65999603271484,0,0,0,True,,,,
1776723252,451195542,,12.239999771118164,0.0,0.0,0.0,0.0,1.7999999523162842,96.65999603271484,0,0,0,True,,,,
1776723252,501193241,,12.239999771118164,0.0,0.0,0.0,0.0,1.7999999523162842,96.65999603271484,0,0,0,True,,,,
1776723252,551201791,,12.219999313354492,0.0,0.0,0.0,0.0,1.7999999523162842,95.54999542236328,0,0,0,True,,,,
1776723252,601210731,,12.239999771118164,0.0,0.0,0.0,0.0,1.7999999523162842,96.65999603271484,0,0,0,True,,,,
1776723252,651208040,,12.25999927520752,0.0,0.0,0.0,0.0,1.7999999523162842,97.7699966430664,0,0,0,True,,,,
1776723252,701264572,,12.279999732971191,0.0,0.0,0.0,0.0,1.7999999523162842,98.87999725341797,0,0,0,True,,,,
1776723252,751290029,,12.25999927520752,0.0,0.0,0.0,0.0,1.7999999523162842,97.7699966430664,0,0,0,True,,,,
1776723252,801249414,,12.25999927520752,0.0,0.0,0.0,0.0,1.7999999523162842,97.7699966430664,0,0,0,True,,,,
1776723252,851218409,,12.25999927520752,0.0,0.0,0.0,0.0,1.7999999523162842,97.7699966430664,0,0,0,True,,,,
1776723252,901268552,,12.239999771118164,0.0,0.0,0.0,0.0,1.7999999523162842,96.65999603271484,0,0,0,True,,,,
1776723252,951213307,,12.239999771118164,0.0,0.0,0.0,0.0,1.7999999523162842,96.65999603271484,0,0,0,True,,,,
1776723253,1227080,,12.219999313354492,0.0,0.0,0.0,0.0,1.7999999523162842,95.54999542236328,0,0,0,True,,,,
1776723253,51187372,,12.239999771118164,0.0,0.0,0.0,0.0,1.7999999523162842,96.65999603271484,0,0,0,True,,,,
1776723253,101219403,,12.25999927520752,0.0,0.0,0.0,0.0,1.7999999523162842,97.7699966430664,0,0,0,True,,,,
1776723253,151184880,,12.239999771118164,0.0,0.0,0.0,0.0,1.7999999523162842,96.65999603271484,0,0,0,True,,,,
1776723253,201292429,,12.239999771118164,0.0,0.0,0.0,0.0,1.7999999523162842,96.65999603271484,0,0,0,True,,,,
1776723253,251156926,,12.239999771118164,0.0,0.0,0.0,0.0,1.7999999523162842,96.65999603271484,0,0,0,True,,,,
1776723253,301202717,,12.239999771118164,0.0,0.0,0.0,0.0,1.7999999523162842,96.65999603271484,0,0,0,True,,,,
1776723253,351216027,,12.239999771118164,0.0,0.0,0.0,0.0,1.7999999523162842,96.65999603271484,0,0,0,True,,,,
1776723253,401481832,,12.239999771118164,0.0,0.0,0.0,0.0,1.7999999523162842,96.65999603271484,0,0,0,True,,,,
1776723253,451224720,,12.239999771118164,0.0,0.0,0.0,0.0,1.7999999523162842,96.65999603271484,0,0,0,True,,,,
1776723253,501206068,,12.25999927520752,0.0,0.0,0.0,0.0,1.7999999523162842,97.7699966430664,0,0,0,True,,,,
1776723253,551219692,,12.239999771118164,0.0,0.0,0.0,0.0,1.7999999523162842,96.65999603271484,0,0,0,True,,,,
1776723253,601222946,,12.239999771118164,0.0,0.0,0.0,0.0,1.7999999523162842,96.65999603271484,0,0,0,True,,,,
1776723253,651178257,,12.239999771118164,0.0,0.0,0.0,0.0,1.7999999523162842,96.65999603271484,0,0,0,True,,,,
1776723253,701193437,,12.219999313354492,0.0,0.0,0.0,0.0,1.7999999523162842,95.54999542236328,0,0,0,True,,,,
1776723253,751168617,,12.239999771118164,0.0,0.0,0.0,0.0,1.7999999523162842,96.65999603271484,0,0,0,True,,,,
1776723253,801184427,,12.239999771118164,0.0,0.0,0.0,0.0,1.7999999523162842,96.65999603271484,0,0,0,True,,,,
1776723253,851184552,,12.239999771118164,0.0,0.0,0.0,0.0,1.7999999523162842,96.65999603271484,0,0,0,True,,,,
1776723253,901262675,,12.239999771118164,0.0,0.0,0.0,0.0,1.7999999523162842,96.65999603271484,0,0,0,True,,,,
1776723253,951165042,,12.239999771118164,0.0,0.0,0.0,0.0,1.7999999523162842,96.65999603271484,0,0,0,True,,,,
1776723254,1234166,,12.239999771118164,0.0,0.0,0.0,0.0,1.7999999523162842,96.65999603271484,0,0,0,True,,,,
1776723254,51197143,,12.239999771118164,0.0,0.0,0.0,0.0,1.7999999523162842,96.65999603271484,0,0,0,True,,,,
1776723254,101193916,,12.239999771118164,0.0,0.0,0.0,0.0,1.7999999523162842,96.65999603271484,0,0,0,True,,,,
1776723254,151159708,,12.239999771118164,0.0,0.0,0.0,0.0,1.7999999523162842,96.65999603271484,0,0,0,True,,,,
1776723254,201159999,,12.239999771118164,0.0,0.0,0.0,0.0,1.7999999523162842,96.65999603271484,0,0,0,True,,,,
1776723254,251206549,,12.219999313354492,0.0,0.0,0.0,0.0,1.7999999523162842,95.54999542236328,0,0,0,True,,,,
1776723254,301236006,,12.239999771118164,0.0,0.0,0.0,0.0,1.7999999523162842,96.65999603271484,0,0,0,True,,,,
1776723254,351161225,,12.239999771118164,0.0,0.0,0.0,0.0,1.7999999523162842,96.65999603271484,0,0,0,True,,,,
1776723254,401165220,,12.239999771118164,0.0,0.0,0.0,0.0,1.7999999523162842,96.65999603271484,0,0,0,True,,,,
1776723254,451166548,,12.239999771118164,0.0,0.0,0.0,0.0,1.7999999523162842,96.65999603271484,0,0,0,True,,,,
1776723254,501212394,,12.239999771118164,0.0,0.0,0.0,0.0,1.7999999523162842,96.65999603271484,0,0,0,True,,,,
1776723254,551162798,,12.239999771118164,0.0,0.0,0.0,0.0,1.7999999523162842,96.65999603271484,0,0,0,True,,,,
1776723254,601198366,,12.239999771118164,0.0,0.0,0.0,0.0,1.7999999523162842,96.65999603271484,0,0,0,True,,,,
1776723254,651146232,,12.239999771118164,0.0,0.0,0.0,0.0,1.7999999523162842,96.65999603271484,0,0,0,True,,,,
1776723254,701192227,,12.219999313354492,0.0,0.0,0.0,0.0,1.7999999523162842,95.54999542236328,0,0,0,True,,,,
1776723254,751162500,,12.239999771118164,0.0,0.0,0.0,0.0,1.7999999523162842,96.65999603271484,0,0,0,True,,,,
1776723254,801189143,,12.239999771118164,0.0,0.0,0.0,0.0,1.7999999523162842,96.65999603271484,0,0,0,True,,,,
1776723254,851155101,,12.239999771118164,0.0,0.0,0.0,0.0,1.7999999523162842,96.65999603271484,0,0,0,True,,,,
1776723254,901193114,,12.239999771118164,0.0,0.0,0.0,0.0,1.7999999523162842,96.65999603271484,0,0,0,True,,,,
1776723254,951186647,,12.239999771118164,0.0,0.0,0.0,0.0,1.7999999523162842,96.65999603271484,0,0,0,True,,,,
1776723255,1215752,,12.239999771118164,0.0,0.0,0.0,0.0,1.7999999523162842,96.65999603271484,0,0,0,True,,,,
1776723255,51214025,,12.239999771118164,0.0,0.0,0.0,0.0,1.7999999523162842,96.65999603271484,0,0,0,True,,,,
1776723255,101211328,,12.239999771118164,0.0,0.0,0.0,0.0,1.7999999523162842,96.65999603271484,0,0,0,True,,,,
1776723255,151157892,,12.239999771118164,0.0,0.0,0.0,0.0,1.7999999523162842,96.65999603271484,0,0,0,True,,,,
1776723255,201275434,,12.239999771118164,0.0,0.0,0.0,0.0,1.7999999523162842,96.65999603271484,0,0,0,True,,,,
1776723255,251133813,,12.239999771118164,0.0,0.0,0.0,0.0,1.7999999523162842,96.65999603271484,0,0,0,True,,,,
1776723255,301238782,,12.239999771118164,0.0,0.0,0.0,0.0,1.7999999523162842,96.65999603271484,0,0,0,True,,,,
1776723255,351184642,,12.239999771118164,0.0,0.0,0.0,0.0,1.7999999523162842,96.65999603271484,0,0,0,True,,,,
1776723255,401143575,,12.239999771118164,0.0,0.0,0.0,0.0,1.7999999523162842,96.65999603271484,0,0,0,True,,,,
1776723255,451271006,,12.239999771118164,0.0,0.0,0.0,0.0,1.7999999523162842,96.65999603271484,0,0,0,True,,,,
1776723255,501208255,,12.239999771118164,0.0,0.0,0.0,0.0,1.7999999523162842,96.65999603271484,0,0,0,True,,,,
1776723255,551166559,,12.239999771118164,0.0,0.0,0.0,0.0,1.7999999523162842,96.65999603271484,0,0,0,True,,,,
1776723255,601144547,,12.239999771118164,0.0,0.0,0.0,0.0,1.7999999523162842,96.65999603271484,0,0,0,True,,,,
1776723255,651175184,,12.239999771118164,0.0,0.0,0.0,0.0,1.7999999523162842,96.65999603271484,0,0,0,True,,,,
1776723255,701192968,,12.239999771118164,0.0,0.0,0.0,0.0,1.7999999523162842,96.65999603271484,0,0,0,True,,,,
1776723255,751156883,,12.239999771118164,0.0,0.0,0.0,0.0,1.7999999523162842,96.65999603271484,0,0,0,True,,,,
1776723255,801196334,,12.239999771118164,0.0,0.0,0.0,0.0,1.7999999523162842,96.65999603271484,0,0,0,True,,,,
1776723255,851145286,,12.239999771118164,0.0,0.0,0.0,0.0,1.7999999523162842,96.65999603271484,0,0,0,True,,,,
1776723255,901193366,,12.219999313354492,0.0,0.0,0.0,0.0,1.7999999523162842,95.54999542236328,0,0,0,True,,,,
1776723255,951189577,,12.239999771118164,0.0,0.0,0.0,0.0,1.7999999523162842,96.65999603271484,0,0,0,True,,,,
1776723256,1190899,,12.239999771118164,0.0,0.0,0.0,0.0,1.7999999523162842,96.65999603271484,0,0,0,True,,,,
1776723256,51167129,,12.239999771118164,0.0,0.0,0.0,0.0,1.7999999523162842,96.65999603271484,0,0,0,True,,,,
1776723256,101145784,,12.239999771118164,0.0,0.0,0.0,0.0,1.7999999523162842,96.65999603271484,0,0,0,True,,,,
1776723256,151175235,,12.239999771118164,0.0,0.0,0.0,0.0,1.7999999523162842,96.65999603271484,0,0,0,True,,,,
1776723256,201206001,,12.239999771118164,0.0,0.0,0.0,0.0,1.7999999523162842,96.65999603271484,0,0,0,True,,,,
1776723256,251165045,,12.239999771118164,0.0,0.0,0.0,0.0,1.7999999523162842,96.65999603271484,0,0,0,True,,,,
1776723256,301137775,,12.239999771118164,0.0,0.0,0.0,0.0,1.7999999523162842,96.65999603271484,0,0,0,True,,,,
1776723256,351166800,,12.25999927520752,0.0,0.0,0.0,0.0,1.7999999523162842,97.7699966430664,0,0,0,True,,,,
1776723256,401260713,,12.25999927520752,0.0,0.0,0.0,0.0,1.7999999523162842,97.7699966430664,0,0,0,True,,,,
1776723256,451144777,,12.25999927520752,0.0,0.0,0.0,0.0,1.7999999523162842,97.7699966430664,0,0,0,True,,,,
1776723256,501137896,,12.25999927520752,0.0,0.0,0.0,0.0,1.7999999523162842,97.7699966430664,0,0,0,True,,,,
1776723256,551159384,,12.25999927520752,0.0,0.0,0.0,0.0,1.7999999523162842,97.7699966430664,0,0,0,True,,,,
1776723256,601195872,,12.239999771118164,0.0,0.0,0.0,0.0,1.7999999523162842,96.65999603271484,0,0,0,True,,,,
1776723256,651107454,,12.25999927520752,0.0,0.0,0.0,0.0,1.7999999523162842,97.7699966430664,0,0,0,True,,,,
1776723256,701192071,,12.25999927520752,0.0,0.0,0.0,0.0,1.7999999523162842,97.7699966430664,0,0,0,True,,,,
1776723256,751100987,,12.25999927520752,0.0,0.0,0.0,0.0,1.7999999523162842,97.7699966430664,0,0,0,True,,,,
1776723256,801151012,,12.25999927520752,0.0,0.0,0.0,0.0,1.7999999523162842,97.7699966430664,0,0,0,True,,,,
1776723256,851153018,,12.25999927520752,0.0,0.0,0.0,0.0,1.7999999523162842,97.7699966430664,0,0,0,True,,,,
1776723256,901161507,,12.25999927520752,0.0,0.0,0.0,0.0,1.7999999523162842,97.7699966430664,0,0,0,True,,,,
1776723256,951134051,,12.25999927520752,0.0,0.0,0.0,0.0,1.7999999523162842,97.7699966430664,0,0,0,True,,,,
1776723257,1175150,,12.25999927520752,0.0,0.0,0.0,0.0,1.7999999523162842,97.7699966430664,0,0,0,True,,,,
1776723257,51140491,,12.25999927520752,0.0,0.0,0.0,0.0,1.7999999523162842,97.7699966430664,0,0,0,True,,,,
1776723257,101164850,,12.25999927520752,0.0,0.0,0.0,0.0,1.7999999523162842,97.7699966430664,0,0,0,True,,,,
1776723257,151141227,,12.25999927520752,0.0,0.0,0.0,0.0,1.7999999523162842,97.7699966430664,0,0,0,True,,,,
1776723257,201157975,,12.25999927520752,0.0,0.0,0.0,0.0,1.7999999523162842,97.7699966430664,0,0,0,True,,,,
1776723257,251158037,,12.239999771118164,0.0,0.0,0.0,0.0,1.7999999523162842,96.65999603271484,0,0,0,True,,,,
1776723257,301159674,,12.25999927520752,0.0,0.0,0.0,0.0,1.7999999523162842,97.7699966430664,0,0,0,True,,,,
1776723257,351128144,,12.25999927520752,0.0,0.0,0.0,0.0,1.7999999523162842,97.7699966430664,0,0,0,True,,,,
1776723257,401169188,,12.239999771118164,0.0,0.0,0.0,0.0,1.7999999523162842,96.65999603271484,0,0,0,True,,,,
1776723257,451125381,,12.25999927520752,0.0,0.0,0.0,0.0,1.7999999523162842,97.7699966430664,0,0,0,True,,,,
1776723257,501169850,,12.279999732971191,0.0,0.0,0.0,0.0,1.7999999523162842,98.87999725341797,0,0,0,True,,,,
1776723257,551114154,,12.239999771118164,0.0,0.0,0.0,0.0,1.7999999523162842,96.65999603271484,0,0,0,True,,,,
1776723257,601159179,,12.239999771118164,0.0,0.0,0.0,0.0,1.7999999523162842,96.65999603271484,0,0,0,True,,,,
1776723257,651106576,,12.25999927520752,0.0,0.0,0.0,0.0,1.7999999523162842,97.7699966430664,0,0,0,True,,,,
1776723257,701121008,,12.239999771118164,0.0,0.0,0.0,0.0,1.7999999523162842,96.65999603271484,0,0,0,True,,,,
1776723257,751216588,,12.239999771118164,0.0,0.0,0.0,0.0,1.7999999523162842,96.65999603271484,0,0,0,True,,,,
1776723257,801216132,,12.25999927520752,0.0,0.0,0.0,0.0,1.7999999523162842,97.7699966430664,0,0,0,True,,,,
1776723257,851138733,,12.25999927520752,0.0,0.0,0.0,0.0,1.7999999523162842,97.7699966430664,0,0,0,True,,,,
1776723257,901149517,,12.25999927520752,0.0,0.0,0.0,0.0,1.7999999523162842,97.7699966430664,0,0,0,True,,,,
1776723257,951141191,,12.25999927520752,0.0,0.0,0.0,0.0,1.7999999523162842,97.7699966430664,0,0,0,True,,,,
1776723258,1313936,,12.25999927520752,0.0,0.0,0.0,0.0,1.7999999523162842,97.7699966430664,0,0,0,True,,,,
1776723258,51142612,,12.239999771118164,0.0,0.0,0.0,0.0,1.7999999523162842,96.65999603271484,0,0,0,True,,,,
1776723258,101133990,,12.25999927520752,0.0,0.0,0.0,0.0,1.7999999523162842,97.7699966430664,0,0,0,True,,,,
1776723258,151169756,,12.25999927520752,0.0,0.0,0.0,0.0,1.7999999523162842,97.7699966430664,0,0,0,True,,,,
1776723258,201146115,,12.239999771118164,0.0,0.0,0.0,0.0,1.7999999523162842,96.65999603271484,0,0,0,True,,,,
1776723258,251137233,,12.25999927520752,0.0,0.0,0.0,0.0,1.7999999523162842,97.7699966430664,0,0,0,True,,,,
1776723258,301167554,,12.25999927520752,0.0,0.0,0.0,0.0,1.7999999523162842,97.7699966430664,0,0,0,True,,,,
1776723258,351086452,,12.25999927520752,0.0,0.0,0.0,0.0,1.7999999523162842,97.7699966430664,0,0,0,True,,,,
1776723258,401112458,,12.239999771118164,0.0,0.0,0.0,0.0,1.7999999523162842,96.65999603271484,0,0,0,True,,,,
1776723258,451150113,,12.25999927520752,0.0,0.0,0.0,0.0,1.7999999523162842,97.7699966430664,0,0,0,True,,,,
1776723258,501230711,,12.25999927520752,0.0,0.0,0.0,0.0,1.7999999523162842,97.7699966430664,0,0,0,True,,,,
1776723258,551109757,,12.25999927520752,0.0,0.0,0.0,0.0,1.7999999523162842,97.7699966430664,0,0,0,True,,,,
1776723258,601190374,,12.239999771118164,0.0,0.0,0.0,0.0,1.7999999523162842,96.65999603271484,0,0,0,True,,,,
1776723258,651124623,,12.25999927520752,0.0,0.0,0.0,0.0,1.7999999523162842,97.7699966430664,0,0,0,True,,,,
1776723258,701166259,,12.25999927520752,0.0,0.0,0.0,0.0,1.7999999523162842,97.7699966430664,0,0,0,True,,,,
1776723258,751112007,,12.239999771118164,0.0,0.0,0.0,0.0,1.7999999523162842,96.65999603271484,0,0,0,True,,,,
1776723258,801185550,,12.25999927520752,0.0,0.0,0.0,0.0,1.7999999523162842,97.7699966430664,0,0,0,True,,,,
1776723258,851124428,,12.239999771118164,0.0,0.0,0.0,0.0,1.7999999523162842,96.65999603271484,0,0,0,True,,,,
1776723258,901163916,,12.239999771118164,0.0,0.0,0.0,0.0,1.7999999523162842,96.65999603271484,0,0,0,True,,,,
1776723258,951146146,,12.239999771118164,0.0,0.0,0.0,0.0,1.7999999523162842,96.65999603271484,0,0,0,True,,,,
1776723259,1172060,,12.239999771118164,0.0,0.0,0.0,0.0,1.7999999523162842,96.65999603271484,0,0,0,True,,,,
1776723259,51128697,,12.25999927520752,0.0,0.0,0.0,0.0,1.7999999523162842,97.7699966430664,0,0,0,True,,,,
1776723259,101134704,,12.239999771118164,0.0,0.0,0.0,0.0,1.7999999523162842,96.65999603271484,0,0,0,True,,,,
1776723259,151184155,,12.239999771118164,0.0,0.0,0.0,0.0,1.7999999523162842,96.65999603271484,0,0,0,True,,,,
1776723259,201234642,,12.239999771118164,0.0,0.0,0.0,0.0,1.7999999523162842,96.65999603271484,0,0,0,True,,,,
1776723259,251101133,,12.25999927520752,0.0,0.0,0.0,0.0,1.7999999523162842,97.7699966430664,0,0,0,True,,,,
1776723259,301159694,,12.25999927520752,0.0,0.0,0.0,0.0,1.7999999523162842,97.7699966430664,0,0,0,True,,,,
1776723259,351080406,,12.25999927520752,0.0,0.0,0.0,0.0,1.7999999523162842,97.7699966430664,0,0,0,True,,,,
1776723259,401194745,,12.25999927520752,0.0,0.0,0.0,0.0,1.7999999523162842,97.7699966430664,0,0,0,True,,,,
1776723259,451034458,,12.25999927520752,0.0,0.0,0.0,0.0,1.7999999523162842,97.7699966430664,0,0,0,True,,,,
1776723259,501125797,,12.25999927520752,0.0,0.0,0.0,0.0,1.7999999523162842,97.7699966430664,0,0,0,True,,,,
1776723259,551122341,,12.25999927520752,0.0,0.0,0.0,0.0,1.7999999523162842,97.7699966430664,0,0,0,True,,,,
1776723259,601092867,,12.239999771118164,0.0,0.0,0.0,0.0,1.7999999523162842,96.65999603271484,0,0,0,True,,,,
1776723259,651074300,,12.25999927520752,0.0,0.0,0.0,0.0,1.7999999523162842,97.7699966430664,0,0,0,True,,,,
1776723259,701145584,,12.25999927520752,0.0,0.0,0.0,0.0,1.7999999523162842,97.7699966430664,0,0,0,True,,,,
1776723259,751136276,,12.239999771118164,0.0,0.0,0.0,0.0,1.7999999523162842,96.65999603271484,0,0,0,True,,,,
1776723259,801089654,,12.25999927520752,0.0,0.0,0.0,0.0,1.7999999523162842,97.7699966430664,0,0,0,True,,,,
1776723259,851100198,,12.239999771118164,0.0,0.0,0.0,0.0,1.7999999523162842,96.65999603271484,0,0,0,True,,,,
1776723259,901148964,,12.239999771118164,0.0,0.0,0.0,0.0,1.7999999523162842,96.65999603271484,0,0,0,True,,,,
1776723259,951097805,,12.25999927520752,0.0,0.0,0.0,0.0,1.7999999523162842,97.7699966430664,0,0,0,True,,,,
1776723260,1154329,,12.239999771118164,0.0,0.0,0.0,0.0,1.7999999523162842,96.65999603271484,0,0,0,True,,,,
1776723260,51156781,,12.239999771118164,0.0,0.0,0.0,0.0,1.7999999523162842,96.65999603271484,0,0,0,True,,,,
1776723260,101162158,,12.25999927520752,0.0,0.0,0.0,0.0,1.7999999523162842,97.7699966430664,0,0,0,True,,,,
1776723260,151088629,,12.239999771118164,0.0,0.0,0.0,0.0,1.7999999523162842,96.65999603271484,0,0,0,True,,,,
1776723260,201093488,,12.239999771118164,0.0,0.0,0.0,0.0,1.7999999523162842,96.65999603271484,0,0,0,True,,,,
1776723260,251102680,,12.239999771118164,0.0,0.0,0.0,0.0,1.7999999523162842,96.65999603271484,0,0,0,True,,,,
1776723260,301231074,,12.25999927520752,0.0,0.0,0.0,0.0,1.7999999523162842,97.7699966430664,0,0,0,True,,,,
1776723260,351077472,,12.239999771118164,0.0,0.0,0.0,0.0,1.7999999523162842,96.65999603271484,0,0,0,True,,,,
1776723260,401103701,,12.25999927520752,0.0,0.0,0.0,0.0,1.7999999523162842,97.7699966430664,0,0,0,True,,,,
1776723260,451096949,,12.239999771118164,0.0,0.0,0.0,0.0,1.7999999523162842,96.65999603271484,0,0,0,True,,,,
1776723260,501119455,,12.239999771118164,0.0,0.0,0.0,0.0,1.7999999523162842,96.65999603271484,0,0,0,True,,,,
1776723260,551085796,,12.239999771118164,0.0,0.0,0.0,0.0,1.7999999523162842,96.65999603271484,0,0,0,True,,,,
1776723260,601127858,,12.239999771118164,0.0,0.0,0.0,0.0,1.7999999523162842,96.65999603271484,0,0,0,True,,,,
1776723260,651063570,,12.239999771118164,0.0,0.0,0.0,0.0,1.7999999523162842,96.65999603271484,0,0,0,True,,,,
1776723260,701138779,,12.239999771118164,0.0,0.0,0.0,0.0,1.7999999523162842,96.65999603271484,0,0,0,True,,,,
1776723260,751091158,,12.239999771118164,0.0,0.0,0.0,0.0,1.7999999523162842,96.65999603271484,0,0,0,True,,,,
1776723260,801117738,,12.239999771118164,0.0,0.0,0.0,0.0,1.7999999523162842,96.65999603271484,0,0,0,True,,,,
1776723260,851094579,,12.239999771118164,0.0,0.0,0.0,0.0,1.7999999523162842,96.65999603271484,0,0,0,True,,,,
1776723260,901109512,,12.239999771118164,0.0,0.0,0.0,0.0,1.7999999523162842,96.65999603271484,0,0,0,True,,,,
1776723260,951074778,,12.239999771118164,0.0,0.0,0.0,0.0,1.7999999523162842,96.65999603271484,0,0,0,True,,,,
1776723261,1106414,,12.239999771118164,0.0,0.0,0.0,0.0,1.7999999523162842,96.65999603271484,0,0,0,True,,,,
1776723261,51096755,,12.239999771118164,0.0,0.0,0.0,0.0,1.7999999523162842,96.65999603271484,0,0,0,True,,,,
1776723261,101113373,,12.239999771118164,0.0,0.0,0.0,0.0,1.7999999523162842,96.65999603271484,0,0,0,True,,,,
1776723261,151076158,,12.239999771118164,0.0,0.0,0.0,0.0,1.7999999523162842,96.65999603271484,0,0,0,True,,,,
1776723261,201125646,,12.239999771118164,0.0,0.0,0.0,0.0,1.7999999523162842,96.65999603271484,0,0,0,True,,,,
1776723261,251102764,,12.239999771118164,0.0,0.0,0.0,0.0,1.7999999523162842,96.65999603271484,0,0,0,True,,,,
1776723261,301109456,,12.239999771118164,0.0,0.0,0.0,0.0,1.7999999523162842,96.65999603271484,0,0,0,True,,,,
1776723261,351068075,,12.239999771118164,0.0,0.0,0.0,0.0,1.7999999523162842,96.65999603271484,0,0,0,True,,,,
1776723261,401106100,,12.239999771118164,0.0,0.0,0.0,0.0,1.7999999523162842,96.65999603271484,0,0,0,True,,,,
1776723261,451291678,,12.239999771118164,0.0,0.0,0.0,0.0,1.7999999523162842,96.65999603271484,0,0,0,True,,,,
1776723261,501064281,,12.219999313354492,0.0,0.0,0.0,0.0,1.7999999523162842,95.54999542236328,0,0,0,True,,,,
1776723261,551042733,,12.219999313354492,0.0,0.0,0.0,0.0,1.7999999523162842,95.54999542236328,0,0,0,True,,,,
1776723261,601049481,,12.219999313354492,0.0,0.0,0.0,0.0,1.7999999523162842,95.54999542236328,0,0,0,True,,,,
1776723261,651045488,,12.219999313354492,0.0,0.0,0.0,0.0,1.7999999523162842,95.54999542236328,0,0,0,True,,,,
1776723261,701098457,,12.199999809265137,0.0,0.0,0.0,0.0,1.7999999523162842,94.43999481201172,0,0,0,True,,,,
1776723261,751025724,,12.219999313354492,0.0,0.0,0.0,0.0,1.7999999523162842,95.54999542236328,0,0,0,True,,,,
1776723261,801067212,,12.219999313354492,0.0,0.0,0.0,0.0,1.7999999523162842,95.54999542236328,0,0,0,True,,,,
1776723261,851033201,,12.219999313354492,0.0,0.0,0.0,0.0,1.7999999523162842,95.54999542236328,0,0,0,True,,,,
1776723261,901078911,,12.219999313354492,0.0,0.0,0.0,0.0,1.7999999523162842,95.54999542236328,0,0,0,True,,,,
1776723261,951132954,,12.219999313354492,0.0,0.0,0.0,0.0,1.7999999523162842,95.54999542236328,0,0,0,True,,,,
1776723262,1131795,,12.219999313354492,0.0,0.0,0.0,0.0,1.7999999523162842,95.54999542236328,0,0,0,True,,,,
1776723262,51090302,,12.219999313354492,0.0,0.0,0.0,0.0,1.7999999523162842,95.54999542236328,0,0,0,True,,,,
1776723262,101144105,,12.239999771118164,0.0,0.0,0.0,0.0,1.7999999523162842,96.65999603271484,0,0,0,True,,,,
1776723262,151049891,,12.239999771118164,0.0,0.0,0.0,0.0,1.7999999523162842,96.65999603271484,0,0,0,True,,,,
1776723262,201147952,,12.239999771118164,0.0,0.0,0.0,0.0,1.7999999523162842,96.65999603271484,0,0,0,True,,,,
1776723262,251060942,,12.239999771118164,0.0,0.0,0.0,0.0,1.7999999523162842,96.65999603271484,0,0,0,True,,,,
1776723262,301097004,,12.239999771118164,0.0,0.0,0.0,0.0,1.7999999523162842,96.65999603271484,0,0,0,True,,,,
1776723262,351113103,,12.239999771118164,0.0,0.0,0.0,0.0,1.7999999523162842,96.65999603271484,0,0,0,True,,,,
1776723262,401235942,,12.219999313354492,0.0,0.0,0.0,0.0,1.7999999523162842,95.54999542236328,0,0,0,True,,,,
1776723262,451060655,,12.239999771118164,0.0,0.0,0.0,0.0,1.7999999523162842,96.65999603271484,0,0,0,True,,,,
1776723262,501111717,,12.239999771118164,0.0,0.0,0.0,0.0,1.7999999523162842,96.65999603271484,0,0,0,True,,,,
1776723262,551042095,,12.219999313354492,0.0,0.0,0.0,0.0,1.7999999523162842,95.54999542236328,0,0,0,True,,,,
1776723262,601082083,,12.239999771118164,0.0,0.0,0.0,0.0,1.7999999523162842,96.65999603271484,0,0,0,True,,,,
1776723262,651029109,,12.239999771118164,0.0,0.0,0.0,0.0,1.7999999523162842,96.65999603271484,0,0,0,True,,,,
1776723262,701096171,,12.219999313354492,0.0,0.0,0.0,0.0,1.7999999523162842,95.54999542236328,0,0,0,True,,,,
1776723262,751053327,,12.239999771118164,0.0,0.0,0.0,0.0,1.7999999523162842,96.65999603271484,0,0,0,True,,,,
1776723262,801072315,,12.239999771118164,0.0,0.0,0.0,0.0,1.7999999523162842,96.65999603271484,0,0,0,True,,,,
1776723262,851122710,,12.239999771118164,0.0,0.0,0.0,0.0,1.7999999523162842,96.65999603271484,0,0,0,True,,,,
1776723262,901097754,,12.219999313354492,0.0,0.0,0.0,0.0,1.7999999523162842,95.54999542236328,0,0,0,True,,,,
1776723262,951076484,,12.239999771118164,0.0,0.0,0.0,0.0,1.7999999523162842,96.65999603271484,0,0,0,True,,,,
1776723263,1163453,,12.239999771118164,0.0,0.0,0.0,0.0,1.7999999523162842,96.65999603271484,0,0,0,True,,,,
1776723263,51059332,,12.239999771118164,0.0,0.0,0.0,0.0,1.7999999523162842,96.65999603271484,0,0,0,True,,,,
1776723263,101085135,,12.239999771118164,0.0,0.0,0.0,0.0,1.7999999523162842,96.65999603271484,0,0,0,True,,,,
1776723263,151054198,,12.239999771118164,0.0,0.0,0.0,0.0,1.7999999523162842,96.65999603271484,0,0,0,True,,,,
1776723263,201112889,,12.239999771118164,0.0,0.0,0.0,0.0,1.7999999523162842,96.65999603271484,0,0,0,True,,,,
1776723263,251021101,,12.239999771118164,0.0,0.0,0.0,0.0,1.7999999523162842,96.65999603271484,0,0,0,True,,,,
1776723263,301077496,,12.219999313354492,0.0,0.0,0.0,0.0,1.7999999523162842,95.54999542236328,0,0,0,True,,,,
1776723263,351010374,,12.239999771118164,0.0,0.0,0.0,0.0,1.7999999523162842,96.65999603271484,0,0,0,True,,,,
1776723263,401080028,,12.239999771118164,0.0,0.0,0.0,0.0,1.7999999523162842,96.65999603271484,0,0,0,True,,,,
1776723263,451056739,,12.239999771118164,0.0,0.0,0.0,0.0,1.7999999523162842,96.65999603271484,0,0,0,True,,,,
1776723263,501085190,,12.239999771118164,0.0,0.0,0.0,0.0,1.7999999523162842,96.65999603271484,0,0,0,True,,,,
1776723263,551038735,,12.239999771118164,0.0,0.0,0.0,0.0,1.7999999523162842,96.65999603271484,0,0,0,True,,,,
1776723263,601069557,,12.239999771118164,0.0,0.0,0.0,0.0,1.7999999523162842,96.65999603271484,0,0,0,True,,,,
1776723263,651074045,,12.239999771118164,0.0,0.0,0.0,0.0,1.7999999523162842,96.65999603271484,0,0,0,True,,,,
1776723263,701074070,,12.25999927520752,0.0,0.0,0.0,0.0,1.7999999523162842,97.7699966430664,0,0,0,True,,,,
1776723263,751003264,,12.239999771118164,0.0,0.0,0.0,0.0,1.7999999523162842,96.65999603271484,0,0,0,True,,,,
1776723263,801018956,,12.239999771118164,0.0,0.0,0.0,0.0,1.7999999523162842,96.65999603271484,0,0,0,True,,,,
1776723263,850996259,,12.239999771118164,0.0,0.0,0.0,0.0,1.7999999523162842,96.65999603271484,0,0,0,True,,,,
1776723263,900999525,,12.25999927520752,0.0,0.0,0.0,0.0,1.7999999523162842,97.7699966430664,0,0,0,True,,,,
1776723263,951051661,,12.239999771118164,0.0,0.0,0.0,0.0,1.7999999523162842,96.65999603271484,0,0,0,True,,,,
1776723264,1225981,,12.239999771118164,0.0,0.0,0.0,0.0,1.7999999523162842,96.65999603271484,0,0,0,True,,,,
1776723264,51044935,,12.219999313354492,0.0,0.0,0.0,0.0,1.7999999523162842,95.54999542236328,0,0,0,True,,,,
1776723264,101002776,,12.25999927520752,0.0,0.0,0.0,0.0,1.7999999523162842,97.7699966430664,0,0,0,True,,,,
1776723264,151050319,,12.25999927520752,0.0,0.0,0.0,0.0,1.7999999523162842,97.7699966430664,0,0,0,True,,,,
1776723264,201007623,,12.239999771118164,0.0,0.0,0.0,0.0,1.7999999523162842,96.65999603271484,0,0,0,True,,,,
1776723264,251038815,,12.219999313354492,0.0,0.0,0.0,0.0,1.7999999523162842,95.54999542236328,0,0,0,True,,,,
1776723264,301069414,,12.239999771118164,0.0,0.0,0.0,0.0,1.7999999523162842,96.65999603271484,0,0,0,True,,,,
1776723264,350991663,,12.239999771118164,0.0,0.0,0.0,0.0,1.7999999523162842,96.65999603271484,0,0,0,True,,,,
1776723264,401003040,,12.239999771118164,0.0,0.0,0.0,0.0,1.7999999523162842,96.65999603271484,0,0,0,True,,,,
1776723264,451007676,,12.239999771118164,0.0,0.0,0.0,0.0,1.7999999523162842,96.65999603271484,0,0,0,True,,,,
1776723264,501019442,,12.239999771118164,0.0,0.0,0.0,0.0,1.7999999523162842,96.65999603271484,0,0,0,True,,,,
1776723264,551033542,,12.25999927520752,0.0,0.0,0.0,0.0,1.7999999523162842,97.7699966430664,0,0,0,True,,,,
1776723264,601027345,,12.239999771118164,0.0,0.0,0.0,0.0,1.7999999523162842,96.65999603271484,0,0,0,True,,,,
1776723264,651126277,,12.239999771118164,0.0,0.0,0.0,0.0,1.7999999523162842,96.65999603271484,0,0,0,True,,,,
1776723264,701068673,,12.239999771118164,0.0,0.0,0.0,0.0,1.7999999523162842,96.65999603271484,0,0,0,True,,,,
1776723264,751042125,,12.25999927520752,0.0,0.0,0.0,0.0,1.7999999523162842,97.7699966430664,0,0,0,True,,,,
1776723264,800989522,,12.239999771118164,0.0,0.0,0.0,0.0,1.7999999523162842,96.65999603271484,0,0,0,True,,,,
1776723264,851037084,,12.239999771118164,0.0,0.0,0.0,0.0,1.7999999523162842,96.65999603271484,0,0,0,True,,,,
1776723264,900981721,,12.239999771118164,0.0,0.0,0.0,0.0,1.7999999523162842,96.65999603271484,0,0,0,True,,,,
1776723264,951034042,,12.25999927520752,0.0,0.0,0.0,0.0,1.7999999523162842,97.7699966430664,0,0,0,True,,,,
1776723265,1020068,,12.239999771118164,0.0,0.0,0.0,0.0,1.7999999523162842,96.65999603271484,0,0,0,True,,,,
1776723265,51009075,,12.239999771118164,0.0,0.0,0.0,0.0,1.7999999523162842,96.65999603271484,0,0,0,True,,,,
1776723265,101067007,,12.239999771118164,0.0,0.0,0.0,0.0,1.7999999523162842,96.65999603271484,0,0,0,True,,,,
1776723265,150994515,,12.239999771118164,0.0,0.0,0.0,0.0,1.7999999523162842,96.65999603271484,0,0,0,True,,,,
1776723265,201113094,,12.25999927520752,0.0,0.0,0.0,0.0,1.7999999523162842,97.7699966430664,0,0,0,True,,,,
1776723265,251020084,,12.239999771118164,0.0,0.0,0.0,0.0,1.7999999523162842,96.65999603271484,0,0,0,True,,,,
1776723265,301003166,,12.239999771118164,0.0,0.0,0.0,0.0,1.7999999523162842,96.65999603271484,0,0,0,True,,,,
1776723265,350971988,,12.239999771118164,0.0,0.0,0.0,0.0,1.7999999523162842,96.65999603271484,0,0,0,True,,,,
1776723265,401120400,,12.239999771118164,0.0,0.0,0.0,0.0,1.7999999523162842,96.65999603271484,0,0,0,True,,,,
1776723265,450988761,,12.25999927520752,0.0,0.0,0.0,0.0,1.7999999523162842,97.7699966430664,0,0,0,True,,,,
1776723265,501012268,,12.239999771118164,0.0,0.0,0.0,0.0,1.7999999523162842,96.65999603271484,0,0,0,True,,,,
1776723265,550983775,,12.239999771118164,0.0,0.0,0.0,0.0,1.7999999523162842,96.65999603271484,0,0,0,True,,,,
1776723265,600988171,,12.25999927520752,0.0,0.0,0.0,0.0,1.7999999523162842,97.7699966430664,0,0,0,True,,,,
1776723265,650996641,,12.25999927520752,0.0,0.0,0.0,0.0,1.7999999523162842,97.7699966430664,0,0,0,True,,,,
1776723265,701005036,,12.239999771118164,0.0,0.0,0.0,0.0,1.7999999523162842,96.65999603271484,0,0,0,True,,,,
1776723265,751016080,,12.239999771118164,0.0,0.0,0.0,0.0,1.7999999523162842,96.65999603271484,0,0,0,True,,,,
1776723265,801094808,,12.25999927520752,0.0,0.0,0.0,0.0,1.7999999523162842,97.7699966430664,0,0,0,True,,,,
1776723265,850999095,,12.239999771118164,0.0,0.0,0.0,0.0,1.7999999523162842,96.65999603271484,0,0,0,True,,,,
1776723265,900995879,,12.239999771118164,0.0,0.0,0.0,0.0,1.7999999523162842,96.65999603271484,0,0,0,True,,,,
1776723265,950992016,,12.25999927520752,0.0,0.0,0.0,0.0,1.7999999523162842,97.7699966430664,0,0,0,True,,,,
1776723266,1096392,,12.25999927520752,0.0,0.0,0.0,0.0,1.7999999523162842,97.7699966430664,0,0,0,True,,,,
1776723266,50973512,,12.25999927520752,0.0,0.0,0.0,0.0,1.7999999523162842,97.7699966430664,0,0,0,True,,,,
1776723266,100995685,,12.239999771118164,0.0,0.0,0.0,0.0,1.7999999523162842,96.65999603271484,0,0,0,True,,,,
1776723266,150969600,,12.25999927520752,0.0,0.0,0.0,0.0,1.7999999523162842,97.7699966430664,0,0,0,True,,,,
1776723266,201093272,,12.25999927520752,0.0,0.0,0.0,0.0,1.7999999523162842,97.7699966430664,0,0,0,True,,,,
1776723266,251006595,,12.239999771118164,0.0,0.0,0.0,0.0,1.7999999523162842,96.65999603271484,0,0,0,True,,,,
1776723266,301135507,,12.25999927520752,0.0,0.0,0.0,0.0,1.7999999523162842,97.7699966430664,0,0,0,True,,,,
1776723266,350991146,,12.239999771118164,0.0,0.0,0.0,0.0,1.7999999523162842,96.65999603271484,0,0,0,True,,,,
1776723266,400972524,,12.25999927520752,0.0,0.0,0.0,0.0,1.7999999523162842,97.7699966430664,0,0,0,True,,,,
1776723266,451016141,,12.239999771118164,0.0,0.0,0.0,0.0,1.7999999523162842,96.65999603271484,0,0,0,True,,,,
1776723266,501005796,,12.239999771118164,0.0,0.0,0.0,0.0,1.7999999523162842,96.65999603271484,0,0,0,True,,,,
1776723266,551008859,,12.239999771118164,0.0,0.0,0.0,0.0,1.7999999523162842,96.65999603271484,0,0,0,True,,,,
1776723266,601007551,,12.25999927520752,0.0,0.0,0.0,0.0,1.7999999523162842,97.7699966430664,0,0,0,True,,,,
1776723266,650997466,,12.25999927520752,0.0,0.0,0.0,0.0,1.7999999523162842,97.7699966430664,0,0,0,True,,,,
1776723266,701019602,,12.239999771118164,0.0,0.0,0.0,0.0,1.7999999523162842,96.65999603271484,0,0,0,True,,,,
1776723266,750973925,,12.25999927520752,0.0,0.0,0.0,0.0,1.7999999523162842,97.7699966430664,0,0,0,True,,,,
1776723266,800979302,,12.239999771118164,0.0,0.0,0.0,0.0,1.7999999523162842,96.65999603271484,0,0,0,True,,,,
1776723266,850982161,,12.239999771118164,0.0,0.0,0.0,0.0,1.7999999523162842,96.65999603271484,0,0,0,True,,,,
1776723266,900968483,,12.239999771118164,0.0,0.0,0.0,0.0,1.7999999523162842,96.65999603271484,0,0,0,True,,,,
1776723266,951027137,,12.25999927520752,0.0,0.0,0.0,0.0,1.7999999523162842,97.7699966430664,0,0,0,True,,,,
1776723267,1244937,,12.239999771118164,0.0,0.0,0.0,0.0,1.7999999523162842,96.65999603271484,0,0,0,True,,,,
1776723267,51019762,,12.239999771118164,0.0,0.0,0.0,0.0,1.7999999523162842,96.65999603271484,0,0,0,True,,,,
1776723267,101009306,,12.239999771118164,0.0,0.0,0.0,0.0,1.7999999523162842,96.65999603271484,0,0,0,True,,,,
1776723267,151001128,,12.239999771118164,0.0,0.0,0.0,0.0,1.7999999523162842,96.65999603271484,0,0,0,True,,,,
1776723267,200965358,,12.25999927520752,0.0,0.0,0.0,0.0,1.7999999523162842,97.7699966430664,0,0,0,True,,,,
1776723267,251002864,,12.239999771118164,0.0,0.0,0.0,0.0,1.7999999523162842,96.65999603271484,0,0,0,True,,,,
1776723267,300997223,,12.239999771118164,0.0,0.0,0.0,0.0,1.7999999523162842,96.65999603271484,0,0,0,True,,,,
1776723267,350976934,,12.219999313354492,0.0,0.0,0.0,0.0,1.7999999523162842,95.54999542236328,0,0,0,True,,,,
1776723267,401014922,,12.239999771118164,0.0,0.0,0.0,0.0,1.7999999523162842,96.65999603271484,0,0,0,True,,,,
1776723267,451062614,,12.239999771118164,0.0,0.0,0.0,0.0,1.7999999523162842,96.65999603271484,0,0,0,True,,,,
1776723267,501009325,,12.239999771118164,0.0,0.0,0.0,0.0,1.7999999523162842,96.65999603271484,0,0,0,True,,,,
1776723267,550962592,,12.25999927520752,0.0,0.0,0.0,0.0,1.7999999523162842,97.7699966430664,0,0,0,True,,,,
1776723267,601012098,,12.239999771118164,0.0,0.0,0.0,0.0,1.7999999523162842,96.65999603271484,0,0,0,True,,,,
1776723267,650977402,,12.25999927520752,0.0,0.0,0.0,0.0,1.7999999523162842,97.7699966430664,0,0,0,True,,,,
1776723267,700981168,,12.239999771118164,0.0,0.0,0.0,0.0,1.7999999523162842,96.65999603271484,0,0,0,True,,,,
1776723267,751051286,,12.25999927520752,0.0,0.0,0.0,0.0,1.7999999523162842,97.7699966430664,0,0,0,True,,,,
1776723267,800958257,,12.25999927520752,0.0,0.0,0.0,0.0,1.7999999523162842,97.7699966430664,0,0,0,True,,,,
1776723267,850952727,,12.25999927520752,0.0,0.0,0.0,0.0,1.7999999523162842,97.7699966430664,0,0,0,True,,,,
1776723267,900957715,,12.239999771118164,0.0,0.0,0.0,0.0,1.7999999523162842,96.65999603271484,0,0,0,True,,,,
1776723267,950977426,,12.239999771118164,0.0,0.0,0.0,0.0,1.7999999523162842,96.65999603271484,0,0,0,True,,,,
1776723268,1014784,,12.25999927520752,0.0,0.0,0.0,0.0,1.7999999523162842,97.7699966430664,0,0,0,True,,,,
1776723268,50982903,,12.25999927520752,0.0,0.0,0.0,0.0,1.7999999523162842,97.7699966430664,0,0,0,True,,,,
1776723268,101018168,,12.25999927520752,0.0,0.0,0.0,0.0,1.7999999523162842,97.7699966430664,0,0,0,True,,,,
1776723268,150971472,,12.25999927520752,0.0,0.0,0.0,0.0,1.7999999523162842,97.7699966430664,0,0,0,True,,,,
1776723268,201170921,,12.219999313354492,0.0,0.0,0.0,0.0,1.7999999523162842,95.54999542236328,0,0,0,True,,,,
1776723268,250969301,,12.25999927520752,0.0,0.0,0.0,0.0,1.7999999523162842,97.7699966430664,0,0,0,True,,,,
1776723268,300948771,,12.239999771118164,0.0,0.0,0.0,0.0,1.7999999523162842,96.65999603271484,0,0,0,True,,,,
1776723268,350928464,,12.25999927520752,0.0,0.0,0.0,0.0,1.7999999523162842,97.7699966430664,0,0,0,True,,,,
1776723268,401007840,,12.25999927520752,0.0,0.0,0.0,0.0,1.7999999523162842,97.7699966430664,0,0,0,True,,,,
1776723268,450957570,,12.25999927520752,0.0,0.0,0.0,0.0,1.7999999523162842,97.7699966430664,0,0,0,True,,,,
1776723268,500983540,,12.25999927520752,0.0,0.0,0.0,0.0,1.7999999523162842,97.7699966430664,0,0,0,True,,,,
1776723268,550999620,,12.239999771118164,0.0,0.0,0.0,0.0,1.7999999523162842,96.65999603271484,0,0,0,True,,,,
1776723268,600968072,,12.239999771118164,0.0,0.0,0.0,0.0,1.7999999523162842,96.65999603271484,0,0,0,True,,,,
1776723268,650957691,,12.239999771118164,0.0,0.0,0.0,0.0,1.7999999523162842,96.65999603271484,0,0,0,True,,,,
1776723268,700976660,,12.239999771118164,0.0,0.0,0.0,0.0,1.7999999523162842,96.65999603271484,0,0,0,True,,,,
1776723268,750948519,,12.25999927520752,0.0,0.0,0.0,0.0,1.7999999523162842,97.7699966430664,0,0,0,True,,,,
1776723268,800952360,,12.239999771118164,0.0,0.0,0.0,0.0,1.7999999523162842,96.65999603271484,0,0,0,True,,,,
1776723268,850969329,,12.239999771118164,0.0,0.0,0.0,0.0,1.7999999523162842,96.65999603271484,0,0,0,True,,,,
1776723268,900928670,,12.25999927520752,0.0,0.0,0.0,0.0,1.7999999523162842,97.7699966430664,0,0,0,True,,,,
1776723268,950976473,,12.25999927520752,0.0,0.0,0.0,0.0,1.7999999523162842,97.7699966430664,0,0,0,True,,,,
1776723269,1118200,,12.239999771118164,0.0,0.0,0.0,0.0,1.7999999523162842,96.65999603271484,0,0,0,True,,,,
1776723269,50966024,,12.25999927520752,0.0,0.0,0.0,0.0,1.7999999523162842,97.7699966430664,0,0,0,True,,,,
1776723269,100939606,,12.25999927520752,0.0,0.0,0.0,0.0,1.7999999523162842,97.7699966430664,0,0,0,True,,,,
1776723269,150942353,,12.239999771118164,0.0,0.0,0.0,0.0,1.7999999523162842,96.65999603271484,0,0,0,True,,,,
1776723269,200953768,,12.239999771118164,0.0,0.0,0.0,0.0,1.7999999523162842,96.65999603271484,0,0,0,True,,,,
1776723269,250978015,,12.239999771118164,0.0,0.0,0.0,0.0,1.7999999523162842,96.65999603271484,0,0,0,True,,,,
1776723269,300926912,,12.239999771118164,0.0,0.0,0.0,0.0,1.7999999523162842,96.65999603271484,0,0,0,True,,,,
1776723269,350972436,,12.239999771118164,0.0,0.0,0.0,0.0,1.7999999523162842,96.65999603271484,0,0,0,True,,,,
1776723269,400981999,,12.239999771118164,0.0,0.0,0.0,0.0,1.7999999523162842,96.65999603271484,0,0,0,True,,,,
1776723269,450945025,,12.239999771118164,0.0,0.0,0.0,0.0,1.7999999523162842,96.65999603271484,0,0,0,True,,,,
1776723269,500916551,,12.239999771118164,0.0,0.0,0.0,0.0,1.7999999523162842,96.65999603271484,0,0,0,True,,,,
1776723269,550974575,,12.25999927520752,0.0,0.0,0.0,0.0,1.7999999523162842,97.7699966430664,0,0,0,True,,,,
1776723269,600948990,,12.239999771118164,0.0,0.0,0.0,0.0,1.7999999523162842,96.65999603271484,0,0,0,True,,,,
1776723269,650946016,,12.239999771118164,0.0,0.0,0.0,0.0,1.7999999523162842,96.65999603271484,0,0,0,True,,,,
1776723269,700955486,,12.239999771118164,0.0,0.0,0.0,0.0,1.7999999523162842,96.65999603271484,0,0,0,True,,,,
1776723269,751081824,,12.25999927520752,0.0,0.0,0.0,0.0,1.7999999523162842,97.7699966430664,0,0,0,True,,,,
1776723269,800950759,,12.239999771118164,0.0,0.0,0.0,0.0,1.7999999523162842,96.65999603271484,0,0,0,True,,,,
1776723269,850927118,,12.25999927520752,0.0,0.0,0.0,0.0,1.7999999523162842,97.7699966430664,0,0,0,True,,,,
1776723269,900977921,,12.239999771118164,0.0,0.0,0.0,0.0,1.7999999523162842,96.65999603271484,0,0,0,True,,,,
1776723269,950908503,,12.239999771118164,0.0,0.0,0.0,0.0,1.7999999523162842,96.65999603271484,0,0,0,True,,,,
1776723270,1106599,,12.239999771118164,0.0,0.0,0.0,0.0,1.7999999523162842,96.65999603271484,0,0,0,True,,,,
1776723270,51008219,,12.239999771118164,0.0,0.0,0.0,0.0,1.7999999523162842,96.65999603271484,0,0,0,True,,,,
1776723270,100923153,,12.239999771118164,0.0,0.0,0.0,0.0,1.7999999523162842,96.65999603271484,0,0,0,True,,,,
1776723270,150930086,,12.239999771118164,0.0,0.0,0.0,0.0,1.7999999523162842,96.65999603271484,0,0,0,True,,,,
1776723270,200933685,,12.25999927520752,0.0,0.0,0.0,0.0,1.7999999523162842,97.7699966430664,0,0,0,True,,,,
1776723270,250951100,,12.25999927520752,0.0,0.0,0.0,0.0,1.7999999523162842,97.7699966430664,0,0,0,True,,,,
1776723270,300986625,,12.239999771118164,0.0,0.0,0.0,0.0,1.7999999523162842,96.65999603271484,0,0,0,True,,,,
1776723270,350942299,,12.239999771118164,0.0,0.0,0.0,0.0,1.7999999523162842,96.65999603271484,0,0,0,True,,,,
1776723270,400980528,,12.25999927520752,0.0,0.0,0.0,0.0,1.7999999523162842,97.7699966430664,0,0,0,True,,,,
1776723270,450925572,,12.25999927520752,0.0,0.0,0.0,0.0,1.7999999523162842,97.7699966430664,0,0,0,True,,,,
1776723270,500923079,,12.239999771118164,0.0,0.0,0.0,0.0,1.7999999523162842,96.65999603271484,0,0,0,True,,,,
1776723270,550949327,,12.25999927520752,0.0,0.0,0.0,0.0,1.7999999523162842,97.7699966430664,0,0,0,True,,,,
1776723270,600903149,,12.219999313354492,0.0,0.0,0.0,0.0,1.7999999523162842,95.54999542236328,0,0,0,True,,,,
1776723270,650932434,,12.239999771118164,0.0,0.0,0.0,0.0,1.7999999523162842,96.65999603271484,0,0,0,True,,,,
1776723270,700945959,,12.239999771118164,0.0,0.0,0.0,0.0,1.7999999523162842,96.65999603271484,0,0,0,True,,,,
1776723270,750904874,,12.25999927520752,0.0,0.0,0.0,0.0,1.7999999523162842,97.7699966430664,0,0,0,True,,,,
1776723270,800938677,,12.239999771118164,0.0,0.0,0.0,0.0,1.7999999523162842,96.65999603271484,0,0,0,True,,,,
1776723270,850953758,,12.239999771118164,0.0,0.0,0.0,0.0,1.7999999523162842,96.65999603271484,0,0,0,True,,,,
1776723270,900889562,,12.239999771118164,0.0,0.0,0.0,0.0,1.7999999523162842,96.65999603271484,0,0,0,True,,,,
1776723270,950947994,,12.25999927520752,0.0,0.0,0.0,0.0,1.7999999523162842,97.7699966430664,0,0,0,True,,,,
1776723271,966389,,12.239999771118164,0.0,0.0,0.0,0.0,1.7999999523162842,96.65999603271484,0,0,0,True,,,,
1776723271,50920730,,12.239999771118164,0.0,0.0,0.0,0.0,1.7999999523162842,96.65999603271484,0,0,0,True,,,,
1776723271,100930867,,12.239999771118164,0.0,0.0,0.0,0.0,1.7999999523162842,96.65999603271484,0,0,0,True,,,,
1776723271,150944837,,12.239999771118164,0.0,0.0,0.0,0.0,1.7999999523162842,96.65999603271484,0,0,0,True,,,,
1776723271,200946751,,12.239999771118164,0.0,0.0,0.0,0.0,1.7999999523162842,96.65999603271484,0,0,0,True,,,,
1776723271,250920425,,12.25999927520752,0.0,0.0,0.0,0.0,1.7999999523162842,97.7699966430664,0,0,0,True,,,,
1776723271,300898821,,12.239999771118164,0.0,0.0,0.0,0.0,1.7999999523162842,96.65999603271484,0,0,0,True,,,,
1776723271,350941050,,12.239999771118164,0.0,0.0,0.0,0.0,1.7999999523162842,96.65999603271484,0,0,0,True,,,,
1776723271,401072259,,12.239999771118164,0.0,0.0,0.0,0.0,1.7999999523162842,96.65999603271484,0,0,0,True,,,,
1776723271,451012600,,12.25999927520752,0.0,0.0,0.0,0.0,1.7999999523162842,97.7699966430664,0,0,0,True,,,,
1776723271,500904534,,12.219999313354492,0.0,0.0,0.0,0.0,1.7999999523162842,95.54999542236328,0,0,0,True,,,,
1776723271,551020132,,12.239999771118164,0.0,0.0,0.0,0.0,1.7999999523162842,96.65999603271484,0,0,0,True,,,,
1776723271,600885141,,12.239999771118164,0.0,0.0,0.0,0.0,1.7999999523162842,96.65999603271484,0,0,0,True,,,,
1776723271,650901833,,12.219999313354492,0.0,0.0,0.0,0.0,1.7999999523162842,95.54999542236328,0,0,0,True,,,,
1776723271,700887044,,12.239999771118164,0.0,0.0,0.0,0.0,1.7999999523162842,96.65999603271484,0,0,0,True,,,,
1776723271,750874885,,12.239999771118164,0.0,0.0,0.0,0.0,1.7999999523162842,96.65999603271484,0,0,0,True,,,,
1776723271,800874929,,12.219999313354492,0.0,0.0,0.0,0.0,1.7999999523162842,95.54999542236328,0,0,0,True,,,,
1776723271,850868288,,12.219999313354492,0.0,0.0,0.0,0.0,1.7999999523162842,95.54999542236328,0,0,0,True,,,,
1776723271,900900720,,12.219999313354492,0.0,0.0,0.0,0.0,1.7999999523162842,95.54999542236328,0,0,0,True,,,,
1776723271,950914875,,12.219999313354492,0.0,0.0,0.0,0.0,1.7999999523162842,95.54999542236328,0,0,0,True,,,,
1776723272,941808,,12.25999927520752,0.0,0.0,0.0,0.0,1.7999999523162842,97.7699966430664,0,0,0,True,,,,
1776723272,50965481,,12.239999771118164,0.0,0.0,0.0,0.0,1.7999999523162842,96.65999603271484,0,0,0,True,,,,
1776723272,100926377,,12.239999771118164,0.0,0.0,0.0,0.0,1.7999999523162842,96.65999603271484,0,0,0,True,,,,
1776723272,150918051,,12.239999771118164,0.0,0.0,0.0,0.0,1.7999999523162842,96.65999603271484,0,0,0,True,,,,
1776723272,200869559,,12.25999927520752,0.0,0.0,0.0,0.0,1.7999999523162842,97.7699966430664,0,0,0,True,,,,
1776723272,250901991,,12.239999771118164,0.0,0.0,0.0,0.0,1.7999999523162842,96.65999603271484,0,0,0,True,,,,
1776723272,300909480,,12.219999313354492,0.0,0.0,0.0,0.0,1.7999999523162842,95.54999542236328,0,0,0,True,,,,
1776723272,350936153,,12.239999771118164,0.0,0.0,0.0,0.0,1.7999999523162842,96.65999603271484,0,0,0,True,,,,
1776723272,400930678,,12.219999313354492,0.0,0.0,0.0,0.0,1.7999999523162842,95.54999542236328,0,0,0,True,,,,
1776723272,450898890,,12.239999771118164,0.0,0.0,0.0,0.0,1.7999999523162842,96.65999603271484,0,0,0,True,,,,
1776723272,500919156,,12.239999771118164,0.0,0.0,0.0,0.0,1.7999999523162842,96.65999603271484,0,0,0,True,,,,
1776723272,550902867,,12.219999313354492,0.0,0.0,0.0,0.0,1.7999999523162842,95.54999542236328,0,0,0,True,,,,
1776723272,600914540,,12.239999771118164,0.0,0.0,0.0,0.0,1.7999999523162842,96.65999603271484,0,0,0,True,,,,
1776723272,650885047,,12.239999771118164,0.0,0.0,0.0,0.0,1.7999999523162842,96.65999603271484,0,0,0,True,,,,
1776723272,700973738,,12.239999771118164,0.0,0.0,0.0,0.0,1.7999999523162842,96.65999603271484,0,0,0,True,,,,
1776723272,750871543,,12.219999313354492,0.0,0.0,0.0,0.0,1.7999999523162842,95.54999542236328,0,0,0,True,,,,
1776723272,800869532,,12.239999771118164,0.0,0.0,0.0,0.0,1.7999999523162842,96.65999603271484,0,0,0,True,,,,
1776723272,850965315,,12.219999313354492,0.0,0.0,0.0,0.0,1.7999999523162842,95.54999542236328,0,0,0,True,,,,
1776723272,900889305,,12.239999771118164,0.0,0.0,0.0,0.0,1.7999999523162842,96.65999603271484,0,0,0,True,,,,
1776723272,950919922,,12.239999771118164,0.0,0.0,0.0,0.0,1.7999999523162842,96.65999603271484,0,0,0,True,,,,
1776723273,909948,,12.239999771118164,0.0,0.0,0.0,0.0,1.7999999523162842,96.65999603271484,0,0,0,True,,,,
1776723273,50937510,,12.239999771118164,0.0,0.0,0.0,0.0,1.7999999523162842,96.65999603271484,0,0,0,True,,,,
1776723273,100854278,,12.239999771118164,0.0,0.0,0.0,0.0,1.7999999523162842,96.65999603271484,0,0,0,True,,,,
1776723273,150961561,,12.219999313354492,0.0,0.0,0.0,0.0,1.7999999523162842,95.54999542236328,0,0,0,True,,,,
1776723273,200972845,,12.239999771118164,0.0,0.0,0.0,0.0,1.7999999523162842,96.65999603271484,0,0,0,True,,,,
1776723273,250956130,,12.239999771118164,0.0,0.0,0.0,0.0,1.7999999523162842,96.65999603271484,0,0,0,True,,,,
1776723273,300888064,,12.239999771118164,0.0,0.0,0.0,0.0,1.7999999523162842,96.65999603271484,0,0,0,True,,,,
1776723273,350919441,,12.239999771118164,0.0,0.0,0.0,0.0,1.7999999523162842,96.65999603271484,0,0,0,True,,,,
1776723273,400860338,,12.239999771118164,0.0,0.0,0.0,0.0,1.7999999523162842,96.65999603271484,0,0,0,True,,,,
1776723273,450869400,,12.219999313354492,0.0,0.0,0.0,0.0,1.7999999523162842,95.54999542236328,0,0,0,True,,,,
1776723273,500924332,,12.239999771118164,0.0,0.0,0.0,0.0,1.7999999523162842,96.65999603271484,0,0,0,True,,,,
1776723273,550881710,,12.239999771118164,0.0,0.0,0.0,0.0,1.7999999523162842,96.65999603271484,0,0,0,True,,,,
1776723273,600864144,,12.219999313354492,0.0,0.0,0.0,0.0,1.7999999523162842,95.54999542236328,0,0,0,True,,,,
1776723273,650904539,,12.239999771118164,0.0,0.0,0.0,0.0,1.7999999523162842,96.65999603271484,0,0,0,True,,,,
1776723273,700880824,,12.239999771118164,0.0,0.0,0.0,0.0,1.7999999523162842,96.65999603271484,0,0,0,True,,,,
1776723273,750876776,,12.219999313354492,0.0,0.0,0.0,0.0,1.7999999523162842,95.54999542236328,0,0,0,True,,,,
1776723273,800852764,,12.219999313354492,0.0,0.0,0.0,0.0,1.7999999523162842,95.54999542236328,0,0,0,True,,,,
1776723273,850919418,,12.239999771118164,0.0,0.0,0.0,0.0,1.7999999523162842,96.65999603271484,0,0,0,True,,,,
1776723273,900858556,,12.219999313354492,0.0,0.0,0.0,0.0,1.7999999523162842,95.54999542236328,0,0,0,True,,,,
1776723273,950896859,,12.219999313354492,0.0,0.0,0.0,0.0,1.7999999523162842,95.54999542236328,0,0,0,True,,,,
1776723274,919051,,12.219999313354492,0.0,0.0,0.0,0.0,1.7999999523162842,95.54999542236328,0,0,0,True,,,,
1776723274,50885373,,12.239999771118164,0.0,0.0,0.0,0.0,1.7999999523162842,96.65999603271484,0,0,0,True,,,,
1776723274,100873565,,12.219999313354492,0.0,0.0,0.0,0.0,1.7999999523162842,95.54999542236328,0,0,0,True,,,,
1776723274,150888350,,12.239999771118164,0.0,0.0,0.0,0.0,1.7999999523162842,96.65999603271484,0,0,0,True,,,,
1776723274,200942393,,12.239999771118164,0.0,0.0,0.0,0.0,1.7999999523162842,96.65999603271484,0,0,0,True,,,,
1776723274,250852624,,12.239999771118164,0.0,0.0,0.0,0.0,1.7999999523162842,96.65999603271484,0,0,0,True,,,,
1776723274,300884834,,12.219999313354492,0.0,0.0,0.0,0.0,1.7999999523162842,95.54999542236328,0,0,0,True,,,,
1776723274,350874304,,12.219999313354492,0.0,0.0,0.0,0.0,1.7999999523162842,95.54999542236328,0,0,0,True,,,,
1776723274,400951847,,12.239999771118164,0.0,0.0,0.0,0.0,1.7999999523162842,96.65999603271484,0,0,0,True,,,,
1776723274,450864485,,12.239999771118164,0.0,0.0,0.0,0.0,1.7999999523162842,96.65999603271484,0,0,0,True,,,,
1776723274,500862047,,12.239999771118164,0.0,0.0,0.0,0.0,1.7999999523162842,96.65999603271484,0,0,0,True,,,,
1776723274,550852129,,12.239999771118164,0.0,0.0,0.0,0.0,1.7999999523162842,96.65999603271484,0,0,0,True,,,,
1776723274,600851228,,12.239999771118164,0.0,0.0,0.0,0.0,1.7999999523162842,96.65999603271484,0,0,0,True,,,,
1776723274,650843365,,12.219999313354492,0.0,0.0,0.0,0.0,1.7999999523162842,95.54999542236328,0,0,0,True,,,,
1776723274,700862909,,12.219999313354492,0.0,0.0,0.0,0.0,1.7999999523162842,95.54999542236328,0,0,0,True,,,,
1776723274,750889508,,12.219999313354492,0.0,0.0,0.0,0.0,1.7999999523162842,95.54999542236328,0,0,0,True,,,,
1776723274,800874404,,12.219999313354492,0.0,0.0,0.0,0.0,1.7999999523162842,95.54999542236328,0,0,0,True,,,,
1776723274,850853578,,12.239999771118164,0.0,0.0,0.0,0.0,1.7999999523162842,96.65999603271484,0,0,0,True,,,,
1776723274,900922991,,12.239999771118164,0.0,0.0,0.0,0.0,1.7999999523162842,96.65999603271484,0,0,0,True,,,,
1776723274,950869443,,12.219999313354492,0.0,0.0,0.0,0.0,1.7999999523162842,95.54999542236328,0,0,0,True,,,,
1776723275,985356,,12.219999313354492,0.0,0.0,0.0,0.0,1.7999999523162842,95.54999542236328,0,0,0,True,,,,
1776723275,50829254,,12.239999771118164,0.0,0.0,0.0,0.0,1.7999999523162842,96.65999603271484,0,0,0,True,,,,
1776723275,100853798,,12.239999771118164,0.0,0.0,0.0,0.0,1.7999999523162842,96.65999603271484,0,0,0,True,,,,
1776723275,151031488,,12.239999771118164,0.0,0.0,0.0,0.0,1.7999999523162842,96.65999603271484,0,0,0,True,,,,
1776723275,200877034,,12.239999771118164,0.0,0.0,0.0,0.0,1.7999999523162842,96.65999603271484,0,0,0,True,,,,
1776723275,250873393,,12.239999771118164,0.0,0.0,0.0,0.0,1.7999999523162842,96.65999603271484,0,0,0,True,,,,
1776723275,300831086,,12.239999771118164,0.0,0.0,0.0,0.0,1.7999999523162842,96.65999603271484,0,0,0,True,,,,
1776723275,350862092,,12.239999771118164,0.0,0.0,0.0,0.0,1.7999999523162842,96.65999603271484,0,0,0,True,,,,
1776723275,400850692,,12.219999313354492,0.0,0.0,0.0,0.0,1.7999999523162842,95.54999542236328,0,0,0,True,,,,
1776723275,450844218,,12.219999313354492,0.0,0.0,0.0,0.0,1.7999999523162842,95.54999542236328,0,0,0,True,,,,
1776723275,500874983,,12.219999313354492,0.0,0.0,0.0,0.0,1.7999999523162842,95.54999542236328,0,0,0,True,,,,
1776723275,550849417,,12.219999313354492,0.0,0.0,0.0,0.0,1.7999999523162842,95.54999542236328,0,0,0,True,,,,
1776723275,600830628,,12.239999771118164,0.0,0.0,0.0,0.0,1.7999999523162842,96.65999603271484,0,0,0,True,,,,
1776723275,650859393,,12.219999313354492,0.0,0.0,0.0,0.0,1.7999999523162842,95.54999542236328,0,0,0,True,,,,
1776723275,700878382,,12.239999771118164,0.0,0.0,0.0,0.0,1.7999999523162842,96.65999603271484,0,0,0,True,,,,
1776723275,750834000,,12.25999927520752,0.0,0.0,0.0,0.0,1.7999999523162842,97.7699966430664,0,0,0,True,,,,
1776723275,800870599,,12.239999771118164,0.0,0.0,0.0,0.0,1.7999999523162842,96.65999603271484,0,0,0,True,,,,
1776723275,850847218,,12.25999927520752,0.0,0.0,0.0,0.0,1.7999999523162842,97.7699966430664,0,0,0,True,,,,
1776723275,900829096,,12.25999927520752,0.0,0.0,0.0,0.0,1.7999999523162842,97.7699966430664,0,0,0,True,,,,
1776723275,950873176,,12.25999927520752,0.0,0.0,0.0,0.0,1.7999999523162842,97.7699966430664,0,0,0,True,,,,
1776723276,887201,,12.25999927520752,0.0,0.0,0.0,0.0,1.7999999523162842,97.7699966430664,0,0,0,True,,,,
1776723276,50874486,,12.25999927520752,0.0,0.0,0.0,0.0,1.7999999523162842,97.7699966430664,0,0,0,True,,,,
1776723276,100860123,,12.239999771118164,0.0,0.0,0.0,0.0,1.7999999523162842,96.65999603271484,0,0,0,True,,,,
1776723276,150846908,,12.239999771118164,0.0,0.0,0.0,0.0,1.7999999523162842,96.65999603271484,0,0,0,True,,,,
1776723276,200856674,,12.239999771118164,0.0,0.0,0.0,0.0,1.7999999523162842,96.65999603271484,0,0,0,True,,,,
1776723276,250853959,,12.239999771118164,0.0,0.0,0.0,0.0,1.7999999523162842,96.65999603271484,0,0,0,True,,,,
1776723276,300864855,,12.239999771118164,0.0,0.0,0.0,0.0,1.7999999523162842,96.65999603271484,0,0,0,True,,,,
1776723276,350863306,,12.25999927520752,0.0,0.0,0.0,0.0,1.7999999523162842,97.7699966430664,0,0,0,True,,,,
1776723276,400833128,,12.239999771118164,0.0,0.0,0.0,0.0,1.7999999523162842,96.65999603271484,0,0,0,True,,,,
1776723276,450861209,,12.239999771118164,0.0,0.0,0.0,0.0,1.7999999523162842,96.65999603271484,0,0,0,True,,,,
1776723276,500855401,,12.239999771118164,0.0,0.0,0.0,0.0,1.7999999523162842,96.65999603271484,0,0,0,True,,,,
1776723276,550878741,,12.25999927520752,0.0,0.0,0.0,0.0,1.7999999523162842,97.7699966430664,0,0,0,True,,,,
1776723276,600842601,,12.239999771118164,0.0,0.0,0.0,0.0,1.7999999523162842,96.65999603271484,0,0,0,True,,,,
1776723276,650836886,,12.239999771118164,0.0,0.0,0.0,0.0,1.7999999523162842,96.65999603271484,0,0,0,True,,,,
1776723276,700860540,,12.239999771118164,0.0,0.0,0.0,0.0,1.7999999523162842,96.65999603271484,0,0,0,True,,,,
1776723276,750865992,,12.239999771118164,0.0,0.0,0.0,0.0,1.7999999523162842,96.65999603271484,0,0,0,True,,,,
1776723276,800832129,,12.25999927520752,0.0,0.0,0.0,0.0,1.7999999523162842,97.7699966430664,0,0,0,True,,,,
1776723276,850847784,,12.25999927520752,0.0,0.0,0.0,0.0,1.7999999523162842,97.7699966430664,0,0,0,True,,,,
1776723276,900812587,,12.239999771118164,0.0,0.0,0.0,0.0,1.7999999523162842,96.65999603271484,0,0,0,True,,,,
1776723276,950890075,,12.25999927520752,0.0,0.0,0.0,0.0,1.7999999523162842,97.7699966430664,0,0,0,True,,,,
1776723277,858434,,12.25999927520752,0.0,0.0,0.0,0.0,1.7999999523162842,97.7699966430664,0,0,0,True,,,,
1776723277,50808627,,12.25999927520752,0.0,0.0,0.0,0.0,1.7999999523162842,97.7699966430664,0,0,0,True,,,,
1776723277,100828782,,12.25999927520752,0.0,0.0,0.0,0.0,1.7999999523162842,97.7699966430664,0,0,0,True,,,,
1776723277,150847270,,12.239999771118164,0.0,0.0,0.0,0.0,1.7999999523162842,96.65999603271484,0,0,0,True,,,,
1776723277,200849907,,12.219999313354492,0.0,0.0,0.0,0.0,1.7999999523162842,95.54999542236328,0,0,0,True,,,,
1776723277,250850321,,12.25999927520752,0.0,0.0,0.0,0.0,1.7999999523162842,97.7699966430664,0,0,0,True,,,,
1776723277,300903290,,12.239999771118164,0.0,0.0,0.0,0.0,1.7999999523162842,96.65999603271484,0,0,0,True,,,,
1776723277,350852335,,12.239999771118164,0.0,0.0,0.0,0.0,1.7999999523162842,96.65999603271484,0,0,0,True,,,,
1776723277,400899582,,12.239999771118164,0.0,0.0,0.0,0.0,1.7999999523162842,96.65999603271484,0,0,0,True,,,,
1776723277,450873978,,12.239999771118164,0.0,0.0,0.0,0.0,1.7999999523162842,96.65999603271484,0,0,0,True,,,,
1776723277,500830264,,12.239999771118164,0.0,0.0,0.0,0.0,1.7999999523162842,96.65999603271484,0,0,0,True,,,,
1776723277,550850141,,12.239999771118164,0.0,0.0,0.0,0.0,1.7999999523162842,96.65999603271484,0,0,0,True,,,,
1776723277,600904925,,12.239999771118164,0.0,0.0,0.0,0.0,1.7999999523162842,96.65999603271484,0,0,0,True,,,,
1776723277,650862006,,12.239999771118164,0.0,0.0,0.0,0.0,1.7999999523162842,96.65999603271484,0,0,0,True,,,,
1776723277,700871995,,12.239999771118164,0.0,0.0,0.0,0.0,1.7999999523162842,96.65999603271484,0,0,0,True,,,,
1776723277,750832725,,12.239999771118164,0.0,0.0,0.0,0.0,1.7999999523162842,96.65999603271484,0,0,0,True,,,,
1776723277,800829602,,12.25999927520752,0.0,0.0,0.0,0.0,1.7999999523162842,97.7699966430664,0,0,0,True,,,,
1776723277,850814702,,12.239999771118164,0.0,0.0,0.0,0.0,1.7999999523162842,96.65999603271484,0,0,0,True,,,,
1776723277,900833375,,12.239999771118164,0.0,0.0,0.0,0.0,1.7999999523162842,96.65999603271484,0,0,0,True,,,,
1776723277,950827030,,12.239999771118164,0.0,0.0,0.0,0.0,1.7999999523162842,96.65999603271484,0,0,0,True,,,,
1776723278,846537,,12.239999771118164,0.0,0.0,0.0,0.0,1.7999999523162842,96.65999603271484,0,0,0,True,,,,
1776723278,50800582,,12.25999927520752,0.0,0.0,0.0,0.0,1.7999999523162842,97.7699966430664,0,0,0,True,,,,
1776723278,100813366,,12.239999771118164,0.0,0.0,0.0,0.0,1.7999999523162842,96.65999603271484,0,0,0,True,,,,
1776723278,150839521,,12.25999927520752,0.0,0.0,0.0,0.0,1.7999999523162842,97.7699966430664,0,0,0,True,,,,
1776723278,200821769,,12.239999771118164,0.0,0.0,0.0,0.0,1.7999999523162842,96.65999603271484,0,0,0,True,,,,
1776723278,250794721,,12.25999927520752,0.0,0.0,0.0,0.0,1.7999999523162842,97.7699966430664,0,0,0,True,,,,
1776723278,300827413,,12.239999771118164,0.0,0.0,0.0,0.0,1.7999999523162842,96.65999603271484,0,0,0,True,,,,
1776723278,350828420,,12.25999927520752,0.0,0.0,0.0,0.0,1.7999999523162842,97.7699966430664,0,0,0,True,,,,
1776723278,400804353,,12.25999927520752,0.0,0.0,0.0,0.0,1.7999999523162842,97.7699966430664,0,0,0,True,,,,
1776723278,450826174,,12.239999771118164,0.0,0.0,0.0,0.0,1.7999999523162842,96.65999603271484,0,0,0,True,,,,
1776723278,500799200,,12.239999771118164,0.0,0.0,0.0,0.0,1.7999999523162842,96.65999603271484,0,0,0,True,,,,
1776723278,550816244,,12.25999927520752,0.0,0.0,0.0,0.0,1.7999999523162842,97.7699966430664,0,0,0,True,,,,
1776723278,600794844,,12.239999771118164,0.0,0.0,0.0,0.0,1.7999999523162842,96.65999603271484,0,0,0,True,,,,
1776723278,650801647,,12.239999771118164,0.0,0.0,0.0,0.0,1.7999999523162842,96.65999603271484,0,0,0,True,,,,
1776723278,700839543,,12.25999927520752,0.0,0.0,0.0,0.0,1.7999999523162842,97.7699966430664,0,0,0,True,,,,
1776723278,750839735,,12.239999771118164,0.0,0.0,0.0,0.0,1.7999999523162842,96.65999603271484,0,0,0,True,,,,
1776723278,800835427,,12.239999771118164,0.0,0.0,0.0,0.0,1.7999999523162842,96.65999603271484,0,0,0,True,,,,
1776723278,850796249,,12.219999313354492,0.0,0.0,0.0,0.0,1.7999999523162842,95.54999542236328,0,0,0,True,,,,
1776723278,900823904,,12.239999771118164,0.0,0.0,0.0,0.0,1.7999999523162842,96.65999603271484,0,0,0,True,,,,
1776723278,950788467,,12.239999771118164,0.0,0.0,0.0,0.0,1.7999999523162842,96.65999603271484,0,0,0,True,,,,
1776723279,867399,,12.239999771118164,0.0,0.0,0.0,0.0,1.7999999523162842,96.65999603271484,0,0,0,True,,,,
1776723279,50829518,,12.219999313354492,0.0,0.0,0.0,0.0,1.7999999523162842,95.54999542236328,0,0,0,True,,,,
1776723279,100810580,,12.239999771118164,0.0,0.0,0.0,0.0,1.7999999523162842,96.65999603271484,0,0,0,True,,,,
1776723279,150778292,,12.239999771118164,0.0,0.0,0.0,0.0,1.7999999523162842,96.65999603271484,0,0,0,True,,,,
1776723279,200825798,,12.239999771118164,0.0,0.0,0.0,0.0,1.7999999523162842,96.65999603271484,0,0,0,True,,,,
1776723279,250805101,,12.239999771118164,0.0,0.0,0.0,0.0,1.7999999523162842,96.65999603271484,0,0,0,True,,,,
1776723279,300814145,,12.239999771118164,0.0,0.0,0.0,0.0,1.7999999523162842,96.65999603271484,0,0,0,True,,,,
1776723279,350828911,,12.239999771118164,0.0,0.0,0.0,0.0,1.7999999523162842,96.65999603271484,0,0,0,True,,,,
1776723279,400815400,,12.25999927520752,0.0,0.0,0.0,0.0,1.7999999523162842,97.7699966430664,0,0,0,True,,,,
1776723279,450822129,,12.25999927520752,0.0,0.0,0.0,0.0,1.7999999523162842,97.7699966430664,0,0,0,True,,,,
1776723279,500825062,,12.25999927520752,0.0,0.0,0.0,0.0,1.7999999523162842,97.7699966430664,0,0,0,True,,,,
1776723279,550854995,,12.25999927520752,0.0,0.0,0.0,0.0,1.7999999523162842,97.7699966430664,0,0,0,True,,,,
1776723279,600877835,,12.239999771118164,0.0,0.0,0.0,0.0,1.7999999523162842,96.65999603271484,0,0,0,True,,,,
1776723279,650799491,,12.239999771118164,0.0,0.0,0.0,0.0,1.7999999523162842,96.65999603271484,0,0,0,True,,,,
1776723279,700792128,,12.239999771118164,0.0,0.0,0.0,0.0,1.7999999523162842,96.65999603271484,0,0,0,True,,,,
1776723279,750789986,,12.239999771118164,0.0,0.0,0.0,0.0,1.7999999523162842,96.65999603271484,0,0,0,True,,,,
1776723279,800764568,,12.25999927520752,0.0,0.0,0.0,0.0,1.7999999523162842,97.7699966430664,0,0,0,True,,,,
1776723279,850814926,,12.239999771118164,0.0,0.0,0.0,0.0,1.7999999523162842,96.65999603271484,0,0,0,True,,,,
1776723279,900814951,,12.25999927520752,0.0,0.0,0.0,0.0,1.7999999523162842,97.7699966430664,0,0,0,True,,,,
1776723279,950807996,,12.239999771118164,0.0,0.0,0.0,0.0,1.7999999523162842,96.65999603271484,0,0,0,True,,,,
1776723280,803262,,12.239999771118164,0.0,0.0,0.0,0.0,1.7999999523162842,96.65999603271484,0,0,0,True,,,,
1776723280,50899119,,12.25999927520752,0.0,0.0,0.0,0.0,1.7999999523162842,97.7699966430664,0,0,0,True,,,,
1776723280,100750055,,12.239999771118164,0.0,0.0,0.0,0.0,1.7999999523162842,96.65999603271484,0,0,0,True,,,,
1776723280,150781894,,12.239999771118164,0.0,0.0,0.0,0.0,1.7999999523162842,96.65999603271484,0,0,0,True,,,,
1776723280,200812568,,12.25999927520752,0.0,0.0,0.0,0.0,1.7999999523162842,97.7699966430664,0,0,0,True,,,,
1776723280,250791853,,12.239999771118164,0.0,0.0,0.0,0.0,1.7999999523162842,96.65999603271484,0,0,0,True,,,,
1776723280,300778527,,12.239999771118164,0.0,0.0,0.0,0.0,1.7999999523162842,96.65999603271484,0,0,0,True,,,,
1776723280,350768811,,12.25999927520752,0.0,0.0,0.0,0.0,1.7999999523162842,97.7699966430664,0,0,0,True,,,,
1776723280,400890039,,12.25999927520752,0.0,0.0,0.0,0.0,1.7999999523162842,97.7699966430664,0,0,0,True,,,,
1776723280,450801677,,12.239999771118164,0.0,0.0,0.0,0.0,1.7999999523162842,96.65999603271484,0,0,0,True,,,,
1776723280,500745777,,12.239999771118164,0.0,0.0,0.0,0.0,1.7999999523162842,96.65999603271484,0,0,0,True,,,,
1776723280,550807617,,12.239999771118164,0.0,0.0,0.0,0.0,1.7999999523162842,96.65999603271484,0,0,0,True,,,,
1776723280,600744754,,12.25999927520752,0.0,0.0,0.0,0.0,1.7999999523162842,97.7699966430664,0,0,0,True,,,,
1776723280,650775224,,12.239999771118164,0.0,0.0,0.0,0.0,1.7999999523162842,96.65999603271484,0,0,0,True,,,,
1776723280,700803434,,12.239999771118164,0.0,0.0,0.0,0.0,1.7999999523162842,96.65999603271484,0,0,0,True,,,,
1776723280,750812496,,12.239999771118164,0.0,0.0,0.0,0.0,1.7999999523162842,96.65999603271484,0,0,0,True,,,,
1776723280,800775022,,12.239999771118164,0.0,0.0,0.0,0.0,1.7999999523162842,96.65999603271484,0,0,0,True,,,,
1776723280,850790344,,12.239999771118164,0.0,0.0,0.0,0.0,1.7999999523162842,96.65999603271484,0,0,0,True,,,,
1776723280,900799277,,12.239999771118164,0.0,0.0,0.0,0.0,1.7999999523162842,96.65999603271484,0,0,0,True,,,,
1776723280,950775525,,12.25999927520752,0.0,0.0,0.0,0.0,1.7999999523162842,97.7699966430664,0,0,0,True,,,,
1776723281,800809,,12.25999927520752,0.0,0.0,0.0,0.0,1.7999999523162842,97.7699966430664,0,0,0,True,,,,
1776723281,50841612,,12.239999771118164,0.0,0.0,0.0,0.0,1.7999999523162842,96.65999603271484,0,0,0,True,,,,
1776723281,100764583,,12.25999927520752,0.0,0.0,0.0,0.0,1.7999999523162842,97.7699966430664,0,0,0,True,,,,
1776723281,150770905,,12.25999927520752,0.0,0.0,0.0,0.0,1.7999999523162842,97.7699966430664,0,0,0,True,,,,
1776723281,200776486,,12.239999771118164,0.0,0.0,0.0,0.0,1.7999999523162842,96.65999603271484,0,0,0,True,,,,
1776723281,250787511,,12.239999771118164,0.0,0.0,0.0,0.0,1.7999999523162842,96.65999603271484,0,0,0,True,,,,
1776723281,300779592,,12.25999927520752,0.0,0.0,0.0,0.0,1.7999999523162842,97.7699966430664,0,0,0,True,,,,
1776723281,350783896,,12.25999927520752,0.0,0.0,0.0,0.0,1.7999999523162842,97.7699966430664,0,0,0,True,,,,
1776723281,400779625,,12.25999927520752,0.0,0.0,0.0,0.0,1.7999999523162842,97.7699966430664,0,0,0,True,,,,
1776723281,450874704,,12.239999771118164,0.0,0.0,0.0,0.0,1.7999999523162842,96.65999603271484,0,0,0,True,,,,
1776723281,500738047,,12.219999313354492,0.0,0.0,0.0,0.0,1.7999999523162842,95.54999542236328,0,0,0,True,,,,
1776723281,550720628,,12.25999927520752,0.0,0.0,0.0,0.0,1.7999999523162842,97.7699966430664,0,0,0,True,,,,
1776723281,600749598,,12.219999313354492,0.0,0.0,0.0,0.0,1.7999999523162842,95.54999542236328,0,0,0,True,,,,
1776723281,650754734,,12.219999313354492,0.0,0.0,0.0,0.0,1.7999999523162842,95.54999542236328,0,0,0,True,,,,
1776723281,700732575,,12.219999313354492,0.0,0.0,0.0,0.0,1.7999999523162842,95.54999542236328,0,0,0,True,,,,
1776723281,750740971,,12.239999771118164,0.0,0.0,0.0,0.0,1.7999999523162842,96.65999603271484,0,0,0,True,,,,
1776723281,800741311,,12.239999771118164,0.0,0.0,0.0,0.0,1.7999999523162842,96.65999603271484,0,0,0,True,,,,
1776723281,850728244,,12.219999313354492,0.0,0.0,0.0,0.0,1.7999999523162842,95.54999542236328,0,0,0,True,,,,
1776723281,900732566,,12.239999771118164,0.0,0.0,0.0,0.0,1.7999999523162842,96.65999603271484,0,0,0,True,,,,
1776723281,950723536,,12.239999771118164,0.0,0.0,0.0,0.0,1.7999999523162842,96.65999603271484,0,0,0,True,,,,
1776723282,827782,,12.25999927520752,0.0,0.0,0.0,0.0,1.7999999523162842,97.7699966430664,0,0,0,True,,,,
1776723282,50813049,,12.239999771118164,0.0,0.0,0.0,0.0,1.7999999523162842,96.65999603271484,0,0,0,True,,,,
1776723282,100744223,,12.239999771118164,0.0,0.0,0.0,0.0,1.7999999523162842,96.65999603271484,0,0,0,True,,,,
1776723282,150765489,,12.25999927520752,0.0,0.0,0.0,0.0,1.7999999523162842,97.7699966430664,0,0,0,True,,,,
1776723282,200756922,,12.25999927520752,0.0,0.0,0.0,0.0,1.7999999523162842,97.7699966430664,0,0,0,True,,,,
1776723282,250789503,,12.239999771118164,0.0,0.0,0.0,0.0,1.7999999523162842,96.65999603271484,0,0,0,True,,,,
1776723282,300751529,,12.239999771118164,0.0,0.0,0.0,0.0,1.7999999523162842,96.65999603271484,0,0,0,True,,,,
1776723282,350777961,,12.239999771118164,0.0,0.0,0.0,0.0,1.7999999523162842,96.65999603271484,0,0,0,True,,,,
1776723282,400738136,,12.25999927520752,0.0,0.0,0.0,0.0,1.7999999523162842,97.7699966430664,0,0,0,True,,,,
1776723282,450731309,,12.239999771118164,0.0,0.0,0.0,0.0,1.7999999523162842,96.65999603271484,0,0,0,True,,,,
1776723282,500722613,,12.239999771118164,0.0,0.0,0.0,0.0,1.7999999523162842,96.65999603271484,0,0,0,True,,,,
1776723282,550806785,,12.25999927520752,0.0,0.0,0.0,0.0,1.7999999523162842,97.7699966430664,0,0,0,True,,,,
1776723282,600780756,,12.239999771118164,0.0,0.0,0.0,0.0,1.7999999523162842,96.65999603271484,0,0,0,True,,,,
1776723282,650752282,,12.239999771118164,0.0,0.0,0.0,0.0,1.7999999523162842,96.65999603271484,0,0,0,True,,,,
1776723282,700744418,,12.25999927520752,0.0,0.0,0.0,0.0,1.7999999523162842,97.7699966430664,0,0,0,True,,,,
1776723282,750763184,,12.25999927520752,0.0,0.0,0.0,0.0,1.7999999523162842,97.7699966430664,0,0,0,True,,,,
1776723282,800866690,,12.239999771118164,0.0,0.0,0.0,0.0,1.7999999523162842,96.65999603271484,0,0,0,True,,,,
1776723282,850750365,,12.239999771118164,0.0,0.0,0.0,0.0,1.7999999523162842,96.65999603271484,0,0,0,True,,,,
1776723282,900740706,,12.25999927520752,0.0,0.0,0.0,0.0,1.7999999523162842,97.7699966430664,0,0,0,True,,,,
1776723282,950716269,,12.239999771118164,0.0,0.0,0.0,0.0,1.7999999523162842,96.65999603271484,0,0,0,True,,,,
1776723283,742868,,12.25999927520752,0.0,0.0,0.0,0.0,1.7999999523162842,97.7699966430664,0,0,0,True,,,,
1776723283,50768152,,12.25999927520752,0.0,0.0,0.0,0.0,1.7999999523162842,97.7699966430664,0,0,0,True,,,,
1776723283,100775196,,12.25999927520752,0.0,0.0,0.0,0.0,1.7999999523162842,97.7699966430664,0,0,0,True,,,,
1776723283,150773222,,12.239999771118164,0.0,0.0,0.0,0.0,1.7999999523162842,96.65999603271484,0,0,0,True,,,,
1776723283,200743562,,12.25999927520752,0.0,0.0,0.0,0.0,1.7999999523162842,97.7699966430664,0,0,0,True,,,,
1776723283,250784532,,12.239999771118164,0.0,0.0,0.0,0.0,1.7999999523162842,96.65999603271484,0,0,0,True,,,,
1776723283,300755724,,12.239999771118164,0.0,0.0,0.0,0.0,1.7999999523162842,96.65999603271484,0,0,0,True,,,,
1776723283,350705899,,12.239999771118164,0.0,0.0,0.0,0.0,1.7999999523162842,96.65999603271484,0,0,0,True,,,,
1776723283,400799404,,12.239999771118164,0.0,0.0,0.0,0.0,1.7999999523162842,96.65999603271484,0,0,0,True,,,,
1776723283,450747671,,12.239999771118164,0.0,0.0,0.0,0.0,1.7999999523162842,96.65999603271484,0,0,0,True,,,,
1776723283,500749641,,12.239999771118164,0.0,0.0,0.0,0.0,1.7999999523162842,96.65999603271484,0,0,0,True,,,,
1776723283,550718038,,12.239999771118164,0.0,0.0,0.0,0.0,1.7999999523162842,96.65999603271484,0,0,0,True,,,,
1776723283,600787155,,12.239999771118164,0.0,0.0,0.0,0.0,1.7999999523162842,96.65999603271484,0,0,0,True,,,,
1776723283,650701793,,12.239999771118164,0.0,0.0,0.0,0.0,1.7999999523162842,96.65999603271484,0,0,0,True,,,,
1776723283,700717910,,12.25999927520752,0.0,0.0,0.0,0.0,1.7999999523162842,97.7699966430664,0,0,0,True,,,,
1776723283,750729417,,12.239999771118164,0.0,0.0,0.0,0.0,1.7999999523162842,96.65999603271484,0,0,0,True,,,,
1776723283,800707499,,12.239999771118164,0.0,0.0,0.0,0.0,1.7999999523162842,96.65999603271484,0,0,0,True,,,,
1776723283,850739005,,12.25999927520752,0.0,0.0,0.0,0.0,1.7999999523162842,97.7699966430664,0,0,0,True,,,,
1776723283,900694198,,12.25999927520752,0.0,0.0,0.0,0.0,1.7999999523162842,97.7699966430664,0,0,0,True,,,,
1776723283,950856592,,12.25999927520752,0.0,0.0,0.0,0.0,1.7999999523162842,97.7699966430664,0,0,0,True,,,,
1776723284,701138,,12.25999927520752,0.0,0.0,0.0,0.0,1.7999999523162842,97.7699966430664,0,0,0,True,,,,
1776723284,50729367,,12.239999771118164,0.0,0.0,0.0,0.0,1.7999999523162842,96.65999603271484,0,0,0,True,,,,
1776723284,100757762,,12.25999927520752,0.0,0.0,0.0,0.0,1.7999999523162842,97.7699966430664,0,0,0,True,,,,
1776723284,150717770,,12.25999927520752,0.0,0.0,0.0,0.0,1.7999999523162842,97.7699966430664,0,0,0,True,,,,
1776723284,200729425,,12.239999771118164,0.0,0.0,0.0,0.0,1.7999999523162842,96.65999603271484,0,0,0,True,,,,
1776723284,250776838,,12.25999927520752,0.0,0.0,0.0,0.0,1.7999999523162842,97.7699966430664,0,0,0,True,,,,
1776723284,300702680,,12.25999927520752,0.0,0.0,0.0,0.0,1.7999999523162842,97.7699966430664,0,0,0,True,,,,
1776723284,350746649,,12.239999771118164,0.0,0.0,0.0,0.0,1.7999999523162842,96.65999603271484,0,0,0,True,,,,
1776723284,400723823,,12.239999771118164,0.0,0.0,0.0,0.0,1.7999999523162842,96.65999603271484,0,0,0,True,,,,
1776723284,450732978,,12.25999927520752,0.0,0.0,0.0,0.0,1.7999999523162842,97.7699966430664,0,0,0,True,,,,
1776723284,500704189,,12.25999927520752,0.0,0.0,0.0,0.0,1.7999999523162842,97.7699966430664,0,0,0,True,,,,
1776723284,550748659,,12.239999771118164,0.0,0.0,0.0,0.0,1.7999999523162842,96.65999603271484,0,0,0,True,,,,
1776723284,600739647,,12.239999771118164,0.0,0.0,0.0,0.0,1.7999999523162842,96.65999603271484,0,0,0,True,,,,
1776723284,650704118,,12.239999771118164,0.0,0.0,0.0,0.0,1.7999999523162842,96.65999603271484,0,0,0,True,,,,
1776723284,700700551,,12.239999771118164,0.0,0.0,0.0,0.0,1.7999999523162842,96.65999603271484,0,0,0,True,,,,
1776723284,750727168,,12.239999771118164,0.0,0.0,0.0,0.0,1.7999999523162842,96.65999603271484,0,0,0,True,,,,
1776723284,800727157,,12.239999771118164,0.0,0.0,0.0,0.0,1.7999999523162842,96.65999603271484,0,0,0,True,,,,
1776723284,850712312,,12.25999927520752,0.0,0.0,0.0,0.0,1.7999999523162842,97.7699966430664,0,0,0,True,,,,
1776723284,900731171,,12.25999927520752,0.0,0.0,0.0,0.0,1.7999999523162842,97.7699966430664,0,0,0,True,,,,
1776723284,950662734,,12.239999771118164,0.0,0.0,0.0,0.0,1.7999999523162842,96.65999603271484,0,0,0,True,,,,
1776723285,691982,,12.25999927520752,0.0,0.0,0.0,0.0,1.7999999523162842,97.7699966430664,0,0,0,True,,,,
1776723285,50764580,,12.239999771118164,0.0,0.0,0.0,0.0,1.7999999523162842,96.65999603271484,0,0,0,True,,,,
1776723285,100740476,,12.239999771118164,0.0,0.0,0.0,0.0,1.7999999523162842,96.65999603271484,0,0,0,True,,,,
1776723285,150709687,,12.25999927520752,0.0,0.0,0.0,0.0,1.7999999523162842,97.7699966430664,0,0,0,True,,,,
1776723285,200732342,,12.25999927520752,0.0,0.0,0.0,0.0,1.7999999523162842,97.7699966430664,0,0,0,True,,,,
1776723285,250719831,,12.239999771118164,0.0,0.0,0.0,0.0,1.7999999523162842,96.65999603271484,0,0,0,True,,,,
1776723285,300703227,,12.25999927520752,0.0,0.0,0.0,0.0,1.7999999523162842,97.7699966430664,0,0,0,True,,,,
1776723285,350734474,,12.239999771118164,0.0,0.0,0.0,0.0,1.7999999523162842,96.65999603271484,0,0,0,True,,,,
1776723285,400710834,,12.239999771118164,0.0,0.0,0.0,0.0,1.7999999523162842,96.65999603271484,0,0,0,True,,,,
1776723285,450725100,,12.239999771118164,0.0,0.0,0.0,0.0,1.7999999523162842,96.65999603271484,0,0,0,True,,,,
1776723285,500707162,,12.25999927520752,0.0,0.0,0.0,0.0,1.7999999523162842,97.7699966430664,0,0,0,True,,,,
1776723285,550760632,,12.25999927520752,0.0,0.0,0.0,0.0,1.7999999523162842,97.7699966430664,0,0,0,True,,,,
1776723285,600700510,,12.239999771118164,0.0,0.0,0.0,0.0,1.7999999523162842,96.65999603271484,0,0,0,True,,,,
1776723285,650629573,,12.239999771118164,0.0,0.0,0.0,0.0,1.7999999523162842,96.65999603271484,0,0,0,True,,,,
1776723285,700709857,,12.239999771118164,0.0,0.0,0.0,0.0,1.7999999523162842,96.65999603271484,0,0,0,True,,,,
1776723285,750709697,,12.25999927520752,0.0,0.0,0.0,0.0,1.7999999523162842,97.7699966430664,0,0,0,True,,,,
1776723285,800675612,,12.25999927520752,0.0,0.0,0.0,0.0,1.7999999523162842,97.7699966430664,0,0,0,True,,,,
1776723285,850692786,,12.25999927520752,0.0,0.0,0.0,0.0,1.7999999523162842,97.7699966430664,0,0,0,True,,,,
1776723285,900676978,,12.239999771118164,0.0,0.0,0.0,0.0,1.7999999523162842,96.65999603271484,0,0,0,True,,,,
1776723285,950696892,,12.25999927520752,0.0,0.0,0.0,0.0,1.7999999523162842,97.7699966430664,0,0,0,True,,,,
1776723286,690473,,12.239999771118164,0.0,0.0,0.0,0.0,1.7999999523162842,96.65999603271484,0,0,0,True,,,,
1776723286,50693036,,12.239999771118164,0.0,0.0,0.0,0.0,1.7999999523162842,96.65999603271484,0,0,0,True,,,,
1776723286,100668136,,12.239999771118164,0.0,0.0,0.0,0.0,1.7999999523162842,96.65999603271484,0,0,0,True,,,,
1776723286,150713698,,12.25999927520752,0.0,0.0,0.0,0.0,1.7999999523162842,97.7699966430664,0,0,0,True,,,,
1776723286,200700223,,12.25999927520752,0.0,0.0,0.0,0.0,1.7999999523162842,97.7699966430664,0,0,0,True,,,,
1776723286,250718193,,12.239999771118164,0.0,0.0,0.0,0.0,1.7999999523162842,96.65999603271484,0,0,0,True,,,,
1776723286,300672053,,12.239999771118164,0.0,0.0,0.0,0.0,1.7999999523162842,96.65999603271484,0,0,0,True,,,,
1776723286,350703059,,12.25999927520752,0.0,0.0,0.0,0.0,1.7999999523162842,97.7699966430664,0,0,0,True,,,,
1776723286,400767713,,12.239999771118164,0.0,0.0,0.0,0.0,1.7999999523162842,96.65999603271484,0,0,0,True,,,,
1776723286,450687703,,12.25999927520752,0.0,0.0,0.0,0.0,1.7999999523162842,97.7699966430664,0,0,0,True,,,,
1776723286,500680247,,12.25999927520752,0.0,0.0,0.0,0.0,1.7999999523162842,97.7699966430664,0,0,0,True,,,,
1776723286,550717124,,12.239999771118164,0.0,0.0,0.0,0.0,1.7999999523162842,96.65999603271484,0,0,0,True,,,,
1776723286,600661910,,12.239999771118164,0.0,0.0,0.0,0.0,1.7999999523162842,96.65999603271484,0,0,0,True,,,,
1776723286,650706342,,12.239999771118164,0.0,0.0,0.0,0.0,1.7999999523162842,96.65999603271484,0,0,0,True,,,,
1776723286,700665905,,12.239999771118164,0.0,0.0,0.0,0.0,1.7999999523162842,96.65999603271484,0,0,0,True,,,,
1776723286,750700763,,12.25999927520752,0.0,0.0,0.0,0.0,1.7999999523162842,97.7699966430664,0,0,0,True,,,,
1776723286,800642327,,12.239999771118164,0.0,0.0,0.0,0.0,1.7999999523162842,96.65999603271484,0,0,0,True,,,,
1776723286,850651019,,12.239999771118164,0.0,0.0,0.0,0.0,1.7999999523162842,96.65999603271484,0,0,0,True,,,,
1776723286,900674248,,12.239999771118164,0.0,0.0,0.0,0.0,1.7999999523162842,96.65999603271484,0,0,0,True,,,,
1776723286,950654551,,12.239999771118164,0.0,0.0,0.0,0.0,1.7999999523162842,96.65999603271484,0,0,0,True,,,,
1776723287,719668,,12.239999771118164,0.0,0.0,0.0,0.0,1.7999999523162842,96.65999603271484,0,0,0,True,,,,
1776723287,50670306,,12.25999927520752,0.0,0.0,0.0,0.0,1.7999999523162842,97.7699966430664,0,0,0,True,,,,
1776723287,100700646,,12.239999771118164,0.0,0.0,0.0,0.0,1.7999999523162842,96.65999603271484,0,0,0,True,,,,
1776723287,150686431,,12.239999771118164,0.0,0.0,0.0,0.0,1.7999999523162842,96.65999603271484,0,0,0,True,,,,
1776723287,200680104,,12.239999771118164,0.0,0.0,0.0,0.0,1.7999999523162842,96.65999603271484,0,0,0,True,,,,
1776723287,250693111,,12.239999771118164,0.0,0.0,0.0,0.0,1.7999999523162842,96.65999603271484,0,0,0,True,,,,
1776723287,300654119,,12.239999771118164,0.0,0.0,0.0,0.0,1.7999999523162842,96.65999603271484,0,0,0,True,,,,
1776723287,350657052,,12.239999771118164,0.0,0.0,0.0,0.0,1.7999999523162842,96.65999603271484,0,0,0,True,,,,
1776723287,400725020,,12.239999771118164,0.0,0.0,0.0,0.0,1.7999999523162842,96.65999603271484,0,0,0,True,,,,
1776723287,450667454,,12.25999927520752,0.0,0.0,0.0,0.0,1.7999999523162842,97.7699966430664,0,0,0,True,,,,
1776723287,500689128,,12.239999771118164,0.0,0.0,0.0,0.0,1.7999999523162842,96.65999603271484,0,0,0,True,,,,
1776723287,550679079,,12.25999927520752,0.0,0.0,0.0,0.0,1.7999999523162842,97.7699966430664,0,0,0,True,,,,
1776723287,600668790,,12.239999771118164,0.0,0.0,0.0,0.0,1.7999999523162842,96.65999603271484,0,0,0,True,,,,
1776723287,650655834,,12.239999771118164,0.0,0.0,0.0,0.0,1.7999999523162842,96.65999603271484,0,0,0,True,,,,
1776723287,700726359,,12.239999771118164,0.0,0.0,0.0,0.0,1.7999999523162842,96.65999603271484,0,0,0,True,,,,
1776723287,750708996,,12.239999771118164,0.0,0.0,0.0,0.0,1.7999999523162842,96.65999603271484,0,0,0,True,,,,
1776723287,800672133,,12.239999771118164,0.0,0.0,0.0,0.0,1.7999999523162842,96.65999603271484,0,0,0,True,,,,
1776723287,850671473,,12.239999771118164,0.0,0.0,0.0,0.0,1.7999999523162842,96.65999603271484,0,0,0,True,,,,
1776723287,900657795,,12.25999927520752,0.0,0.0,0.0,0.0,1.7999999523162842,97.7699966430664,0,0,0,True,,,,
1776723287,950641839,,12.219999313354492,0.0,0.0,0.0,0.0,1.7999999523162842,95.54999542236328,0,0,0,True,,,,
1776723288,688494,,12.239999771118164,0.0,0.0,0.0,0.0,1.7999999523162842,96.65999603271484,0,0,0,True,,,,
1776723288,50683223,,12.25999927520752,0.0,0.0,0.0,0.0,1.7999999523162842,97.7699966430664,0,0,0,True,,,,
1776723288,100686971,,12.239999771118164,0.0,0.0,0.0,0.0,1.7999999523162842,96.65999603271484,0,0,0,True,,,,
1776723288,150730107,,12.239999771118164,0.0,0.0,0.0,0.0,1.7999999523162842,96.65999603271484,0,0,0,True,,,,
1776723288,200707447,,12.239999771118164,0.0,0.0,0.0,0.0,1.7999999523162842,96.65999603271484,0,0,0,True,,,,
1776723288,250701492,,12.239999771118164,0.0,0.0,0.0,0.0,1.7999999523162842,96.65999603271484,0,0,0,True,,,,
1776723288,300666388,,12.239999771118164,0.0,0.0,0.0,0.0,1.7999999523162842,96.65999603271484,0,0,0,True,,,,
1776723288,350687561,,12.25999927520752,0.0,0.0,0.0,0.0,1.7999999523162842,97.7699966430664,0,0,0,True,,,,
1776723288,400684253,,12.239999771118164,0.0,0.0,0.0,0.0,1.7999999523162842,96.65999603271484,0,0,0,True,,,,
1776723288,450655761,,12.239999771118164,0.0,0.0,0.0,0.0,1.7999999523162842,96.65999603271484,0,0,0,True,,,,
1776723288,500687379,,12.239999771118164,0.0,0.0,0.0,0.0,1.7999999523162842,96.65999603271484,0,0,0,True,,,,
1776723288,550713793,,12.25999927520752,0.0,0.0,0.0,0.0,1.7999999523162842,97.7699966430664,0,0,0,True,,,,
1776723288,600650208,,12.239999771118164,0.0,0.0,0.0,0.0,1.7999999523162842,96.65999603271484,0,0,0,True,,,,
1776723288,650664474,,12.239999771118164,0.0,0.0,0.0,0.0,1.7999999523162842,96.65999603271484,0,0,0,True,,,,
1776723288,700631074,,12.239999771118164,0.0,0.0,0.0,0.0,1.7999999523162842,96.65999603271484,0,0,0,True,,,,
1776723288,750654266,,12.239999771118164,0.0,0.0,0.0,0.0,1.7999999523162842,96.65999603271484,0,0,0,True,,,,
1776723288,800639718,,12.239999771118164,0.0,0.0,0.0,0.0,1.7999999523162842,96.65999603271484,0,0,0,True,,,,
1776723288,850654243,,12.239999771118164,0.0,0.0,0.0,0.0,1.7999999523162842,96.65999603271484,0,0,0,True,,,,
1776723288,900666268,,12.239999771118164,0.0,0.0,0.0,0.0,1.7999999523162842,96.65999603271484,0,0,0,True,,,,
1776723288,950633442,,12.25999927520752,0.0,0.0,0.0,0.0,1.7999999523162842,97.7699966430664,0,0,0,True,,,,
1776723289,784373,,12.239999771118164,0.0,0.0,0.0,0.0,1.7999999523162842,96.65999603271484,0,0,0,True,,,,
1776723289,50689511,,12.239999771118164,0.0,0.0,0.0,0.0,1.7999999523162842,96.65999603271484,0,0,0,True,,,,
1776723289,100632278,,12.239999771118164,0.0,0.0,0.0,0.0,1.7999999523162842,96.65999603271484,0,0,0,True,,,,
1776723289,150670025,,12.239999771118164,0.0,0.0,0.0,0.0,1.7999999523162842,96.65999603271484,0,0,0,True,,,,
1776723289,200709680,,12.239999771118164,0.0,0.0,0.0,0.0,1.7999999523162842,96.65999603271484,0,0,0,True,,,,
1776723289,250599781,,12.239999771118164,0.0,0.0,0.0,0.0,1.7999999523162842,96.65999603271484,0,0,0,True,,,,
1776723289,300669750,,12.239999771118164,0.0,0.0,0.0,0.0,1.7999999523162842,96.65999603271484,0,0,0,True,,,,
1776723289,350645461,,12.25999927520752,0.0,0.0,0.0,0.0,1.7999999523162842,97.7699966430664,0,0,0,True,,,,
1776723289,400669894,,12.239999771118164,0.0,0.0,0.0,0.0,1.7999999523162842,96.65999603271484,0,0,0,True,,,,
1776723289,450649142,,12.239999771118164,0.0,0.0,0.0,0.0,1.7999999523162842,96.65999603271484,0,0,0,True,,,,
1776723289,500623686,,12.239999771118164,0.0,0.0,0.0,0.0,1.7999999523162842,96.65999603271484,0,0,0,True,,,,
1776723289,550661859,,12.239999771118164,0.0,0.0,0.0,0.0,1.7999999523162842,96.65999603271484,0,0,0,True,,,,
1776723289,600638644,,12.239999771118164,0.0,0.0,0.0,0.0,1.7999999523162842,96.65999603271484,0,0,0,True,,,,
1776723289,650601874,,12.239999771118164,0.0,0.0,0.0,0.0,1.7999999523162842,96.65999603271484,0,0,0,True,,,,
1776723289,700669862,,12.239999771118164,0.0,0.0,0.0,0.0,1.7999999523162842,96.65999603271484,0,0,0,True,,,,
1776723289,750646591,,12.239999771118164,0.0,0.0,0.0,0.0,1.7999999523162842,96.65999603271484,0,0,0,True,,,,
1776723289,800651024,,12.25999927520752,0.0,0.0,0.0,0.0,1.7999999523162842,97.7699966430664,0,0,0,True,,,,
1776723289,850626068,,12.239999771118164,0.0,0.0,0.0,0.0,1.7999999523162842,96.65999603271484,0,0,0,True,,,,
1776723289,900643705,,12.25999927520752,0.0,0.0,0.0,0.0,1.7999999523162842,97.7699966430664,0,0,0,True,,,,
1776723289,950635841,,12.25999927520752,0.0,0.0,0.0,0.0,1.7999999523162842,97.7699966430664,0,0,0,True,,,,
1776723290,654867,,12.239999771118164,0.0,0.0,0.0,0.0,1.7999999523162842,96.65999603271484,0,0,0,True,,,,
1776723290,50629152,,12.25999927520752,0.0,0.0,0.0,0.0,1.7999999523162842,97.7699966430664,0,0,0,True,,,,
1776723290,100657936,,12.239999771118164,0.0,0.0,0.0,0.0,1.7999999523162842,96.65999603271484,0,0,0,True,,,,
1776723290,150619870,,12.239999771118164,0.0,0.0,0.0,0.0,1.7999999523162842,96.65999603271484,0,0,0,True,,,,
1776723290,200599284,,12.239999771118164,0.0,0.0,0.0,0.0,1.7999999523162842,96.65999603271484,0,0,0,True,,,,
1776723290,250780789,,12.239999771118164,0.0,0.0,0.0,0.0,1.7999999523162842,96.65999603271484,0,0,0,True,,,,
1776723290,300636483,,12.239999771118164,0.0,0.0,0.0,0.0,1.7999999523162842,96.65999603271484,0,0,0,True,,,,
1776723290,350658841,,12.239999771118164,0.0,0.0,0.0,0.0,1.7999999523162842,96.65999603271484,0,0,0,True,,,,
1776723290,400610516,,12.25999927520752,0.0,0.0,0.0,0.0,1.7999999523162842,97.7699966430664,0,0,0,True,,,,
1776723290,450599356,,12.25999927520752,0.0,0.0,0.0,0.0,1.7999999523162842,97.7699966430664,0,0,0,True,,,,
1776723290,500624752,,12.239999771118164,0.0,0.0,0.0,0.0,1.7999999523162842,96.65999603271484,0,0,0,True,,,,
1776723290,550660906,,12.25999927520752,0.0,0.0,0.0,0.0,1.7999999523162842,97.7699966430664,0,0,0,True,,,,
1776723290,600725394,,12.25999927520752,0.0,0.0,0.0,0.0,1.7999999523162842,97.7699966430664,0,0,0,True,,,,
1776723290,650620069,,12.239999771118164,0.0,0.0,0.0,0.0,1.7999999523162842,96.65999603271484,0,0,0,True,,,,
1776723290,700647520,,12.25999927520752,0.0,0.0,0.0,0.0,1.7999999523162842,97.7699966430664,0,0,0,True,,,,
1776723290,750641194,,12.239999771118164,0.0,0.0,0.0,0.0,1.7999999523162842,96.65999603271484,0,0,0,True,,,,
1776723290,800594461,,12.239999771118164,0.0,0.0,0.0,0.0,1.7999999523162842,96.65999603271484,0,0,0,True,,,,
1776723290,850633597,,12.25999927520752,0.0,0.0,0.0,0.0,1.7999999523162842,97.7699966430664,0,0,0,True,,,,
1776723290,900589753,,12.239999771118164,0.0,0.0,0.0,0.0,1.7999999523162842,96.65999603271484,0,0,0,True,,,,
1776723290,950632167,,12.239999771118164,0.0,0.0,0.0,0.0,1.7999999523162842,96.65999603271484,0,0,0,True,,,,
1776723291,618266,,12.25999927520752,0.0,0.0,0.0,0.0,1.7999999523162842,97.7699966430664,0,0,0,True,,,,
1776723291,50669717,,12.239999771118164,0.0,0.0,0.0,0.0,1.7999999523162842,96.65999603271484,0,0,0,True,,,,
1776723291,100680076,,12.239999771118164,0.0,0.0,0.0,0.0,1.7999999523162842,96.65999603271484,0,0,0,True,,,,
1776723291,150683249,,12.239999771118164,0.0,0.0,0.0,0.0,1.7999999523162842,96.65999603271484,0,0,0,True,,,,
1776723291,200616331,,12.239999771118164,0.0,0.0,0.0,0.0,1.7999999523162842,96.65999603271484,0,0,0,True,,,,
1776723291,250606894,,12.239999771118164,0.0,0.0,0.0,0.0,1.7999999523162842,96.65999603271484,0,0,0,True,,,,
1776723291,300666826,,12.239999771118164,0.0,0.0,0.0,0.0,1.7999999523162842,96.65999603271484,0,0,0,True,,,,
1776723291,350699129,,12.239999771118164,0.0,0.0,0.0,0.0,1.7999999523162842,96.65999603271484,0,0,0,True,,,,
1776723291,400619859,,12.239999771118164,0.0,0.0,0.0,0.0,1.7999999523162842,96.65999603271484,0,0,0,True,,,,
1776723291,450762105,,12.239999771118164,0.0,0.0,0.0,0.0,1.7999999523162842,96.65999603271484,0,0,0,True,,,,
1776723291,500587726,,12.219999313354492,0.0,0.0,0.0,0.0,1.7999999523162842,95.54999542236328,0,0,0,True,,,,
1776723291,550594973,,12.219999313354492,0.0,0.0,0.0,0.0,1.7999999523162842,95.54999542236328,0,0,0,True,,,,
1776723291,600564999,,12.219999313354492,0.0,0.0,0.0,0.0,1.7999999523162842,95.54999542236328,0,0,0,True,,,,
1776723291,650592654,,12.219999313354492,0.0,0.0,0.0,0.0,1.7999999523162842,95.54999542236328,0,0,0,True,,,,
1776723291,700586420,,12.219999313354492,0.0,0.0,0.0,0.0,1.7999999523162842,95.54999542236328,0,0,0,True,,,,
1776723291,750581909,,12.219999313354492,0.0,0.0,0.0,0.0,1.7999999523162842,95.54999542236328,0,0,0,True,,,,
1776723291,800541676,,12.219999313354492,0.0,0.0,0.0,0.0,1.7999999523162842,95.54999542236328,0,0,0,True,,,,
1776723291,850602348,,12.219999313354492,0.0,0.0,0.0,0.0,1.7999999523162842,95.54999542236328,0,0,0,True,,,,
1776723291,900601874,,12.239999771118164,0.0,0.0,0.0,0.0,1.7999999523162842,96.65999603271484,0,0,0,True,,,,
1776723291,950617121,,12.219999313354492,0.0,0.0,0.0,0.0,1.7999999523162842,95.54999542236328,0,0,0,True,,,,
1776723292,634999,,12.239999771118164,0.0,0.0,0.0,0.0,1.7999999523162842,96.65999603271484,0,0,0,True,,,,
1776723292,50606191,,12.25999927520752,0.0,0.0,0.0,0.0,1.7999999523162842,97.7699966430664,0,0,0,True,,,,
1776723292,100602569,,12.239999771118164,0.0,0.0,0.0,0.0,1.7999999523162842,96.65999603271484,0,0,0,True,,,,
1776723292,150601076,,12.239999771118164,0.0,0.0,0.0,0.0,1.7999999523162842,96.65999603271484,0,0,0,True,,,,
1776723292,200624008,,12.219999313354492,0.0,0.0,0.0,0.0,1.7999999523162842,95.54999542236328,0,0,0,True,,,,
1776723292,250666885,,12.239999771118164,0.0,0.0,0.0,0.0,1.7999999523162842,96.65999603271484,0,0,0,True,,,,
1776723292,300604985,,12.239999771118164,0.0,0.0,0.0,0.0,1.7999999523162842,96.65999603271484,0,0,0,True,,,,
1776723292,350622233,,12.239999771118164,0.0,0.0,0.0,0.0,1.7999999523162842,96.65999603271484,0,0,0,True,,,,
1776723292,400669036,,12.239999771118164,0.0,0.0,0.0,0.0,1.7999999523162842,96.65999603271484,0,0,0,True,,,,
1776723292,450605229,,12.239999771118164,0.0,0.0,0.0,0.0,1.7999999523162842,96.65999603271484,0,0,0,True,,,,
1776723292,500648235,,12.239999771118164,0.0,0.0,0.0,0.0,1.7999999523162842,96.65999603271484,0,0,0,True,,,,
1776723292,550594243,,12.239999771118164,0.0,0.0,0.0,0.0,1.7999999523162842,96.65999603271484,0,0,0,True,,,,
1776723292,600589935,,12.239999771118164,0.0,0.0,0.0,0.0,1.7999999523162842,96.65999603271484,0,0,0,True,,,,
1776723292,650583461,,12.239999771118164,0.0,0.0,0.0,0.0,1.7999999523162842,96.65999603271484,0,0,0,True,,,,
1776723292,700602727,,12.25999927520752,0.0,0.0,0.0,0.0,1.7999999523162842,97.7699966430664,0,0,0,True,,,,
1776723292,750573864,,12.239999771118164,0.0,0.0,0.0,0.0,1.7999999523162842,96.65999603271484,0,0,0,True,,,,
1776723292,800569889,,12.239999771118164,0.0,0.0,0.0,0.0,1.7999999523162842,96.65999603271484,0,0,0,True,,,,
1776723292,850569507,,12.239999771118164,0.0,0.0,0.0,0.0,1.7999999523162842,96.65999603271484,0,0,0,True,,,,
1776723292,900599458,,12.239999771118164,0.0,0.0,0.0,0.0,1.7999999523162842,96.65999603271484,0,0,0,True,,,,
1776723292,950608373,,12.239999771118164,0.0,0.0,0.0,0.0,1.7999999523162842,96.65999603271484,0,0,0,True,,,,
1776723293,595195,,12.239999771118164,0.0,0.0,0.0,0.0,1.7999999523162842,96.65999603271484,0,0,0,True,,,,
1776723293,50618442,,12.239999771118164,0.0,0.0,0.0,0.0,1.7999999523162842,96.65999603271484,0,0,0,True,,,,
1776723293,100588301,,12.239999771118164,0.0,0.0,0.0,0.0,1.7999999523162842,96.65999603271484,0,0,0,True,,,,
1776723293,150667714,,12.239999771118164,0.0,0.0,0.0,0.0,1.7999999523162842,96.65999603271484,0,0,0,True,,,,
1776723293,200595149,,12.239999771118164,0.0,0.0,0.0,0.0,1.7999999523162842,96.65999603271484,0,0,0,True,,,,
1776723293,250592378,,12.239999771118164,0.0,0.0,0.0,0.0,1.7999999523162842,96.65999603271484,0,0,0,True,,,,
1776723293,300566367,,12.239999771118164,0.0,0.0,0.0,0.0,1.7999999523162842,96.65999603271484,0,0,0,True,,,,
1776723293,350580818,,12.239999771118164,0.0,0.0,0.0,0.0,1.7999999523162842,96.65999603271484,0,0,0,True,,,,
1776723293,400562881,,12.239999771118164,0.0,0.0,0.0,0.0,1.7999999523162842,96.65999603271484,0,0,0,True,,,,
1776723293,450602054,,12.239999771118164,0.0,0.0,0.0,0.0,1.7999999523162842,96.65999603271484,0,0,0,True,,,,
1776723293,500620764,,12.239999771118164,0.0,0.0,0.0,0.0,1.7999999523162842,96.65999603271484,0,0,0,True,,,,
1776723293,550557161,,12.239999771118164,0.0,0.0,0.0,0.0,1.7999999523162842,96.65999603271484,0,0,0,True,,,,
1776723293,600571409,,12.239999771118164,0.0,0.0,0.0,0.0,1.7999999523162842,96.65999603271484,0,0,0,True,,,,
1776723293,650579286,,12.219999313354492,0.0,0.0,0.0,0.0,1.7999999523162842,95.54999542236328,0,0,0,True,,,,
1776723293,700589089,,12.239999771118164,0.0,0.0,0.0,0.0,1.7999999523162842,96.65999603271484,0,0,0,True,,,,
1776723293,750571874,,12.239999771118164,0.0,0.0,0.0,0.0,1.7999999523162842,96.65999603271484,0,0,0,True,,,,
1776723293,800578399,,12.239999771118164,0.0,0.0,0.0,0.0,1.7999999523162842,96.65999603271484,0,0,0,True,,,,
1776723293,850619035,,12.239999771118164,0.0,0.0,0.0,0.0,1.7999999523162842,96.65999603271484,0,0,0,True,,,,
1776723293,900540599,,12.239999771118164,0.0,0.0,0.0,0.0,1.7999999523162842,96.65999603271484,0,0,0,True,,,,
1776723293,950598457,,12.239999771118164,0.0,0.0,0.0,0.0,1.7999999523162842,96.65999603271484,0,0,0,True,,,,
1776723294,559946,,12.239999771118164,0.0,0.0,0.0,0.0,1.7999999523162842,96.65999603271484,0,0,0,True,,,,
1776723294,50612008,,12.239999771118164,0.0,0.0,0.0,0.0,1.7999999523162842,96.65999603271484,0,0,0,True,,,,
1776723294,100602496,,12.239999771118164,0.0,0.0,0.0,0.0,1.7999999523162842,96.65999603271484,0,0,0,True,,,,
1776723294,150594226,,12.239999771118164,0.0,0.0,0.0,0.0,1.7999999523162842,96.65999603271484,0,0,0,True,,,,
1776723294,200602288,,12.239999771118164,0.0,0.0,0.0,0.0,1.7999999523162842,96.65999603271484,0,0,0,True,,,,
1776723294,250584555,,12.25999927520752,0.0,0.0,0.0,0.0,1.7999999523162842,97.7699966430664,0,0,0,True,,,,
1776723294,300538007,,12.239999771118164,0.0,0.0,0.0,0.0,1.7999999523162842,96.65999603271484,0,0,0,True,,,,
1776723294,350578698,,12.25999927520752,0.0,0.0,0.0,0.0,1.7999999523162842,97.7699966430664,0,0,0,True,,,,
1776723294,400594057,,12.239999771118164,0.0,0.0,0.0,0.0,1.7999999523162842,96.65999603271484,0,0,0,True,,,,
1776723294,450597694,,12.239999771118164,0.0,0.0,0.0,0.0,1.7999999523162842,96.65999603271484,0,0,0,True,,,,
1776723294,500563072,,12.239999771118164,0.0,0.0,0.0,0.0,1.7999999523162842,96.65999603271484,0,0,0,True,,,,
1776723294,550558782,,12.239999771118164,0.0,0.0,0.0,0.0,1.7999999523162842,96.65999603271484,0,0,0,True,,,,
1776723294,600575493,,12.239999771118164,0.0,0.0,0.0,0.0,1.7999999523162842,96.65999603271484,0,0,0,True,,,,
1776723294,650553593,,12.239999771118164,0.0,0.0,0.0,0.0,1.7999999523162842,96.65999603271484,0,0,0,True,,,,
1776723294,700537155,,12.25999927520752,0.0,0.0,0.0,0.0,1.7999999523162842,97.7699966430664,0,0,0,True,,,,
1776723294,750552940,,12.239999771118164,0.0,0.0,0.0,0.0,1.7999999523162842,96.65999603271484,0,0,0,True,,,,
1776723294,800553651,,12.239999771118164,0.0,0.0,0.0,0.0,1.7999999523162842,96.65999603271484,0,0,0,True,,,,
1776723294,850577083,,12.239999771118164,0.0,0.0,0.0,0.0,1.7999999523162842,96.65999603271484,0,0,0,True,,,,
1776723294,900537906,,12.25999927520752,0.0,0.0,0.0,0.0,1.7999999523162842,97.7699966430664,0,0,0,True,,,,
1776723294,950547505,,12.239999771118164,0.0,0.0,0.0,0.0,1.7999999523162842,96.65999603271484,0,0,0,True,,,,
1776723295,581197,,12.239999771118164,0.0,0.0,0.0,0.0,1.7999999523162842,96.65999603271484,0,0,0,True,,,,
1776723295,50552834,,12.239999771118164,0.0,0.0,0.0,0.0,1.7999999523162842,96.65999603271484,0,0,0,True,,,,
1776723295,100558730,,12.239999771118164,0.0,0.0,0.0,0.0,1.7999999523162842,96.65999603271484,0,0,0,True,,,,
1776723295,150568107,,12.239999771118164,0.0,0.0,0.0,0.0,1.7999999523162842,96.65999603271484,0,0,0,True,,,,
1776723295,200569355,,12.239999771118164,0.0,0.0,0.0,0.0,1.7999999523162842,96.65999603271484,0,0,0,True,,,,
1776723295,250621953,,12.239999771118164,0.0,0.0,0.0,0.0,1.7999999523162842,96.65999603271484,0,0,0,True,,,,
1776723295,300567554,,12.239999771118164,0.0,0.0,0.0,0.0,1.7999999523162842,96.65999603271484,0,0,0,True,,,,
1776723295,350593671,,12.25999927520752,0.0,0.0,0.0,0.0,1.7999999523162842,97.7699966430664,0,0,0,True,,,,
1776723295,400605345,,12.239999771118164,0.0,0.0,0.0,0.0,1.7999999523162842,96.65999603271484,0,0,0,True,,,,
1776723295,450589297,,12.239999771118164,0.0,0.0,0.0,0.0,1.7999999523162842,96.65999603271484,0,0,0,True,,,,
1776723295,500532564,,12.239999771118164,0.0,0.0,0.0,0.0,1.7999999523162842,96.65999603271484,0,0,0,True,,,,
1776723295,550582181,,12.239999771118164,0.0,0.0,0.0,0.0,1.7999999523162842,96.65999603271484,0,0,0,True,,,,
1776723295,600526967,,12.25999927520752,0.0,0.0,0.0,0.0,1.7999999523162842,97.7699966430664,0,0,0,True,,,,
1776723295,650558251,,12.219999313354492,0.0,0.0,0.0,0.0,1.7999999523162842,95.54999542236328,0,0,0,True,,,,
1776723295,700532980,,12.239999771118164,0.0,0.0,0.0,0.0,1.7999999523162842,96.65999603271484,0,0,0,True,,,,
1776723295,750558617,,12.239999771118164,0.0,0.0,0.0,0.0,1.7999999523162842,96.65999603271484,0,0,0,True,,,,
1776723295,800539865,,12.25999927520752,0.0,0.0,0.0,0.0,1.7999999523162842,97.7699966430664,0,0,0,True,,,,
1776723295,850548649,,12.239999771118164,0.0,0.0,0.0,0.0,1.7999999523162842,96.65999603271484,0,0,0,True,,,,
1776723295,900592100,,12.239999771118164,0.0,0.0,0.0,0.0,1.7999999523162842,96.65999603271484,0,0,0,True,,,,
1776723295,950604588,,12.25999927520752,0.0,0.0,0.0,0.0,1.7999999523162842,97.7699966430664,0,0,0,True,,,,
1776723296,532597,,12.239999771118164,0.0,0.0,0.0,0.0,1.7999999523162842,96.65999603271484,0,0,0,True,,,,
1776723296,50546363,,12.219999313354492,0.0,0.0,0.0,0.0,1.7999999523162842,95.54999542236328,0,0,0,True,,,,
1776723296,100565684,,12.25999927520752,0.0,0.0,0.0,0.0,1.7999999523162842,97.7699966430664,0,0,0,True,,,,
1776723296,150544099,,12.239999771118164,0.0,0.0,0.0,0.0,1.7999999523162842,96.65999603271484,0,0,0,True,,,,
1776723296,200536162,,12.239999771118164,0.0,0.0,0.0,0.0,1.7999999523162842,96.65999603271484,0,0,0,True,,,,
1776723296,250575131,,12.239999771118164,0.0,0.0,0.0,0.0,1.7999999523162842,96.65999603271484,0,0,0,True,,,,
1776723296,300504750,,12.239999771118164,0.0,0.0,0.0,0.0,1.7999999523162842,96.65999603271484,0,0,0,True,,,,
1776723296,350532757,,12.25999927520752,0.0,0.0,0.0,0.0,1.7999999523162842,97.7699966430664,0,0,0,True,,,,
1776723296,400626114,,12.25999927520752,0.0,0.0,0.0,0.0,1.7999999523162842,97.7699966430664,0,0,0,True,,,,
1776723296,450552622,,12.239999771118164,0.0,0.0,0.0,0.0,1.7999999523162842,96.65999603271484,0,0,0,True,,,,
1776723296,500545037,,12.239999771118164,0.0,0.0,0.0,0.0,1.7999999523162842,96.65999603271484,0,0,0,True,,,,
1776723296,550535655,,12.239999771118164,0.0,0.0,0.0,0.0,1.7999999523162842,96.65999603271484,0,0,0,True,,,,
1776723296,600562384,,12.25999927520752,0.0,0.0,0.0,0.0,1.7999999523162842,97.7699966430664,0,0,0,True,,,,
1776723296,650537836,,12.239999771118164,0.0,0.0,0.0,0.0,1.7999999523162842,96.65999603271484,0,0,0,True,,,,
1776723296,700582879,,12.239999771118164,0.0,0.0,0.0,0.0,1.7999999523162842,96.65999603271484,0,0,0,True,,,,
1776723296,750525979,,12.25999927520752,0.0,0.0,0.0,0.0,1.7999999523162842,97.7699966430664,0,0,0,True,,,,
1776723296,800535875,,12.239999771118164,0.0,0.0,0.0,0.0,1.7999999523162842,96.65999603271484,0,0,0,True,,,,
1776723296,850512105,,12.239999771118164,0.0,0.0,0.0,0.0,1.7999999523162842,96.65999603271484,0,0,0,True,,,,
1776723296,900529093,,12.239999771118164,0.0,0.0,0.0,0.0,1.7999999523162842,96.65999603271484,0,0,0,True,,,,
1776723296,950547637,,12.239999771118164,0.0,0.0,0.0,0.0,1.7999999523162842,96.65999603271484,0,0,0,True,,,,
1776723297,534385,,12.239999771118164,0.0,0.0,0.0,0.0,1.7999999523162842,96.65999603271484,0,0,0,True,,,,
1776723297,50583946,,12.219999313354492,0.0,0.0,0.0,0.0,1.7999999523162842,95.54999542236328,0,0,0,True,,,,
1776723297,100540732,,12.239999771118164,0.0,0.0,0.0,0.0,1.7999999523162842,96.65999603271484,0,0,0,True,,,,
1776723297,150526109,,12.239999771118164,0.0,0.0,0.0,0.0,1.7999999523162842,96.65999603271484,0,0,0,True,,,,
1776723297,200522616,,12.25999927520752,0.0,0.0,0.0,0.0,1.7999999523162842,97.7699966430664,0,0,0,True,,,,
1776723297,250562271,,12.25999927520752,0.0,0.0,0.0,0.0,1.7999999523162842,97.7699966430664,0,0,0,True,,,,
1776723297,300568093,,12.239999771118164,0.0,0.0,0.0,0.0,1.7999999523162842,96.65999603271484,0,0,0,True,,,,
1776723297,350514915,,12.239999771118164,0.0,0.0,0.0,0.0,1.7999999523162842,96.65999603271484,0,0,0,True,,,,
1776723297,400588773,,12.239999771118164,0.0,0.0,0.0,0.0,1.7999999523162842,96.65999603271484,0,0,0,True,,,,
1776723297,450516374,,12.239999771118164,0.0,0.0,0.0,0.0,1.7999999523162842,96.65999603271484,0,0,0,True,,,,
1776723297,500525862,,12.239999771118164,0.0,0.0,0.0,0.0,1.7999999523162842,96.65999603271484,0,0,0,True,,,,
1776723297,550543221,,12.239999771118164,0.0,0.0,0.0,0.0,1.7999999523162842,96.65999603271484,0,0,0,True,,,,
1776723297,600537265,,12.239999771118164,0.0,0.0,0.0,0.0,1.7999999523162842,96.65999603271484,0,0,0,True,,,,
1776723297,650481902,,12.239999771118164,0.0,0.0,0.0,0.0,1.7999999523162842,96.65999603271484,0,0,0,True,,,,
1776723297,700571167,,12.239999771118164,0.0,0.0,0.0,0.0,1.7999999523162842,96.65999603271484,0,0,0,True,,,,
1776723297,750525175,,12.239999771118164,0.0,0.0,0.0,0.0,1.7999999523162842,96.65999603271484,0,0,0,True,,,,
1776723297,800495330,,12.239999771118164,0.0,0.0,0.0,0.0,1.7999999523162842,96.65999603271484,0,0,0,True,,,,
1776723297,850523874,,12.25999927520752,0.0,0.0,0.0,0.0,1.7999999523162842,97.7699966430664,0,0,0,True,,,,
1776723297,900544844,,12.239999771118164,0.0,0.0,0.0,0.0,1.7999999523162842,96.65999603271484,0,0,0,True,,,,
1776723297,950533203,,12.239999771118164,0.0,0.0,0.0,0.0,1.7999999523162842,96.65999603271484,0,0,0,True,,,,
1776723298,532839,,12.25999927520752,0.0,0.0,0.0,0.0,1.7999999523162842,97.7699966430664,0,0,0,True,,,,
1776723298,50553142,,12.239999771118164,0.0,0.0,0.0,0.0,1.7999999523162842,96.65999603271484,0,0,0,True,,,,
1776723298,100540131,,12.239999771118164,0.0,0.0,0.0,0.0,1.7999999523162842,96.65999603271484,0,0,0,True,,,,
1776723298,150525397,,12.239999771118164,0.0,0.0,0.0,0.0,1.7999999523162842,96.65999603271484,0,0,0,True,,,,
1776723298,200502109,,12.239999771118164,0.0,0.0,0.0,0.0,1.7999999523162842,96.65999603271484,0,0,0,True,,,,
1776723298,250590596,,12.25999927520752,0.0,0.0,0.0,0.0,1.7999999523162842,97.7699966430664,0,0,0,True,,,,
1776723298,300509252,,12.239999771118164,0.0,0.0,0.0,0.0,1.7999999523162842,96.65999603271484,0,0,0,True,,,,
1776723298,350521944,,12.239999771118164,0.0,0.0,0.0,0.0,1.7999999523162842,96.65999603271484,0,0,0,True,,,,
1776723298,400551451,,12.25999927520752,0.0,0.0,0.0,0.0,1.7999999523162842,97.7699966430664,0,0,0,True,,,,
1776723298,450545976,,12.239999771118164,0.0,0.0,0.0,0.0,1.7999999523162842,96.65999603271484,0,0,0,True,,,,
1776723298,500527502,,12.239999771118164,0.0,0.0,0.0,0.0,1.7999999523162842,96.65999603271484,0,0,0,True,,,,
1776723298,550536657,,12.239999771118164,0.0,0.0,0.0,0.0,1.7999999523162842,96.65999603271484,0,0,0,True,,,,
1776723298,600522238,,12.239999771118164,0.0,0.0,0.0,0.0,1.7999999523162842,96.65999603271484,0,0,0,True,,,,
1776723298,650499709,,12.239999771118164,0.0,0.0,0.0,0.0,1.7999999523162842,96.65999603271484,0,0,0,True,,,,
1776723298,700510252,,12.25999927520752,0.0,0.0,0.0,0.0,1.7999999523162842,97.7699966430664,0,0,0,True,,,,
1776723298,750487630,,12.25999927520752,0.0,0.0,0.0,0.0,1.7999999523162842,97.7699966430664,0,0,0,True,,,,
1776723298,800540877,,12.239999771118164,0.0,0.0,0.0,0.0,1.7999999523162842,96.65999603271484,0,0,0,True,,,,
1776723298,850516810,,12.219999313354492,0.0,0.0,0.0,0.0,1.7999999523162842,95.54999542236328,0,0,0,True,,,,
1776723298,900528447,,12.239999771118164,0.0,0.0,0.0,0.0,1.7999999523162842,96.65999603271484,0,0,0,True,,,,
1776723298,950545731,,12.239999771118164,0.0,0.0,0.0,0.0,1.7999999523162842,96.65999603271484,0,0,0,True,,,,
1776723299,492850,,12.239999771118164,0.0,0.0,0.0,0.0,1.7999999523162842,96.65999603271484,0,0,0,True,,,,
1776723299,50527264,,12.25999927520752,0.0,0.0,0.0,0.0,1.7999999523162842,97.7699966430664,0,0,0,True,,,,
1776723299,100496938,,12.239999771118164,0.0,0.0,0.0,0.0,1.7999999523162842,96.65999603271484,0,0,0,True,,,,
1776723299,150505834,,12.239999771118164,0.0,0.0,0.0,0.0,1.7999999523162842,96.65999603271484,0,0,0,True,,,,
1776723299,200520637,,12.239999771118164,0.0,0.0,0.0,0.0,1.7999999523162842,96.65999603271484,0,0,0,True,,,,
1776723299,250532422,,12.25999927520752,0.0,0.0,0.0,0.0,1.7999999523162842,97.7699966430664,0,0,0,True,,,,
1776723299,300491133,,12.239999771118164,0.0,0.0,0.0,0.0,1.7999999523162842,96.65999603271484,0,0,0,True,,,,
1776723299,350515177,,12.239999771118164,0.0,0.0,0.0,0.0,1.7999999523162842,96.65999603271484,0,0,0,True,,,,
1776723299,400562553,,12.239999771118164,0.0,0.0,0.0,0.0,1.7999999523162842,96.65999603271484,0,0,0,True,,,,
1776723299,450514542,,12.239999771118164,0.0,0.0,0.0,0.0,1.7999999523162842,96.65999603271484,0,0,0,True,,,,
1776723299,500492142,,12.239999771118164,0.0,0.0,0.0,0.0,1.7999999523162842,96.65999603271484,0,0,0,True,,,,
1776723299,550490075,,12.239999771118164,0.0,0.0,0.0,0.0,1.7999999523162842,96.65999603271484,0,0,0,True,,,,
1776723299,600516341,,12.239999771118164,0.0,0.0,0.0,0.0,1.7999999523162842,96.65999603271484,0,0,0,True,,,,
1776723299,650509441,,12.239999771118164,0.0,0.0,0.0,0.0,1.7999999523162842,96.65999603271484,0,0,0,True,,,,
1776723299,700486596,,12.239999771118164,0.0,0.0,0.0,0.0,1.7999999523162842,96.65999603271484,0,0,0,True,,,,
1776723299,750516770,,12.239999771118164,0.0,0.0,0.0,0.0,1.7999999523162842,96.65999603271484,0,0,0,True,,,,
1776723299,800450722,,12.239999771118164,0.0,0.0,0.0,0.0,1.7999999523162842,96.65999603271484,0,0,0,True,,,,
1776723299,850495062,,12.239999771118164,0.0,0.0,0.0,0.0,1.7999999523162842,96.65999603271484,0,0,0,True,,,,
1776723299,900518383,,12.219999313354492,0.0,0.0,0.0,0.0,1.7999999523162842,95.54999542236328,0,0,0,True,,,,
1776723299,950519483,,12.239999771118164,0.0,0.0,0.0,0.0,1.7999999523162842,96.65999603271484,0,0,0,True,,,,
1776723300,623896,,12.239999771118164,0.0,0.0,0.0,0.0,1.7999999523162842,96.65999603271484,0,0,0,True,,,,
1776723300,50596681,,12.239999771118164,0.0,0.0,0.0,0.0,1.7999999523162842,96.65999603271484,0,0,0,True,,,,
1776723300,100444931,,12.25999927520752,0.0,0.0,0.0,0.0,1.7999999523162842,97.7699966430664,0,0,0,True,,,,
1776723300,150494659,,12.239999771118164,0.0,0.0,0.0,0.0,1.7999999523162842,96.65999603271484,0,0,0,True,,,,
1776723300,200499018,,12.25999927520752,0.0,0.0,0.0,0.0,1.7999999523162842,97.7699966430664,0,0,0,True,,,,
1776723300,250471729,,12.219999313354492,0.0,0.0,0.0,0.0,1.7999999523162842,95.54999542236328,0,0,0,True,,,,
1776723300,300654493,,12.199999809265137,0.0,0.0,0.0,0.0,1.7999999523162842,94.43999481201172,0,0,0,True,,,,
1776723300,350503576,,12.239999771118164,0.0,0.0,0.0,0.0,1.7999999523162842,96.65999603271484,0,0,0,True,,,,
1776723300,400537694,,12.239999771118164,0.0,0.0,0.0,0.0,1.7999999523162842,96.65999603271484,0,0,0,True,,,,
1776723300,450471164,,12.239999771118164,0.0,0.0,0.0,0.0,1.7999999523162842,96.65999603271484,0,0,0,True,,,,
1776723300,500487116,,12.25999927520752,0.0,0.0,0.0,0.0,1.7999999523162842,97.7699966430664,0,0,0,True,,,,
1776723300,550497771,,12.219999313354492,0.0,0.0,0.0,0.0,1.7999999523162842,95.54999542236328,0,0,0,True,,,,
1776723300,602167141,,12.239999771118164,0.0,0.0,0.0,0.0,1.7999999523162842,96.65999603271484,0,0,0,True,,,,
1776723300,650445952,,12.25999927520752,0.0,0.0,0.0,0.0,1.7999999523162842,97.7699966430664,0,0,0,True,,,,
1776723300,700482181,,12.239999771118164,0.0,0.0,0.0,0.0,1.7999999523162842,96.65999603271484,0,0,0,True,,,,
1776723300,750457910,,12.239999771118164,0.0,0.0,0.0,0.0,1.7999999523162842,96.65999603271484,0,0,0,True,,,,
1776723300,800437547,,12.239999771118164,0.0,0.0,0.0,0.0,1.7999999523162842,96.65999603271484,0,0,0,True,,,,
1776723300,850498942,,12.239999771118164,0.0,0.0,0.0,0.0,1.7999999523162842,96.65999603271484,0,0,0,True,,,,
1776723300,900482468,,12.239999771118164,0.0,0.0,0.0,0.0,1.7999999523162842,96.65999603271484,0,0,0,True,,,,
1776723300,950446938,,12.239999771118164,0.0,0.0,0.0,0.0,1.7999999523162842,96.65999603271484,0,0,0,True,,,,
1776723301,476686,,12.239999771118164,0.0,0.0,0.0,0.0,1.7999999523162842,96.65999603271484,0,0,0,True,,,,
1776723301,50466730,,12.239999771118164,0.0,0.0,0.0,0.0,1.7999999523162842,96.65999603271484,0,0,0,True,,,,
1776723301,100480515,,12.239999771118164,0.0,0.0,0.0,0.0,1.7999999523162842,96.65999603271484,0,0,0,True,,,,
1776723301,150445355,,12.239999771118164,0.0,0.0,0.0,0.0,1.7999999523162842,96.65999603271484,0,0,0,True,,,,
1776723301,200462899,,12.239999771118164,0.0,0.0,0.0,0.0,1.7999999523162842,96.65999603271484,0,0,0,True,,,,
1776723301,250536183,,12.239999771118164,0.0,0.0,0.0,0.0,1.7999999523162842,96.65999603271484,0,0,0,True,,,,
1776723301,300484154,,12.239999771118164,0.0,0.0,0.0,0.0,1.7999999523162842,96.65999603271484,0,0,0,True,,,,
1776723301,350453309,,12.239999771118164,0.0,0.0,0.0,0.0,1.7999999523162842,96.65999603271484,0,0,0,True,,,,
1776723301,400556666,,12.239999771118164,0.0,0.0,0.0,0.0,1.7999999523162842,96.65999603271484,0,0,0,True,,,,
1776723301,450564692,,12.219999313354492,0.0,0.0,0.0,0.0,1.7999999523162842,95.54999542236328,0,0,0,True,,,,
1776723301,500459367,,12.219999313354492,0.0,0.0,0.0,0.0,1.7999999523162842,95.54999542236328,0,0,0,True,,,,
1776723301,550471948,,12.219999313354492,0.0,0.0,0.0,0.0,1.7999999523162842,95.54999542236328,0,0,0,True,,,,
1776723301,600426733,,12.219999313354492,0.0,0.0,0.0,0.0,1.7999999523162842,95.54999542236328,0,0,0,True,,,,
1776723301,650439462,,12.219999313354492,0.0,0.0,0.0,0.0,1.7999999523162842,95.54999542236328,0,0,0,True,,,,
1776723301,700426136,,12.219999313354492,0.0,0.0,0.0,0.0,1.7999999523162842,95.54999542236328,0,0,0,True,,,,
1776723301,750437995,,12.219999313354492,0.0,0.0,0.0,0.0,1.7999999523162842,95.54999542236328,0,0,0,True,,,,
1776723301,800447391,,12.219999313354492,0.0,0.0,0.0,0.0,1.7999999523162842,95.54999542236328,0,0,0,True,,,,
1776723301,850422731,,12.219999313354492,0.0,0.0,0.0,0.0,1.7999999523162842,95.54999542236328,0,0,0,True,,,,
1776723301,900466997,,12.219999313354492,0.0,0.0,0.0,0.0,1.7999999523162842,95.54999542236328,0,0,0,True,,,,
1776723301,950412597,,12.239999771118164,0.0,0.0,0.0,0.0,1.7999999523162842,96.65999603271484,0,0,0,True,,,,
1776723302,474029,,12.219999313354492,0.0,0.0,0.0,0.0,1.7999999523162842,95.54999542236328,0,0,0,True,,,,
1776723302,50463222,,12.239999771118164,0.0,0.0,0.0,0.0,1.7999999523162842,96.65999603271484,0,0,0,True,,,,
1776723302,100420563,,12.239999771118164,0.0,0.0,0.0,0.0,1.7999999523162842,96.65999603271484,0,0,0,True,,,,
1776723302,150428162,,12.239999771118164,0.0,0.0,0.0,0.0,1.7999999523162842,96.65999603271484,0,0,0,True,,,,
1776723302,200432039,,12.239999771118164,0.0,0.0,0.0,0.0,1.7999999523162842,96.65999603271484,0,0,0,True,,,,
1776723302,250444769,,12.239999771118164,0.0,0.0,0.0,0.0,1.7999999523162842,96.65999603271484,0,0,0,True,,,,
1776723302,300419757,,12.239999771118164,0.0,0.0,0.0,0.0,1.7999999523162842,96.65999603271484,0,0,0,True,,,,
1776723302,350433042,,12.219999313354492,0.0,0.0,0.0,0.0,1.7999999523162842,95.54999542236328,0,0,0,True,,,,
1776723302,400487585,,12.219999313354492,0.0,0.0,0.0,0.0,1.7999999523162842,95.54999542236328,0,0,0,True,,,,
1776723302,450435482,,12.239999771118164,0.0,0.0,0.0,0.0,1.7999999523162842,96.65999603271484,0,0,0,True,,,,
1776723302,500470359,,12.239999771118164,0.0,0.0,0.0,0.0,1.7999999523162842,96.65999603271484,0,0,0,True,,,,
1776723302,550443255,,12.239999771118164,0.0,0.0,0.0,0.0,1.7999999523162842,96.65999603271484,0,0,0,True,,,,
1776723302,600491502,,12.219999313354492,0.0,0.0,0.0,0.0,1.7999999523162842,95.54999542236328,0,0,0,True,,,,
1776723302,650438750,,12.239999771118164,0.0,0.0,0.0,0.0,1.7999999523162842,96.65999603271484,0,0,0,True,,,,
1776723302,700541163,,12.239999771118164,0.0,0.0,0.0,0.0,1.7999999523162842,96.65999603271484,0,0,0,True,,,,
1776723302,750490041,,12.239999771118164,0.0,0.0,0.0,0.0,1.7999999523162842,96.65999603271484,0,0,0,True,,,,
1776723302,800505048,,12.239999771118164,0.0,0.0,0.0,0.0,1.7999999523162842,96.65999603271484,0,0,0,True,,,,
1776723302,850465389,,12.239999771118164,0.0,0.0,0.0,0.0,1.7999999523162842,96.65999603271484,0,0,0,True,,,,
1776723302,900444656,,12.239999771118164,0.0,0.0,0.0,0.0,1.7999999523162842,96.65999603271484,0,0,0,True,,,,
1776723302,950453033,,12.239999771118164,0.0,0.0,0.0,0.0,1.7999999523162842,96.65999603271484,0,0,0,True,,,,
1776723303,470040,,12.239999771118164,0.0,0.0,0.0,0.0,1.7999999523162842,96.65999603271484,0,0,0,True,,,,
1776723303,50482547,,12.239999771118164,0.0,0.0,0.0,0.0,1.7999999523162842,96.65999603271484,0,0,0,True,,,,
1776723303,100441906,,12.239999771118164,0.0,0.0,0.0,0.0,1.7999999523162842,96.65999603271484,0,0,0,True,,,,
1776723303,150472042,,12.239999771118164,0.0,0.0,0.0,0.0,1.7999999523162842,96.65999603271484,0,0,0,True,,,,
1776723303,200452124,,12.219999313354492,0.0,0.0,0.0,0.0,1.7999999523162842,95.54999542236328,0,0,0,True,,,,
1776723303,250497704,,12.239999771118164,0.0,0.0,0.0,0.0,1.7999999523162842,96.65999603271484,0,0,0,True,,,,
1776723303,300384324,,12.219999313354492,0.0,0.0,0.0,0.0,1.7999999523162842,95.54999542236328,0,0,0,True,,,,
1776723303,350431923,,12.239999771118164,0.0,0.0,0.0,0.0,1.7999999523162842,96.65999603271484,0,0,0,True,,,,
1776723303,400500725,,12.239999771118164,0.0,0.0,0.0,0.0,1.7999999523162842,96.65999603271484,0,0,0,True,,,,
1776723303,450432640,,12.239999771118164,0.0,0.0,0.0,0.0,1.7999999523162842,96.65999603271484,0,0,0,True,,,,
1776723303,500465054,,12.239999771118164,0.0,0.0,0.0,0.0,1.7999999523162842,96.65999603271484,0,0,0,True,,,,
1776723303,550441525,,12.219999313354492,0.0,0.0,0.0,0.0,1.7999999523162842,95.54999542236328,0,0,0,True,,,,
1776723303,600450198,,12.239999771118164,0.0,0.0,0.0,0.0,1.7999999523162842,96.65999603271484,0,0,0,True,,,,
1776723303,650433335,,12.219999313354492,0.0,0.0,0.0,0.0,1.7999999523162842,95.54999542236328,0,0,0,True,,,,
1776723303,700460434,,12.219999313354492,0.0,0.0,0.0,0.0,1.7999999523162842,95.54999542236328,0,0,0,True,,,,
1776723303,750465737,,12.239999771118164,0.0,0.0,0.0,0.0,1.7999999523162842,96.65999603271484,0,0,0,True,,,,
1776723303,800396986,,12.239999771118164,0.0,0.0,0.0,0.0,1.7999999523162842,96.65999603271484,0,0,0,True,,,,
1776723303,850434493,,12.239999771118164,0.0,0.0,0.0,0.0,1.7999999523162842,96.65999603271484,0,0,0,True,,,,
1776723303,900404815,,12.239999771118164,0.0,0.0,0.0,0.0,1.7999999523162842,96.65999603271484,0,0,0,True,,,,
1776723303,950400600,,12.239999771118164,0.0,0.0,0.0,0.0,1.7999999523162842,96.65999603271484,0,0,0,True,,,,
1776723304,424310,,12.219999313354492,0.0,0.0,0.0,0.0,1.7999999523162842,95.54999542236328,0,0,0,True,,,,
1776723304,50432761,,12.219999313354492,0.0,0.0,0.0,0.0,1.7999999523162842,95.54999542236328,0,0,0,True,,,,
1776723304,100465194,,12.239999771118164,0.0,0.0,0.0,0.0,1.7999999523162842,96.65999603271484,0,0,0,True,,,,
1776723304,150435997,,12.219999313354492,0.0,0.0,0.0,0.0,1.7999999523162842,95.54999542236328,0,0,0,True,,,,
1776723304,200431597,,12.239999771118164,0.0,0.0,0.0,0.0,1.7999999523162842,96.65999603271484,0,0,0,True,,,,
1776723304,250433011,,12.239999771118164,0.0,0.0,0.0,0.0,1.7999999523162842,96.65999603271484,0,0,0,True,,,,
1776723304,300416222,,12.239999771118164,0.0,0.0,0.0,0.0,1.7999999523162842,96.65999603271484,0,0,0,True,,,,
1776723304,350400452,,12.239999771118164,0.0,0.0,0.0,0.0,1.7999999523162842,96.65999603271484,0,0,0,True,,,,
1776723304,400479772,,12.219999313354492,0.0,0.0,0.0,0.0,1.7999999523162842,95.54999542236328,0,0,0,True,,,,
1776723304,450431002,,12.219999313354492,0.0,0.0,0.0,0.0,1.7999999523162842,95.54999542236328,0,0,0,True,,,,
1776723304,500376547,,12.219999313354492,0.0,0.0,0.0,0.0,1.7999999523162842,95.54999542236328,0,0,0,True,,,,
1776723304,550426276,,12.219999313354492,0.0,0.0,0.0,0.0,1.7999999523162842,95.54999542236328,0,0,0,True,,,,
1776723304,600474671,,12.219999313354492,0.0,0.0,0.0,0.0,1.7999999523162842,95.54999542236328,0,0,0,True,,,,
1776723304,650438271,,12.219999313354492,0.0,0.0,0.0,0.0,1.7999999523162842,95.54999542236328,0,0,0,True,,,,
1776723304,700436111,,12.239999771118164,0.0,0.0,0.0,0.0,1.7999999523162842,96.65999603271484,0,0,0,True,,,,
1776723304,750435767,,12.219999313354492,0.0,0.0,0.0,0.0,1.7999999523162842,95.54999542236328,0,0,0,True,,,,
1776723304,800388552,,12.219999313354492,0.0,0.0,0.0,0.0,1.7999999523162842,95.54999542236328,0,0,0,True,,,,
1776723304,850395466,,12.219999313354492,0.0,0.0,0.0,0.0,1.7999999523162842,95.54999542236328,0,0,0,True,,,,
1776723304,900398936,,12.219999313354492,0.0,0.0,0.0,0.0,1.7999999523162842,95.54999542236328,0,0,0,True,,,,
1776723304,950394128,,12.219999313354492,0.0,0.0,0.0,0.0,1.7999999523162842,95.54999542236328,0,0,0,True,,,,
1776723305,409857,,12.219999313354492,0.0,0.0,0.0,0.0,1.7999999523162842,95.54999542236328,0,0,0,True,,,,
1776723305,50390309,,12.219999313354492,0.0,0.0,0.0,0.0,1.7999999523162842,95.54999542236328,0,0,0,True,,,,
1776723305,100434927,,12.239999771118164,0.0,0.0,0.0,0.0,1.7999999523162842,96.65999603271484,0,0,0,True,,,,
1776723305,150395953,,12.239999771118164,0.0,0.0,0.0,0.0,1.7999999523162842,96.65999603271484,0,0,0,True,,,,
1776723305,200427589,,12.219999313354492,0.0,0.0,0.0,0.0,1.7999999523162842,95.54999542236328,0,0,0,True,,,,
1776723305,250412763,,12.199999809265137,0.0,0.0,0.0,0.0,1.7999999523162842,94.43999481201172,0,0,0,True,,,,
1776723305,300430214,,12.219999313354492,0.0,0.0,0.0,0.0,1.7999999523162842,95.54999542236328,0,0,0,True,,,,
1776723305,350414629,,12.219999313354492,0.0,0.0,0.0,0.0,1.7999999523162842,95.54999542236328,0,0,0,True,,,,
1776723305,400404099,,12.219999313354492,0.0,0.0,0.0,0.0,1.7999999523162842,95.54999542236328,0,0,0,True,,,,
1776723305,450427420,,12.219999313354492,0.0,0.0,0.0,0.0,1.7999999523162842,95.54999542236328,0,0,0,True,,,,
1776723305,500380650,,12.239999771118164,0.0,0.0,0.0,0.0,1.7999999523162842,96.65999603271484,0,0,0,True,,,,
1776723305,550397898,,12.219999313354492,0.0,0.0,0.0,0.0,1.7999999523162842,95.54999542236328,0,0,0,True,,,,
1776723305,600381516,,12.239999771118164,0.0,0.0,0.0,0.0,1.7999999523162842,96.65999603271484,0,0,0,True,,,,
1776723305,650385245,,12.239999771118164,0.0,0.0,0.0,0.0,1.7999999523162842,96.65999603271484,0,0,0,True,,,,
1776723305,700389567,,12.239999771118164,0.0,0.0,0.0,0.0,1.7999999523162842,96.65999603271484,0,0,0,True,,,,
1776723305,750403759,,12.219999313354492,0.0,0.0,0.0,0.0,1.7999999523162842,95.54999542236328,0,0,0,True,,,,
1776723305,800404321,,12.219999313354492,0.0,0.0,0.0,0.0,1.7999999523162842,95.54999542236328,0,0,0,True,,,,
1776723305,850396125,,12.239999771118164,0.0,0.0,0.0,0.0,1.7999999523162842,96.65999603271484,0,0,0,True,,,,
1776723305,900394984,,12.239999771118164,0.0,0.0,0.0,0.0,1.7999999523162842,96.65999603271484,0,0,0,True,,,,
1776723305,950755670,,12.239999771118164,0.0,0.0,0.0,0.0,1.7999999523162842,96.65999603271484,0,0,0,True,,,,
1776723306,445386,,12.239999771118164,0.0,0.0,0.0,0.0,1.7999999523162842,96.65999603271484,0,0,0,True,,,,
1776723306,50429634,,12.219999313354492,0.0,0.0,0.0,0.0,1.7999999523162842,95.54999542236328,0,0,0,True,,,,
1776723306,100368827,,12.239999771118164,0.0,0.0,0.0,0.0,1.7999999523162842,96.65999603271484,0,0,0,True,,,,
1776723306,150380685,,12.219999313354492,0.0,0.0,0.0,0.0,1.7999999523162842,95.54999542236328,0,0,0,True,,,,
1776723306,200427710,,12.239999771118164,0.0,0.0,0.0,0.0,1.7999999523162842,96.65999603271484,0,0,0,True,,,,
1776723306,250414977,,12.219999313354492,0.0,0.0,0.0,0.0,1.7999999523162842,95.54999542236328,0,0,0,True,,,,
1776723306,300388762,,12.219999313354492,0.0,0.0,0.0,0.0,1.7999999523162842,95.54999542236328,0,0,0,True,,,,
1776723306,350418324,,12.219999313354492,0.0,0.0,0.0,0.0,1.7999999523162842,95.54999542236328,0,0,0,True,,,,
1776723306,400403627,,12.219999313354492,0.0,0.0,0.0,0.0,1.7999999523162842,95.54999542236328,0,0,0,True,,,,
1776723306,450487929,,12.239999771118164,0.0,0.0,0.0,0.0,1.7999999523162842,96.65999603271484,0,0,0,True,,,,
1776723306,500384660,,12.219999313354492,0.0,0.0,0.0,0.0,1.7999999523162842,95.54999542236328,0,0,0,True,,,,
1776723306,550407685,,12.219999313354492,0.0,0.0,0.0,0.0,1.7999999523162842,95.54999542236328,0,0,0,True,,,,
1776723306,600426544,,12.219999313354492,0.0,0.0,0.0,0.0,1.7999999523162842,95.54999542236328,0,0,0,True,,,,
1776723306,650474328,,12.219999313354492,0.0,0.0,0.0,0.0,1.7999999523162842,95.54999542236328,0,0,0,True,,,,
1776723306,700382781,,12.219999313354492,0.0,0.0,0.0,0.0,1.7999999523162842,95.54999542236328,0,0,0,True,,,,
1776723306,750371214,,12.219999313354492,0.0,0.0,0.0,0.0,1.7999999523162842,95.54999542236328,0,0,0,True,,,,
1776723306,800392572,,12.219999313354492,0.0,0.0,0.0,0.0,1.7999999523162842,95.54999542236328,0,0,0,True,,,,
1776723306,850383413,,12.219999313354492,0.0,0.0,0.0,0.0,1.7999999523162842,95.54999542236328,0,0,0,True,,,,
1776723306,900369328,,12.219999313354492,0.0,0.0,0.0,0.0,1.7999999523162842,95.54999542236328,0,0,0,True,,,,
1776723306,950393019,,12.219999313354492,0.0,0.0,0.0,0.0,1.7999999523162842,95.54999542236328,0,0,0,True,,,,
1776723307,383027,,12.219999313354492,0.0,0.0,0.0,0.0,1.7999999523162842,95.54999542236328,0,0,0,True,,,,
1776723307,50387126,,12.219999313354492,0.0,0.0,0.0,0.0,1.7999999523162842,95.54999542236328,0,0,0,True,,,,
1776723307,100386652,,12.219999313354492,0.0,0.0,0.0,0.0,1.7999999523162842,95.54999542236328,0,0,0,True,,,,
1776723307,150458417,,12.219999313354492,0.0,0.0,0.0,0.0,1.7999999523162842,95.54999542236328,0,0,0,True,,,,
1776723307,200395017,,12.239999771118164,0.0,0.0,0.0,0.0,1.7999999523162842,96.65999603271484,0,0,0,True,,,,
1776723307,250395172,,12.239999771118164,0.0,0.0,0.0,0.0,1.7999999523162842,96.65999603271484,0,0,0,True,,,,
1776723307,300354199,,12.219999313354492,0.0,0.0,0.0,0.0,1.7999999523162842,95.54999542236328,0,0,0,True,,,,
1776723307,350394872,,12.219999313354492,0.0,0.0,0.0,0.0,1.7999999523162842,95.54999542236328,0,0,0,True,,,,
1776723307,400467100,,12.239999771118164,0.0,0.0,0.0,0.0,1.7999999523162842,96.65999603271484,0,0,0,True,,,,
1776723307,450352238,,12.239999771118164,0.0,0.0,0.0,0.0,1.7999999523162842,96.65999603271484,0,0,0,True,,,,
1776723307,500403411,,12.219999313354492,0.0,0.0,0.0,0.0,1.7999999523162842,95.54999542236328,0,0,0,True,,,,
1776723307,550405066,,12.219999313354492,0.0,0.0,0.0,0.0,1.7999999523162842,95.54999542236328,0,0,0,True,,,,
1776723307,600417388,,12.239999771118164,0.0,0.0,0.0,0.0,1.7999999523162842,96.65999603271484,0,0,0,True,,,,
1776723307,650419450,,12.239999771118164,0.0,0.0,0.0,0.0,1.7999999523162842,96.65999603271484,0,0,0,True,,,,
1776723307,700361940,,12.219999313354492,0.0,0.0,0.0,0.0,1.7999999523162842,95.54999542236328,0,0,0,True,,,,
1776723307,750382483,,12.239999771118164,0.0,0.0,0.0,0.0,1.7999999523162842,96.65999603271484,0,0,0,True,,,,
1776723307,800346824,,12.239999771118164,0.0,0.0,0.0,0.0,1.7999999523162842,96.65999603271484,0,0,0,True,,,,
1776723307,850352757,,12.219999313354492,0.0,0.0,0.0,0.0,1.7999999523162842,95.54999542236328,0,0,0,True,,,,
1776723307,900405967,,12.239999771118164,0.0,0.0,0.0,0.0,1.7999999523162842,96.65999603271484,0,0,0,True,,,,
1776723307,950363271,,12.239999771118164,0.0,0.0,0.0,0.0,1.7999999523162842,96.65999603271484,0,0,0,True,,,,
1776723308,341019,,12.239999771118164,0.0,0.0,0.0,0.0,1.7999999523162842,96.65999603271484,0,0,0,True,,,,
1776723308,50366803,,12.239999771118164,0.0,0.0,0.0,0.0,1.7999999523162842,96.65999603271484,0,0,0,True,,,,
1776723308,100393310,,12.239999771118164,0.0,0.0,0.0,0.0,1.7999999523162842,96.65999603271484,0,0,0,True,,,,
1776723308,150363577,,12.239999771118164,0.0,0.0,0.0,0.0,1.7999999523162842,96.65999603271484,0,0,0,True,,,,
1776723308,200384824,,12.219999313354492,0.0,0.0,0.0,0.0,1.7999999523162842,95.54999542236328,0,0,0,True,,,,
1776723308,250339517,,12.239999771118164,0.0,0.0,0.0,0.0,1.7999999523162842,96.65999603271484,0,0,0,True,,,,
1776723308,300325802,,12.239999771118164,0.0,0.0,0.0,0.0,1.7999999523162842,96.65999603271484,0,0,0,True,,,,
1776723308,350382438,,12.219999313354492,0.0,0.0,0.0,0.0,1.7999999523162842,95.54999542236328,0,0,0,True,,,,
1776723308,400365186,,12.239999771118164,0.0,0.0,0.0,0.0,1.7999999523162842,96.65999603271484,0,0,0,True,,,,
1776723308,450363767,,12.25999927520752,0.0,0.0,0.0,0.0,1.7999999523162842,97.7699966430664,0,0,0,True,,,,
1776723308,500376422,,12.239999771118164,0.0,0.0,0.0,0.0,1.7999999523162842,96.65999603271484,0,0,0,True,,,,
1776723308,550398539,,12.239999771118164,0.0,0.0,0.0,0.0,1.7999999523162842,96.65999603271484,0,0,0,True,,,,
1776723308,600357936,,12.25999927520752,0.0,0.0,0.0,0.0,1.7999999523162842,97.7699966430664,0,0,0,True,,,,
1776723308,650369517,,12.239999771118164,0.0,0.0,0.0,0.0,1.7999999523162842,96.65999603271484,0,0,0,True,,,,
1776723308,700387209,,12.219999313354492,0.0,0.0,0.0,0.0,1.7999999523162842,95.54999542236328,0,0,0,True,,,,
1776723308,750421863,,12.219999313354492,0.0,0.0,0.0,0.0,1.7999999523162842,95.54999542236328,0,0,0,True,,,,
1776723308,800313002,,12.219999313354492,0.0,0.0,0.0,0.0,1.7999999523162842,95.54999542236328,0,0,0,True,,,,
1776723308,850416951,,12.219999313354492,0.0,0.0,0.0,0.0,1.7999999523162842,95.54999542236328,0,0,0,True,,,,
1776723308,900378941,,12.239999771118164,0.0,0.0,0.0,0.0,1.7999999523162842,96.65999603271484,0,0,0,True,,,,
1776723308,950345059,,12.239999771118164,0.0,0.0,0.0,0.0,1.7999999523162842,96.65999603271484,0,0,0,True,,,,
1776723309,335029,,12.239999771118164,0.0,0.0,0.0,0.0,1.7999999523162842,96.65999603271484,0,0,0,True,,,,
1776723309,50408831,,12.219999313354492,0.0,0.0,0.0,0.0,1.7999999523162842,95.54999542236328,0,0,0,True,,,,
1776723309,100389894,,12.239999771118164,0.0,0.0,0.0,0.0,1.7999999523162842,96.65999603271484,0,0,0,True,,,,
1776723309,150381124,,12.239999771118164,0.0,0.0,0.0,0.0,1.7999999523162842,96.65999603271484,0,0,0,True,,,,
1776723309,200425093,,12.239999771118164,0.0,0.0,0.0,0.0,1.7999999523162842,96.65999603271484,0,0,0,True,,,,
1776723309,250391137,,12.219999313354492,0.0,0.0,0.0,0.0,1.7999999523162842,95.54999542236328,0,0,0,True,,,,
1776723309,300322886,,12.239999771118164,0.0,0.0,0.0,0.0,1.7999999523162842,96.65999603271484,0,0,0,True,,,,
1776723309,350354096,,12.239999771118164,0.0,0.0,0.0,0.0,1.7999999523162842,96.65999603271484,0,0,0,True,,,,
1776723309,400316900,,12.219999313354492,0.0,0.0,0.0,0.0,1.7999999523162842,95.54999542236328,0,0,0,True,,,,
1776723309,450375499,,12.239999771118164,0.0,0.0,0.0,0.0,1.7999999523162842,96.65999603271484,0,0,0,True,,,,
1776723309,500351080,,12.239999771118164,0.0,0.0,0.0,0.0,1.7999999523162842,96.65999603271484,0,0,0,True,,,,
1776723309,550367698,,12.239999771118164,0.0,0.0,0.0,0.0,1.7999999523162842,96.65999603271484,0,0,0,True,,,,
1776723309,600365539,,12.219999313354492,0.0,0.0,0.0,0.0,1.7999999523162842,95.54999542236328,0,0,0,True,,,,
1776723309,650335935,,12.239999771118164,0.0,0.0,0.0,0.0,1.7999999523162842,96.65999603271484,0,0,0,True,,,,
1776723309,700318813,,12.239999771118164,0.0,0.0,0.0,0.0,1.7999999523162842,96.65999603271484,0,0,0,True,,,,
1776723309,750317746,,12.239999771118164,0.0,0.0,0.0,0.0,1.7999999523162842,96.65999603271484,0,0,0,True,,,,
1776723309,800343882,,12.239999771118164,0.0,0.0,0.0,0.0,1.7999999523162842,96.65999603271484,0,0,0,True,,,,
1776723309,850341463,,12.239999771118164,0.0,0.0,0.0,0.0,1.7999999523162842,96.65999603271484,0,0,0,True,,,,
1776723309,900346396,,12.219999313354492,0.0,0.0,0.0,0.0,1.7999999523162842,95.54999542236328,0,0,0,True,,,,
1776723309,950320385,,12.239999771118164,0.0,0.0,0.0,0.0,1.7999999523162842,96.65999603271484,0,0,0,True,,,,
1776723310,337836,,12.239999771118164,0.0,0.0,0.0,0.0,1.7999999523162842,96.65999603271484,0,0,0,True,,,,
1776723310,50407453,,12.219999313354492,0.0,0.0,0.0,0.0,1.7999999523162842,95.54999542236328,0,0,0,True,,,,
1776723310,100394830,,12.239999771118164,0.0,0.0,0.0,0.0,1.7999999523162842,96.65999603271484,0,0,0,True,,,,
1776723310,150404467,,12.239999771118164,0.0,0.0,0.0,0.0,1.7999999523162842,96.65999603271484,0,0,0,True,,,,
1776723310,200374308,,12.219999313354492,0.0,0.0,0.0,0.0,1.7999999523162842,95.54999542236328,0,0,0,True,,,,
1776723310,250356204,,12.239999771118164,0.0,0.0,0.0,0.0,1.7999999523162842,96.65999603271484,0,0,0,True,,,,
1776723310,300341322,,12.239999771118164,0.0,0.0,0.0,0.0,1.7999999523162842,96.65999603271484,0,0,0,True,,,,
1776723310,350298367,,12.239999771118164,0.0,0.0,0.0,0.0,1.7999999523162842,96.65999603271484,0,0,0,True,,,,
1776723310,400426761,,12.239999771118164,0.0,0.0,0.0,0.0,1.7999999523162842,96.65999603271484,0,0,0,True,,,,
1776723310,450299955,,12.219999313354492,0.0,0.0,0.0,0.0,1.7999999523162842,95.54999542236328,0,0,0,True,,,,
1776723310,500331443,,12.239999771118164,0.0,0.0,0.0,0.0,1.7999999523162842,96.65999603271484,0,0,0,True,,,,
1776723310,550332857,,12.239999771118164,0.0,0.0,0.0,0.0,1.7999999523162842,96.65999603271484,0,0,0,True,,,,
1776723310,600307698,,12.239999771118164,0.0,0.0,0.0,0.0,1.7999999523162842,96.65999603271484,0,0,0,True,,,,
1776723310,650356093,,12.239999771118164,0.0,0.0,0.0,0.0,1.7999999523162842,96.65999603271484,0,0,0,True,,,,
1776723310,700358230,,12.239999771118164,0.0,0.0,0.0,0.0,1.7999999523162842,96.65999603271484,0,0,0,True,,,,
1776723310,750277145,,12.239999771118164,0.0,0.0,0.0,0.0,1.7999999523162842,96.65999603271484,0,0,0,True,,,,
1776723310,800337207,,12.239999771118164,0.0,0.0,0.0,0.0,1.7999999523162842,96.65999603271484,0,0,0,True,,,,
1776723310,850328029,,12.239999771118164,0.0,0.0,0.0,0.0,1.7999999523162842,96.65999603271484,0,0,0,True,,,,
1776723310,900324888,,12.239999771118164,0.0,0.0,0.0,0.0,1.7999999523162842,96.65999603271484,0,0,0,True,,,,
1776723310,950305136,,12.219999313354492,0.0,0.0,0.0,0.0,1.7999999523162842,95.54999542236328,0,0,0,True,,,,
1776723311,301606,,12.239999771118164,0.0,0.0,0.0,0.0,1.7999999523162842,96.65999603271484,0,0,0,True,,,,
1776723311,50377852,,12.239999771118164,0.0,0.0,0.0,0.0,1.7999999523162842,96.65999603271484,0,0,0,True,,,,
1776723311,100317749,,12.239999771118164,0.0,0.0,0.0,0.0,1.7999999523162842,96.65999603271484,0,0,0,True,,,,
1776723311,150302627,,12.239999771118164,0.0,0.0,0.0,0.0,1.7999999523162842,96.65999603271484,0,0,0,True,,,,
1776723311,200318578,,12.219999313354492,0.0,0.0,0.0,0.0,1.7999999523162842,95.54999542236328,0,0,0,True,,,,
1776723311,250322455,,12.219999313354492,0.0,0.0,0.0,0.0,1.7999999523162842,95.54999542236328,0,0,0,True,,,,
1776723311,300298203,,12.219999313354492,0.0,0.0,0.0,0.0,1.7999999523162842,95.54999542236328,0,0,0,True,,,,
1776723311,350338228,,12.239999771118164,0.0,0.0,0.0,0.0,1.7999999523162842,96.65999603271484,0,0,0,True,,,,
1776723311,400303902,,12.239999771118164,0.0,0.0,0.0,0.0,1.7999999523162842,96.65999603271484,0,0,0,True,,,,
1776723311,450422834,,12.239999771118164,0.0,0.0,0.0,0.0,1.7999999523162842,96.65999603271484,0,0,0,True,,,,
1776723311,500289824,,12.219999313354492,0.0,0.0,0.0,0.0,1.7999999523162842,95.54999542236328,0,0,0,True,,,,
1776723311,550324942,,12.219999313354492,0.0,0.0,0.0,0.0,1.7999999523162842,95.54999542236328,0,0,0,True,,,,
1776723311,600301153,,12.219999313354492,0.0,0.0,0.0,0.0,1.7999999523162842,95.54999542236328,0,0,0,True,,,,
1776723311,650262642,,12.219999313354492,0.0,0.0,0.0,0.0,1.7999999523162842,95.54999542236328,0,0,0,True,,,,
1776723311,700294463,,12.219999313354492,0.0,0.0,0.0,0.0,1.7999999523162842,95.54999542236328,0,0,0,True,,,,
1776723311,750282137,,12.219999313354492,0.0,0.0,0.0,0.0,1.7999999523162842,95.54999542236328,0,0,0,True,,,,
1776723311,800276348,,12.219999313354492,0.0,0.0,0.0,0.0,1.7999999523162842,95.54999542236328,0,0,0,True,,,,
1776723311,850292243,,12.219999313354492,0.0,0.0,0.0,0.0,1.7999999523162842,95.54999542236328,0,0,0,True,,,,
1776723311,900284936,,12.219999313354492,0.0,0.0,0.0,0.0,1.7999999523162842,95.54999542236328,0,0,0,True,,,,
1776723311,950351034,,12.199999809265137,0.0,0.0,0.0,0.0,1.7999999523162842,94.43999481201172,0,0,0,True,,,,
1776723312,307653,,12.239999771118164,0.0,0.0,0.0,0.0,1.7999999523162842,96.65999603271484,0,0,0,True,,,,
1776723312,50349548,,12.239999771118164,0.0,0.0,0.0,0.0,1.7999999523162842,96.65999603271484,0,0,0,True,,,,
1776723312,100281278,,12.239999771118164,0.0,0.0,0.0,0.0,1.7999999523162842,96.65999603271484,0,0,0,True,,,,
1776723312,150325544,,12.239999771118164,0.0,0.0,0.0,0.0,1.7999999523162842,96.65999603271484,0,0,0,True,,,,
1776723312,200267182,,12.239999771118164,0.0,0.0,0.0,0.0,1.7999999523162842,96.65999603271484,0,0,0,True,,,,
1776723312,250281318,,12.239999771118164,0.0,0.0,0.0,0.0,1.7999999523162842,96.65999603271484,0,0,0,True,,,,
1776723312,300313602,,12.239999771118164,0.0,0.0,0.0,0.0,1.7999999523162842,96.65999603271484,0,0,0,True,,,,
1776723312,350333276,,12.239999771118164,0.0,0.0,0.0,0.0,1.7999999523162842,96.65999603271484,0,0,0,True,,,,
1776723312,400312746,,12.239999771118164,0.0,0.0,0.0,0.0,1.7999999523162842,96.65999603271484,0,0,0,True,,,,
1776723312,450357826,,12.219999313354492,0.0,0.0,0.0,0.0,1.7999999523162842,95.54999542236328,0,0,0,True,,,,
1776723312,500319038,,12.239999771118164,0.0,0.0,0.0,0.0,1.7999999523162842,96.65999603271484,0,0,0,True,,,,
1776723312,550299045,,12.219999313354492,0.0,0.0,0.0,0.0,1.7999999523162842,95.54999542236328,0,0,0,True,,,,
1776723312,600331218,,12.239999771118164,0.0,0.0,0.0,0.0,1.7999999523162842,96.65999603271484,0,0,0,True,,,,
1776723312,650287337,,12.239999771118164,0.0,0.0,0.0,0.0,1.7999999523162842,96.65999603271484,0,0,0,True,,,,
1776723312,700289196,,12.239999771118164,0.0,0.0,0.0,0.0,1.7999999523162842,96.65999603271484,0,0,0,True,,,,
1776723312,750278962,,12.239999771118164,0.0,0.0,0.0,0.0,1.7999999523162842,96.65999603271484,0,0,0,True,,,,
1776723312,800382171,,12.25999927520752,0.0,0.0,0.0,0.0,1.7999999523162842,97.7699966430664,0,0,0,True,,,,
1776723312,850312124,,12.239999771118164,0.0,0.0,0.0,0.0,1.7999999523162842,96.65999603271484,0,0,0,True,,,,
1776723312,900292279,,12.219999313354492,0.0,0.0,0.0,0.0,1.7999999523162842,95.54999542236328,0,0,0,True,,,,
1776723312,950305786,,12.219999313354492,0.0,0.0,0.0,0.0,1.7999999523162842,95.54999542236328,0,0,0,True,,,,
1776723313,278034,,12.239999771118164,0.0,0.0,0.0,0.0,1.7999999523162842,96.65999603271484,0,0,0,True,,,,
1776723313,50329022,,12.239999771118164,0.0,0.0,0.0,0.0,1.7999999523162842,96.65999603271484,0,0,0,True,,,,
1776723313,100362565,,12.239999771118164,0.0,0.0,0.0,0.0,1.7999999523162842,96.65999603271484,0,0,0,True,,,,
1776723313,150317036,,12.219999313354492,0.0,0.0,0.0,0.0,1.7999999523162842,95.54999542236328,0,0,0,True,,,,
1776723313,200311413,,12.239999771118164,0.0,0.0,0.0,0.0,1.7999999523162842,96.65999603271484,0,0,0,True,,,,
1776723313,250276273,,12.239999771118164,0.0,0.0,0.0,0.0,1.7999999523162842,96.65999603271484,0,0,0,True,,,,
1776723313,300225336,,12.239999771118164,0.0,0.0,0.0,0.0,1.7999999523162842,96.65999603271484,0,0,0,True,,,,
1776723313,350290712,,12.239999771118164,0.0,0.0,0.0,0.0,1.7999999523162842,96.65999603271484,0,0,0,True,,,,
1776723313,400322645,,12.239999771118164,0.0,0.0,0.0,0.0,1.7999999523162842,96.65999603271484,0,0,0,True,,,,
1776723313,450258468,,12.239999771118164,0.0,0.0,0.0,0.0,1.7999999523162842,96.65999603271484,0,0,0,True,,,,
1776723313,500273900,,12.239999771118164,0.0,0.0,0.0,0.0,1.7999999523162842,96.65999603271484,0,0,0,True,,,,
1776723313,550312407,,12.239999771118164,0.0,0.0,0.0,0.0,1.7999999523162842,96.65999603271484,0,0,0,True,,,,
1776723313,600246507,,12.219999313354492,0.0,0.0,0.0,0.0,1.7999999523162842,95.54999542236328,0,0,0,True,,,,
1776723313,650282236,,12.219999313354492,0.0,0.0,0.0,0.0,1.7999999523162842,95.54999542236328,0,0,0,True,,,,
1776723313,700302039,,12.219999313354492,0.0,0.0,0.0,0.0,1.7999999523162842,95.54999542236328,0,0,0,True,,,,
1776723313,750267158,,12.239999771118164,0.0,0.0,0.0,0.0,1.7999999523162842,96.65999603271484,0,0,0,True,,,,
1776723313,800324053,,12.219999313354492,0.0,0.0,0.0,0.0,1.7999999523162842,95.54999542236328,0,0,0,True,,,,
1776723313,850345615,,12.239999771118164,0.0,0.0,0.0,0.0,1.7999999523162842,96.65999603271484,0,0,0,True,,,,
1776723313,900257586,,12.239999771118164,0.0,0.0,0.0,0.0,1.7999999523162842,96.65999603271484,0,0,0,True,,,,
1776723313,950285630,,12.239999771118164,0.0,0.0,0.0,0.0,1.7999999523162842,96.65999603271484,0,0,0,True,,,,
1776723314,287544,,12.239999771118164,0.0,0.0,0.0,0.0,1.7999999523162842,96.65999603271484,0,0,0,True,,,,
1776723314,50320440,,12.239999771118164,0.0,0.0,0.0,0.0,1.7999999523162842,96.65999603271484,0,0,0,True,,,,
1776723314,100276947,,12.239999771118164,0.0,0.0,0.0,0.0,1.7999999523162842,96.65999603271484,0,0,0,True,,,,
1776723314,150288861,,12.239999771118164,0.0,0.0,0.0,0.0,1.7999999523162842,96.65999603271484,0,0,0,True,,,,
1776723314,200263887,,12.219999313354492,0.0,0.0,0.0,0.0,1.7999999523162842,95.54999542236328,0,0,0,True,,,,
1776723314,250243784,,12.239999771118164,0.0,0.0,0.0,0.0,1.7999999523162842,96.65999603271484,0,0,0,True,,,,
1776723314,300289179,,12.239999771118164,0.0,0.0,0.0,0.0,1.7999999523162842,96.65999603271484,0,0,0,True,,,,
1776723314,350252149,,12.219999313354492,0.0,0.0,0.0,0.0,1.7999999523162842,95.54999542236328,0,0,0,True,,,,
1776723314,400275637,,12.219999313354492,0.0,0.0,0.0,0.0,1.7999999523162842,95.54999542236328,0,0,0,True,,,,
1776723314,450243645,,12.239999771118164,0.0,0.0,0.0,0.0,1.7999999523162842,96.65999603271484,0,0,0,True,,,,
1776723314,500235319,,12.239999771118164,0.0,0.0,0.0,0.0,1.7999999523162842,96.65999603271484,0,0,0,True,,,,
1776723314,550259288,,12.239999771118164,0.0,0.0,0.0,0.0,1.7999999523162842,96.65999603271484,0,0,0,True,,,,
1776723314,600279369,,12.239999771118164,0.0,0.0,0.0,0.0,1.7999999523162842,96.65999603271484,0,0,0,True,,,,
1776723314,650246562,,12.239999771118164,0.0,0.0,0.0,0.0,1.7999999523162842,96.65999603271484,0,0,0,True,,,,
1776723314,700261809,,12.219999313354492,0.0,0.0,0.0,0.0,1.7999999523162842,95.54999542236328,0,0,0,True,,,,
1776723314,750311871,,12.239999771118164,0.0,0.0,0.0,0.0,1.7999999523162842,96.65999603271484,0,0,0,True,,,,
1776723314,800227453,,12.239999771118164,0.0,0.0,0.0,0.0,1.7999999523162842,96.65999603271484,0,0,0,True,,,,
1776723314,850308126,,12.239999771118164,0.0,0.0,0.0,0.0,1.7999999523162842,96.65999603271484,0,0,0,True,,,,
1776723314,900259930,,12.239999771118164,0.0,0.0,0.0,0.0,1.7999999523162842,96.65999603271484,0,0,0,True,,,,
1776723314,950266381,,12.239999771118164,0.0,0.0,0.0,0.0,1.7999999523162842,96.65999603271484,0,0,0,True,,,,
1776723315,243740,,12.219999313354492,0.0,0.0,0.0,0.0,1.7999999523162842,95.54999542236328,0,0,0,True,,,,
1776723315,50297302,,12.219999313354492,0.0,0.0,0.0,0.0,1.7999999523162842,95.54999542236328,0,0,0,True,,,,
1776723315,100242643,,12.219999313354492,0.0,0.0,0.0,0.0,1.7999999523162842,95.54999542236328,0,0,0,True,,,,
1776723315,150262743,,12.239999771118164,0.0,0.0,0.0,0.0,1.7999999523162842,96.65999603271484,0,0,0,True,,,,
1776723315,200266083,,12.239999771118164,0.0,0.0,0.0,0.0,1.7999999523162842,96.65999603271484,0,0,0,True,,,,
1776723315,250245349,,12.239999771118164,0.0,0.0,0.0,0.0,1.7999999523162842,96.65999603271484,0,0,0,True,,,,
1776723315,300221431,,12.239999771118164,0.0,0.0,0.0,0.0,1.7999999523162842,96.65999603271484,0,0,0,True,,,,
1776723315,350355010,,12.219999313354492,0.0,0.0,0.0,0.0,1.7999999523162842,95.54999542236328,0,0,0,True,,,,
1776723315,400234648,,12.239999771118164,0.0,0.0,0.0,0.0,1.7999999523162842,96.65999603271484,0,0,0,True,,,,
1776723315,450275729,,12.239999771118164,0.0,0.0,0.0,0.0,1.7999999523162842,96.65999603271484,0,0,0,True,,,,
1776723315,500263977,,12.239999771118164,0.0,0.0,0.0,0.0,1.7999999523162842,96.65999603271484,0,0,0,True,,,,
1776723315,550265132,,12.239999771118164,0.0,0.0,0.0,0.0,1.7999999523162842,96.65999603271484,0,0,0,True,,,,
1776723315,600271731,,12.239999771118164,0.0,0.0,0.0,0.0,1.7999999523162842,96.65999603271484,0,0,0,True,,,,
1776723315,650256664,,12.239999771118164,0.0,0.0,0.0,0.0,1.7999999523162842,96.65999603271484,0,0,0,True,,,,
1776723315,700242561,,12.239999771118164,0.0,0.0,0.0,0.0,1.7999999523162842,96.65999603271484,0,0,0,True,,,,
1776723315,750267382,,12.239999771118164,0.0,0.0,0.0,0.0,1.7999999523162842,96.65999603271484,0,0,0,True,,,,
1776723315,800219704,,12.219999313354492,0.0,0.0,0.0,0.0,1.7999999523162842,95.54999542236328,0,0,0,True,,,,
1776723315,850268618,,12.219999313354492,0.0,0.0,0.0,0.0,1.7999999523162842,95.54999542236328,0,0,0,True,,,,
1776723315,900216996,,12.219999313354492,0.0,0.0,0.0,0.0,1.7999999523162842,95.54999542236328,0,0,0,True,,,,
1776723315,950239558,,12.25999927520752,0.0,0.0,0.0,0.0,1.7999999523162842,97.7699966430664,0,0,0,True,,,,
1776723316,267084,,12.25999927520752,0.0,0.0,0.0,0.0,1.7999999523162842,97.7699966430664,0,0,0,True,,,,
1776723316,50245369,,12.239999771118164,0.0,0.0,0.0,0.0,1.7999999523162842,96.65999603271484,0,0,0,True,,,,
1776723316,100272968,,12.239999771118164,0.0,0.0,0.0,0.0,1.7999999523162842,96.65999603271484,0,0,0,True,,,,
1776723316,150268938,,12.25999927520752,0.0,0.0,0.0,0.0,1.7999999523162842,97.7699966430664,0,0,0,True,,,,
1776723316,200267482,,12.239999771118164,0.0,0.0,0.0,0.0,1.7999999523162842,96.65999603271484,0,0,0,True,,,,
1776723316,250218823,,12.239999771118164,0.0,0.0,0.0,0.0,1.7999999523162842,96.65999603271484,0,0,0,True,,,,
1776723316,300282514,,12.219999313354492,0.0,0.0,0.0,0.0,1.7999999523162842,95.54999542236328,0,0,0,True,,,,
1776723316,350208893,,12.239999771118164,0.0,0.0,0.0,0.0,1.7999999523162842,96.65999603271484,0,0,0,True,,,,
1776723316,400318917,,12.25999927520752,0.0,0.0,0.0,0.0,1.7999999523162842,97.7699966430664,0,0,0,True,,,,
1776723316,450220166,,12.239999771118164,0.0,0.0,0.0,0.0,1.7999999523162842,96.65999603271484,0,0,0,True,,,,
1776723316,500245709,,12.239999771118164,0.0,0.0,0.0,0.0,1.7999999523162842,96.65999603271484,0,0,0,True,,,,
1776723316,550298419,,12.219999313354492,0.0,0.0,0.0,0.0,1.7999999523162842,95.54999542236328,0,0,0,True,,,,
1776723316,600245816,,12.239999771118164,0.0,0.0,0.0,0.0,1.7999999523162842,96.65999603271484,0,0,0,True,,,,
1776723316,650280934,,12.239999771118164,0.0,0.0,0.0,0.0,1.7999999523162842,96.65999603271484,0,0,0,True,,,,
1776723316,700237034,,12.219999313354492,0.0,0.0,0.0,0.0,1.7999999523162842,95.54999542236328,0,0,0,True,,,,
1776723316,750220893,,12.239999771118164,0.0,0.0,0.0,0.0,1.7999999523162842,96.65999603271484,0,0,0,True,,,,
1776723316,800201530,,12.239999771118164,0.0,0.0,0.0,0.0,1.7999999523162842,96.65999603271484,0,0,0,True,,,,
1776723316,850205000,,12.219999313354492,0.0,0.0,0.0,0.0,1.7999999523162842,95.54999542236328,0,0,0,True,,,,
1776723316,900230210,,12.219999313354492,0.0,0.0,0.0,0.0,1.7999999523162842,95.54999542236328,0,0,0,True,,,,
1776723316,950212106,,12.239999771118164,0.0,0.0,0.0,0.0,1.7999999523162842,96.65999603271484,0,0,0,True,,,,
1776723317,243076,,12.25999927520752,0.0,0.0,0.0,0.0,1.7999999523162842,97.7699966430664,0,0,0,True,,,,
1776723317,50234435,,12.219999313354492,0.0,0.0,0.0,0.0,1.7999999523162842,95.54999542236328,0,0,0,True,,,,
1776723317,100209423,,12.239999771118164,0.0,0.0,0.0,0.0,1.7999999523162842,96.65999603271484,0,0,0,True,,,,
1776723317,150259800,,12.239999771118164,0.0,0.0,0.0,0.0,1.7999999523162842,96.65999603271484,0,0,0,True,,,,
1776723317,200205104,,12.239999771118164,0.0,0.0,0.0,0.0,1.7999999523162842,96.65999603271484,0,0,0,True,,,,
1776723317,250237037,,12.239999771118164,0.0,0.0,0.0,0.0,1.7999999523162842,96.65999603271484,0,0,0,True,,,,
1776723317,300205044,,12.239999771118164,0.0,0.0,0.0,0.0,1.7999999523162842,96.65999603271484,0,0,0,True,,,,
1776723317,350260791,,12.239999771118164,0.0,0.0,0.0,0.0,1.7999999523162842,96.65999603271484,0,0,0,True,,,,
1776723317,400270076,,12.239999771118164,0.0,0.0,0.0,0.0,1.7999999523162842,96.65999603271484,0,0,0,True,,,,
1776723317,450217787,,12.239999771118164,0.0,0.0,0.0,0.0,1.7999999523162842,96.65999603271484,0,0,0,True,,,,
1776723317,500238775,,12.239999771118164,0.0,0.0,0.0,0.0,1.7999999523162842,96.65999603271484,0,0,0,True,,,,
1776723317,550243504,,12.239999771118164,0.0,0.0,0.0,0.0,1.7999999523162842,96.65999603271484,0,0,0,True,,,,
1776723317,600234604,,12.239999771118164,0.0,0.0,0.0,0.0,1.7999999523162842,96.65999603271484,0,0,0,True,,,,
1776723317,650233222,,12.219999313354492,0.0,0.0,0.0,0.0,1.7999999523162842,95.54999542236328,0,0,0,True,,,,
1776723317,700253710,,12.219999313354492,0.0,0.0,0.0,0.0,1.7999999523162842,95.54999542236328,0,0,0,True,,,,
1776723317,750197533,,12.239999771118164,0.0,0.0,0.0,0.0,1.7999999523162842,96.65999603271484,0,0,0,True,,,,
1776723317,800197744,,12.239999771118164,0.0,0.0,0.0,0.0,1.7999999523162842,96.65999603271484,0,0,0,True,,,,
1776723317,850188232,,12.239999771118164,0.0,0.0,0.0,0.0,1.7999999523162842,96.65999603271484,0,0,0,True,,,,
1776723317,900259738,,12.219999313354492,0.0,0.0,0.0,0.0,1.7999999523162842,95.54999542236328,0,0,0,True,,,,
1776723317,950222709,,12.239999771118164,0.0,0.0,0.0,0.0,1.7999999523162842,96.65999603271484,0,0,0,True,,,,
1776723318,248549,,12.239999771118164,0.0,0.0,0.0,0.0,1.7999999523162842,96.65999603271484,0,0,0,True,,,,
1776723318,50242204,,12.239999771118164,0.0,0.0,0.0,0.0,1.7999999523162842,96.65999603271484,0,0,0,True,,,,
1776723318,100244322,,12.239999771118164,0.0,0.0,0.0,0.0,1.7999999523162842,96.65999603271484,0,0,0,True,,,,
1776723318,150205996,,12.239999771118164,0.0,0.0,0.0,0.0,1.7999999523162842,96.65999603271484,0,0,0,True,,,,
1776723318,200275891,,12.239999771118164,0.0,0.0,0.0,0.0,1.7999999523162842,96.65999603271484,0,0,0,True,,,,
1776723318,250204807,,12.239999771118164,0.0,0.0,0.0,0.0,1.7999999523162842,96.65999603271484,0,0,0,True,,,,
1776723318,300221517,,12.239999771118164,0.0,0.0,0.0,0.0,1.7999999523162842,96.65999603271484,0,0,0,True,,,,
1776723318,350250783,,12.239999771118164,0.0,0.0,0.0,0.0,1.7999999523162842,96.65999603271484,0,0,0,True,,,,
1776723318,400210124,,12.239999771118164,0.0,0.0,0.0,0.0,1.7999999523162842,96.65999603271484,0,0,0,True,,,,
1776723318,450211760,,12.25999927520752,0.0,0.0,0.0,0.0,1.7999999523162842,97.7699966430664,0,0,0,True,,,,
1776723318,500207379,,12.25999927520752,0.0,0.0,0.0,0.0,1.7999999523162842,97.7699966430664,0,0,0,True,,,,
1776723318,550206293,,12.239999771118164,0.0,0.0,0.0,0.0,1.7999999523162842,96.65999603271484,0,0,0,True,,,,
1776723318,600265503,,12.239999771118164,0.0,0.0,0.0,0.0,1.7999999523162842,96.65999603271484,0,0,0,True,,,,
1776723318,650217714,,12.239999771118164,0.0,0.0,0.0,0.0,1.7999999523162842,96.65999603271484,0,0,0,True,,,,
1776723318,700230425,,12.25999927520752,0.0,0.0,0.0,0.0,1.7999999523162842,97.7699966430664,0,0,0,True,,,,
1776723318,750228802,,12.239999771118164,0.0,0.0,0.0,0.0,1.7999999523162842,96.65999603271484,0,0,0,True,,,,
1776723318,800220513,,12.219999313354492,0.0,0.0,0.0,0.0,1.7999999523162842,95.54999542236328,0,0,0,True,,,,
1776723318,850197724,,12.219999313354492,0.0,0.0,0.0,0.0,1.7999999523162842,95.54999542236328,0,0,0,True,,,,
1776723318,900215731,,12.219999313354492,0.0,0.0,0.0,0.0,1.7999999523162842,95.54999542236328,0,0,0,True,,,,
1776723318,950171831,,12.239999771118164,0.0,0.0,0.0,0.0,1.7999999523162842,96.65999603271484,0,0,0,True,,,,
1776723319,158949,,12.239999771118164,0.0,0.0,0.0,0.0,1.7999999523162842,96.65999603271484,0,0,0,True,,,,
1776723319,50205919,,12.239999771118164,0.0,0.0,0.0,0.0,1.7999999523162842,96.65999603271484,0,0,0,True,,,,
1776723319,100219574,,12.239999771118164,0.0,0.0,0.0,0.0,1.7999999523162842,96.65999603271484,0,0,0,True,,,,
1776723319,150223914,,12.239999771118164,0.0,0.0,0.0,0.0,1.7999999523162842,96.65999603271484,0,0,0,True,,,,
1776723319,200238458,,12.219999313354492,0.0,0.0,0.0,0.0,1.7999999523162842,95.54999542236328,0,0,0,True,,,,
1776723319,250224539,,12.219999313354492,0.0,0.0,0.0,0.0,1.7999999523162842,95.54999542236328,0,0,0,True,,,,
1776723319,300214194,,12.219999313354492,0.0,0.0,0.0,0.0,1.7999999523162842,95.54999542236328,0,0,0,True,,,,
1776723319,350239405,,12.219999313354492,0.0,0.0,0.0,0.0,1.7999999523162842,95.54999542236328,0,0,0,True,,,,
1776723319,400290207,,12.239999771118164,0.0,0.0,0.0,0.0,1.7999999523162842,96.65999603271484,0,0,0,True,,,,
1776723319,450194660,,12.219999313354492,0.0,0.0,0.0,0.0,1.7999999523162842,95.54999542236328,0,0,0,True,,,,
1776723319,500194871,,12.239999771118164,0.0,0.0,0.0,0.0,1.7999999523162842,96.65999603271484,0,0,0,True,,,,
1776723319,550194359,,12.239999771118164,0.0,0.0,0.0,0.0,1.7999999523162842,96.65999603271484,0,0,0,True,,,,
1776723319,600200551,,12.219999313354492,0.0,0.0,0.0,0.0,1.7999999523162842,95.54999542236328,0,0,0,True,,,,
1776723319,650199929,,12.239999771118164,0.0,0.0,0.0,0.0,1.7999999523162842,96.65999603271484,0,0,0,True,,,,
1776723319,700210861,,12.219999313354492,0.0,0.0,0.0,0.0,1.7999999523162842,95.54999542236328,0,0,0,True,,,,
1776723319,750191109,,12.239999771118164,0.0,0.0,0.0,0.0,1.7999999523162842,96.65999603271484,0,0,0,True,,,,
1776723319,800175450,,12.239999771118164,0.0,0.0,0.0,0.0,1.7999999523162842,96.65999603271484,0,0,0,True,,,,
1776723319,850207993,,12.239999771118164,0.0,0.0,0.0,0.0,1.7999999523162842,96.65999603271484,0,0,0,True,,,,
1776723319,900168168,,12.239999771118164,0.0,0.0,0.0,0.0,1.7999999523162842,96.65999603271484,0,0,0,True,,,,
1776723319,950207156,,12.239999771118164,0.0,0.0,0.0,0.0,1.7999999523162842,96.65999603271484,0,0,0,True,,,,
1776723320,309587,,12.239999771118164,0.0,0.0,0.0,0.0,1.7999999523162842,96.65999603271484,0,0,0,True,,,,
1776723320,50183226,,12.25999927520752,0.0,0.0,0.0,0.0,1.7999999523162842,97.7699966430664,0,0,0,True,,,,
1776723320,100167659,,12.239999771118164,0.0,0.0,0.0,0.0,1.7999999523162842,96.65999603271484,0,0,0,True,,,,
1776723320,150185258,,12.239999771118164,0.0,0.0,0.0,0.0,1.7999999523162842,96.65999603271484,0,0,0,True,,,,
1776723320,200209598,,12.239999771118164,0.0,0.0,0.0,0.0,1.7999999523162842,96.65999603271484,0,0,0,True,,,,
1776723320,250181976,,12.239999771118164,0.0,0.0,0.0,0.0,1.7999999523162842,96.65999603271484,0,0,0,True,,,,
1776723320,300273018,,12.25999927520752,0.0,0.0,0.0,0.0,1.7999999523162842,97.7699966430664,0,0,0,True,,,,
1776723320,350176533,,12.239999771118164,0.0,0.0,0.0,0.0,1.7999999523162842,96.65999603271484,0,0,0,True,,,,
1776723320,400168602,,12.239999771118164,0.0,0.0,0.0,0.0,1.7999999523162842,96.65999603271484,0,0,0,True,,,,
1776723320,450181984,,12.239999771118164,0.0,0.0,0.0,0.0,1.7999999523162842,96.65999603271484,0,0,0,True,,,,
1776723320,500231903,,12.239999771118164,0.0,0.0,0.0,0.0,1.7999999523162842,96.65999603271484,0,0,0,True,,,,
1776723320,550191435,,12.239999771118164,0.0,0.0,0.0,0.0,1.7999999523162842,96.65999603271484,0,0,0,True,,,,
1776723320,600195614,,12.239999771118164,0.0,0.0,0.0,0.0,1.7999999523162842,96.65999603271484,0,0,0,True,,,,
1776723320,650176720,,12.219999313354492,0.0,0.0,0.0,0.0,1.7999999523162842,95.54999542236328,0,0,0,True,,,,
1776723320,700204213,,12.239999771118164,0.0,0.0,0.0,0.0,1.7999999523162842,96.65999603271484,0,0,0,True,,,,
1776723320,750170634,,12.239999771118164,0.0,0.0,0.0,0.0,1.7999999523162842,96.65999603271484,0,0,0,True,,,,
1776723320,800136425,,12.239999771118164,0.0,0.0,0.0,0.0,1.7999999523162842,96.65999603271484,0,0,0,True,,,,
1776723320,850169585,,12.239999771118164,0.0,0.0,0.0,0.0,1.7999999523162842,96.65999603271484,0,0,0,True,,,,
1776723320,900221504,,12.219999313354492,0.0,0.0,0.0,0.0,1.7999999523162842,95.54999542236328,0,0,0,True,,,,
1776723320,950180425,,12.239999771118164,0.0,0.0,0.0,0.0,1.7999999523162842,96.65999603271484,0,0,0,True,,,,
1776723321,191474,,12.219999313354492,0.0,0.0,0.0,0.0,1.7999999523162842,95.54999542236328,0,0,0,True,,,,
1776723321,50210875,,12.219999313354492,0.0,0.0,0.0,0.0,1.7999999523162842,95.54999542236328,0,0,0,True,,,,
1776723321,100175518,,12.239999771118164,0.0,0.0,0.0,0.0,1.7999999523162842,96.65999603271484,0,0,0,True,,,,
1776723321,150235771,,12.239999771118164,0.0,0.0,0.0,0.0,1.7999999523162842,96.65999603271484,0,0,0,True,,,,
1776723321,200181210,,12.239999771118164,0.0,0.0,0.0,0.0,1.7999999523162842,96.65999603271484,0,0,0,True,,,,
1776723321,250141612,,12.239999771118164,0.0,0.0,0.0,0.0,1.7999999523162842,96.65999603271484,0,0,0,True,,,,
1776723321,300185365,,12.239999771118164,0.0,0.0,0.0,0.0,1.7999999523162842,96.65999603271484,0,0,0,True,,,,
1776723321,350159822,,12.239999771118164,0.0,0.0,0.0,0.0,1.7999999523162842,96.65999603271484,0,0,0,True,,,,
1776723321,400168464,,12.239999771118164,0.0,0.0,0.0,0.0,1.7999999523162842,96.65999603271484,0,0,0,True,,,,
1776723321,450335344,,12.239999771118164,0.0,0.0,0.0,0.0,1.7999999523162842,96.65999603271484,0,0,0,True,,,,
1776723321,500150360,,12.219999313354492,0.0,0.0,0.0,0.0,1.7999999523162842,95.54999542236328,0,0,0,True,,,,
1776723321,550136058,,12.219999313354492,0.0,0.0,0.0,0.0,1.7999999523162842,95.54999542236328,0,0,0,True,,,,
1776723321,600109108,,12.199999809265137,0.0,0.0,0.0,0.0,1.7999999523162842,94.43999481201172,0,0,0,True,,,,
1776723321,650122787,,12.219999313354492,0.0,0.0,0.0,0.0,1.7999999523162842,95.54999542236328,0,0,0,True,,,,
1776723321,700132726,,12.219999313354492,0.0,0.0,0.0,0.0,1.7999999523162842,95.54999542236328,0,0,0,True,,,,
1776723321,750120979,,12.219999313354492,0.0,0.0,0.0,0.0,1.7999999523162842,95.54999542236328,0,0,0,True,,,,
1776723321,800129640,,12.219999313354492,0.0,0.0,0.0,0.0,1.7999999523162842,95.54999542236328,0,0,0,True,,,,
1776723321,850122689,,12.219999313354492,0.0,0.0,0.0,0.0,1.7999999523162842,95.54999542236328,0,0,0,True,,,,
1776723321,900120461,,12.219999313354492,0.0,0.0,0.0,0.0,1.7999999523162842,95.54999542236328,0,0,0,True,,,,
1776723321,950134085,,12.219999313354492,0.0,0.0,0.0,0.0,1.7999999523162842,95.54999542236328,0,0,0,True,,,,
1776723322,175467,,12.239999771118164,0.0,0.0,0.0,0.0,1.7999999523162842,96.65999603271484,0,0,0,True,,,,
1776723322,50261645,,12.239999771118164,0.0,0.0,0.0,0.0,1.7999999523162842,96.65999603271484,0,0,0,True,,,,
1776723322,100185585,,12.219999313354492,0.0,0.0,0.0,0.0,1.7999999523162842,95.54999542236328,0,0,0,True,,,,
1776723322,150164820,,12.239999771118164,0.0,0.0,0.0,0.0,1.7999999523162842,96.65999603271484,0,0,0,True,,,,
1776723322,200204443,,12.239999771118164,0.0,0.0,0.0,0.0,1.7999999523162842,96.65999603271484,0,0,0,True,,,,
1776723322,250135549,,12.239999771118164,0.0,0.0,0.0,0.0,1.7999999523162842,96.65999603271484,0,0,0,True,,,,
1776723322,300204857,,12.239999771118164,0.0,0.0,0.0,0.0,1.7999999523162842,96.65999603271484,0,0,0,True,,,,
1776723322,350317201,,12.239999771118164,0.0,0.0,0.0,0.0,1.7999999523162842,96.65999603271484,0,0,0,True,,,,
1776723322,400232530,,12.239999771118164,0.0,0.0,0.0,0.0,1.7999999523162842,96.65999603271484,0,0,0,True,,,,
1776723322,450136248,,12.239999771118164,0.0,0.0,0.0,0.0,1.7999999523162842,96.65999603271484,0,0,0,True,,,,
1776723322,500187074,,12.239999771118164,0.0,0.0,0.0,0.0,1.7999999523162842,96.65999603271484,0,0,0,True,,,,
1776723322,550122514,,12.239999771118164,0.0,0.0,0.0,0.0,1.7999999523162842,96.65999603271484,0,0,0,True,,,,
1776723322,600167081,,12.239999771118164,0.0,0.0,0.0,0.0,1.7999999523162842,96.65999603271484,0,0,0,True,,,,
1776723322,650167501,,12.239999771118164,0.0,0.0,0.0,0.0,1.7999999523162842,96.65999603271484,0,0,0,True,,,,
1776723322,700246234,,12.239999771118164,0.0,0.0,0.0,0.0,1.7999999523162842,96.65999603271484,0,0,0,True,,,,
1776723322,750122082,,12.239999771118164,0.0,0.0,0.0,0.0,1.7999999523162842,96.65999603271484,0,0,0,True,,,,
1776723322,800196353,,12.219999313354492,0.0,0.0,0.0,0.0,1.7999999523162842,95.54999542236328,0,0,0,True,,,,
1776723322,850169385,,12.239999771118164,0.0,0.0,0.0,0.0,1.7999999523162842,96.65999603271484,0,0,0,True,,,,
1776723322,900153453,,12.239999771118164,0.0,0.0,0.0,0.0,1.7999999523162842,96.65999603271484,0,0,0,True,,,,
1776723322,950161540,,12.239999771118164,0.0,0.0,0.0,0.0,1.7999999523162842,96.65999603271484,0,0,0,True,,,,
1776723323,143145,,12.239999771118164,0.0,0.0,0.0,0.0,1.7999999523162842,96.65999603271484,0,0,0,True,,,,
1776723323,50142806,,12.239999771118164,0.0,0.0,0.0,0.0,1.7999999523162842,96.65999603271484,0,0,0,True,,,,
1776723323,100238743,,12.239999771118164,0.0,0.0,0.0,0.0,1.7999999523162842,96.65999603271484,0,0,0,True,,,,
1776723323,150164923,,12.219999313354492,0.0,0.0,0.0,0.0,1.7999999523162842,95.54999542236328,0,0,0,True,,,,
1776723323,200171250,,12.239999771118164,0.0,0.0,0.0,0.0,1.7999999523162842,96.65999603271484,0,0,0,True,,,,
1776723323,250138782,,12.219999313354492,0.0,0.0,0.0,0.0,1.7999999523162842,95.54999542236328,0,0,0,True,,,,
1776723323,300141591,,12.239999771118164,0.0,0.0,0.0,0.0,1.7999999523162842,96.65999603271484,0,0,0,True,,,,
1776723323,350264120,,12.239999771118164,0.0,0.0,0.0,0.0,1.7999999523162842,96.65999603271484,0,0,0,True,,,,
1776723323,400153820,,12.239999771118164,0.0,0.0,0.0,0.0,1.7999999523162842,96.65999603271484,0,0,0,True,,,,
1776723323,450099796,,12.219999313354492,0.0,0.0,0.0,0.0,1.7999999523162842,95.54999542236328,0,0,0,True,,,,
1776723323,500148160,,12.239999771118164,0.0,0.0,0.0,0.0,1.7999999523162842,96.65999603271484,0,0,0,True,,,,
1776723323,550111636,,12.219999313354492,0.0,0.0,0.0,0.0,1.7999999523162842,95.54999542236328,0,0,0,True,,,,
1776723323,600137611,,12.239999771118164,0.0,0.0,0.0,0.0,1.7999999523162842,96.65999603271484,0,0,0,True,,,,
1776723323,650127457,,12.239999771118164,0.0,0.0,0.0,0.0,1.7999999523162842,96.65999603271484,0,0,0,True,,,,
1776723323,700114470,,12.239999771118164,0.0,0.0,0.0,0.0,1.7999999523162842,96.65999603271484,0,0,0,True,,,,
1776723323,750129427,,12.25999927520752,0.0,0.0,0.0,0.0,1.7999999523162842,97.7699966430664,0,0,0,True,,,,
1776723323,800105940,,12.239999771118164,0.0,0.0,0.0,0.0,1.7999999523162842,96.65999603271484,0,0,0,True,,,,
1776723323,850210376,,12.239999771118164,0.0,0.0,0.0,0.0,1.7999999523162842,96.65999603271484,0,0,0,True,,,,
1776723323,900105131,,12.239999771118164,0.0,0.0,0.0,0.0,1.7999999523162842,96.65999603271484,0,0,0,True,,,,
1776723323,950131181,,12.239999771118164,0.0,0.0,0.0,0.0,1.7999999523162842,96.65999603271484,0,0,0,True,,,,
1776723324,107268,,12.239999771118164,0.0,0.0,0.0,0.0,1.7999999523162842,96.65999603271484,0,0,0,True,,,,
1776723324,50154131,,12.239999771118164,0.0,0.0,0.0,0.0,1.7999999523162842,96.65999603271484,0,0,0,True,,,,
1776723324,100150514,,12.239999771118164,0.0,0.0,0.0,0.0,1.7999999523162842,96.65999603271484,0,0,0,True,,,,
1776723324,150141786,,12.239999771118164,0.0,0.0,0.0,0.0,1.7999999523162842,96.65999603271484,0,0,0,True,,,,
1776723324,200124632,,12.239999771118164,0.0,0.0,0.0,0.0,1.7999999523162842,96.65999603271484,0,0,0,True,,,,
1776723324,250128867,,12.239999771118164,0.0,0.0,0.0,0.0,1.7999999523162842,96.65999603271484,0,0,0,True,,,,
1776723324,300127732,,12.239999771118164,0.0,0.0,0.0,0.0,1.7999999523162842,96.65999603271484,0,0,0,True,,,,
1776723324,350136318,,12.239999771118164,0.0,0.0,0.0,0.0,1.7999999523162842,96.65999603271484,0,0,0,True,,,,
1776723324,400134183,,12.219999313354492,0.0,0.0,0.0,0.0,1.7999999523162842,95.54999542236328,0,0,0,True,,,,
1776723324,450171287,,12.239999771118164,0.0,0.0,0.0,0.0,1.7999999523162842,96.65999603271484,0,0,0,True,,,,
1776723324,500104893,,12.239999771118164,0.0,0.0,0.0,0.0,1.7999999523162842,96.65999603271484,0,0,0,True,,,,
1776723324,550102332,,12.239999771118164,0.0,0.0,0.0,0.0,1.7999999523162842,96.65999603271484,0,0,0,True,,,,
1776723324,600155918,,12.239999771118164,0.0,0.0,0.0,0.0,1.7999999523162842,96.65999603271484,0,0,0,True,,,,
1776723324,650117153,,12.219999313354492,0.0,0.0,0.0,0.0,1.7999999523162842,95.54999542236328,0,0,0,True,,,,
1776723324,700105499,,12.239999771118164,0.0,0.0,0.0,0.0,1.7999999523162842,96.65999603271484,0,0,0,True,,,,
1776723324,750095919,,12.239999771118164,0.0,0.0,0.0,0.0,1.7999999523162842,96.65999603271484,0,0,0,True,,,,
1776723324,800109987,,12.239999771118164,0.0,0.0,0.0,0.0,1.7999999523162842,96.65999603271484,0,0,0,True,,,,
1776723324,850083963,,12.239999771118164,0.0,0.0,0.0,0.0,1.7999999523162842,96.65999603271484,0,0,0,True,,,,
1776723324,900106050,,12.239999771118164,0.0,0.0,0.0,0.0,1.7999999523162842,96.65999603271484,0,0,0,True,,,,
1776723324,950093062,,12.239999771118164,0.0,0.0,0.0,0.0,1.7999999523162842,96.65999603271484,0,0,0,True,,,,
1776723325,116686,,12.239999771118164,0.0,0.0,0.0,0.0,1.7999999523162842,96.65999603271484,0,0,0,True,,,,
1776723325,50128254,,12.25999927520752,0.0,0.0,0.0,0.0,1.7999999523162842,97.7699966430664,0,0,0,True,,,,
1776723325,100090952,,12.239999771118164,0.0,0.0,0.0,0.0,1.7999999523162842,96.65999603271484,0,0,0,True,,,,
1776723325,150101039,,12.239999771118164,0.0,0.0,0.0,0.0,1.7999999523162842,96.65999603271484,0,0,0,True,,,,
1776723325,200067181,,12.239999771118164,0.0,0.0,0.0,0.0,1.7999999523162842,96.65999603271484,0,0,0,True,,,,
1776723325,250095508,,12.239999771118164,0.0,0.0,0.0,0.0,1.7999999523162842,96.65999603271484,0,0,0,True,,,,
1776723325,300102039,,12.239999771118164,0.0,0.0,0.0,0.0,1.7999999523162842,96.65999603271484,0,0,0,True,,,,
1776723325,350069849,,12.219999313354492,0.0,0.0,0.0,0.0,1.7999999523162842,95.54999542236328,0,0,0,True,,,,
1776723325,400227599,,12.239999771118164,0.0,0.0,0.0,0.0,1.7999999523162842,96.65999603271484,0,0,0,True,,,,
1776723325,450118040,,12.219999313354492,0.0,0.0,0.0,0.0,1.7999999523162842,95.54999542236328,0,0,0,True,,,,
1776723325,500052720,,12.239999771118164,0.0,0.0,0.0,0.0,1.7999999523162842,96.65999603271484,0,0,0,True,,,,
1776723325,550087343,,12.239999771118164,0.0,0.0,0.0,0.0,1.7999999523162842,96.65999603271484,0,0,0,True,,,,
1776723325,600099967,,12.239999771118164,0.0,0.0,0.0,0.0,1.7999999523162842,96.65999603271484,0,0,0,True,,,,
1776723325,650109294,,12.239999771118164,0.0,0.0,0.0,0.0,1.7999999523162842,96.65999603271484,0,0,0,True,,,,
1776723325,700128936,,12.239999771118164,0.0,0.0,0.0,0.0,1.7999999523162842,96.65999603271484,0,0,0,True,,,,
1776723325,750093134,,12.239999771118164,0.0,0.0,0.0,0.0,1.7999999523162842,96.65999603271484,0,0,0,True,,,,
1776723325,800115480,,12.239999771118164,0.0,0.0,0.0,0.0,1.7999999523162842,96.65999603271484,0,0,0,True,,,,
1776723325,850075104,,12.239999771118164,0.0,0.0,0.0,0.0,1.7999999523162842,96.65999603271484,0,0,0,True,,,,
1776723325,900059302,,12.25999927520752,0.0,0.0,0.0,0.0,1.7999999523162842,97.7699966430664,0,0,0,True,,,,
1776723325,950088777,,12.239999771118164,0.0,0.0,0.0,0.0,1.7999999523162842,96.65999603271484,0,0,0,True,,,,
1776723326,79586,,12.219999313354492,0.0,0.0,0.0,0.0,1.7999999523162842,95.54999542236328,0,0,0,True,,,,
1776723326,50126857,,12.239999771118164,0.0,0.0,0.0,0.0,1.7999999523162842,96.65999603271484,0,0,0,True,,,,
1776723326,100139907,,12.239999771118164,0.0,0.0,0.0,0.0,1.7999999523162842,96.65999603271484,0,0,0,True,,,,
1776723326,150160641,,12.239999771118164,0.0,0.0,0.0,0.0,1.7999999523162842,96.65999603271484,0,0,0,True,,,,
1776723326,200044600,,12.239999771118164,0.0,0.0,0.0,0.0,1.7999999523162842,96.65999603271484,0,0,0,True,,,,
1776723326,250078816,,12.239999771118164,0.0,0.0,0.0,0.0,1.7999999523162842,96.65999603271484,0,0,0,True,,,,
1776723326,300074421,,12.25999927520752,0.0,0.0,0.0,0.0,1.7999999523162842,97.7699966430664,0,0,0,True,,,,
1776723326,350080304,,12.239999771118164,0.0,0.0,0.0,0.0,1.7999999523162842,96.65999603271484,0,0,0,True,,,,
1776723326,400077853,,12.239999771118164,0.0,0.0,0.0,0.0,1.7999999523162842,96.65999603271484,0,0,0,True,,,,
1776723326,450079347,,12.239999771118164,0.0,0.0,0.0,0.0,1.7999999523162842,96.65999603271484,0,0,0,True,,,,
1776723326,500085582,,12.239999771118164,0.0,0.0,0.0,0.0,1.7999999523162842,96.65999603271484,0,0,0,True,,,,
1776723326,550075243,,12.239999771118164,0.0,0.0,0.0,0.0,1.7999999523162842,96.65999603271484,0,0,0,True,,,,
1776723326,600094700,,12.239999771118164,0.0,0.0,0.0,0.0,1.7999999523162842,96.65999603271484,0,0,0,True,,,,
1776723326,650085861,,12.239999771118164,0.0,0.0,0.0,0.0,1.7999999523162842,96.65999603271484,0,0,0,True,,,,
1776723326,700064540,,12.239999771118164,0.0,0.0,0.0,0.0,1.7999999523162842,96.65999603271484,0,0,0,True,,,,
1776723326,750059868,,12.239999771118164,0.0,0.0,0.0,0.0,1.7999999523162842,96.65999603271484,0,0,0,True,,,,
1776723326,800028085,,12.25999927520752,0.0,0.0,0.0,0.0,1.7999999523162842,97.7699966430664,0,0,0,True,,,,
1776723326,850047208,,12.239999771118164,0.0,0.0,0.0,0.0,1.7999999523162842,96.65999603271484,0,0,0,True,,,,
1776723326,900093831,,12.219999313354492,0.0,0.0,0.0,0.0,1.7999999523162842,95.54999542236328,0,0,0,True,,,,
1776723326,950041492,,12.239999771118164,0.0,0.0,0.0,0.0,1.7999999523162842,96.65999603271484,0,0,0,True,,,,
1776723327,84504,,12.239999771118164,0.0,0.0,0.0,0.0,1.7999999523162842,96.65999603271484,0,0,0,True,,,,
1776723327,50103054,,12.239999771118164,0.0,0.0,0.0,0.0,1.7999999523162842,96.65999603271484,0,0,0,True,,,,
1776723327,100049604,,12.219999313354492,0.0,0.0,0.0,0.0,1.7999999523162842,95.54999542236328,0,0,0,True,,,,
1776723327,150063431,,12.239999771118164,0.0,0.0,0.0,0.0,1.7999999523162842,96.65999603271484,0,0,0,True,,,,
1776723327,200072740,,12.239999771118164,0.0,0.0,0.0,0.0,1.7999999523162842,96.65999603271484,0,0,0,True,,,,
1776723327,250082734,,12.219999313354492,0.0,0.0,0.0,0.0,1.7999999523162842,95.54999542236328,0,0,0,True,,,,
1776723327,300089561,,12.219999313354492,0.0,0.0,0.0,0.0,1.7999999523162842,95.54999542236328,0,0,0,True,,,,
1776723327,350099388,,12.219999313354492,0.0,0.0,0.0,0.0,1.7999999523162842,95.54999542236328,0,0,0,True,,,,
1776723327,400067679,,12.239999771118164,0.0,0.0,0.0,0.0,1.7999999523162842,96.65999603271484,0,0,0,True,,,,
1776723327,450127117,,12.219999313354492,0.0,0.0,0.0,0.0,1.7999999523162842,95.54999542236328,0,0,0,True,,,,
1776723327,500029057,,12.219999313354492,0.0,0.0,0.0,0.0,1.7999999523162842,95.54999542236328,0,0,0,True,,,,
1776723327,550053847,,12.239999771118164,0.0,0.0,0.0,0.0,1.7999999523162842,96.65999603271484,0,0,0,True,,,,
1776723327,600069081,,12.219999313354492,0.0,0.0,0.0,0.0,1.7999999523162842,95.54999542236328,0,0,0,True,,,,
1776723327,650136537,,12.219999313354492,0.0,0.0,0.0,0.0,1.7999999523162842,95.54999542236328,0,0,0,True,,,,
1776723327,700095551,,12.219999313354492,0.0,0.0,0.0,0.0,1.7999999523162842,95.54999542236328,0,0,0,True,,,,
1776723327,750098267,,12.219999313354492,0.0,0.0,0.0,0.0,1.7999999523162842,95.54999542236328,0,0,0,True,,,,
1776723327,800060576,,12.239999771118164,0.0,0.0,0.0,0.0,1.7999999523162842,96.65999603271484,0,0,0,True,,,,
1776723327,850045589,,12.219999313354492,0.0,0.0,0.0,0.0,1.7999999523162842,95.54999542236328,0,0,0,True,,,,
1776723327,900089138,,12.219999313354492,0.0,0.0,0.0,0.0,1.7999999523162842,95.54999542236328,0,0,0,True,,,,
1776723327,950118409,,12.219999313354492,0.0,0.0,0.0,0.0,1.7999999523162842,95.54999542236328,0,0,0,True,,,,
1776723328,61793,,12.219999313354492,0.0,0.0,0.0,0.0,1.7999999523162842,95.54999542236328,0,0,0,True,,,,
1776723328,50051565,,12.219999313354492,0.0,0.0,0.0,0.0,1.7999999523162842,95.54999542236328,0,0,0,True,,,,
1776723328,100041134,,12.239999771118164,0.0,0.0,0.0,0.0,1.7999999523162842,96.65999603271484,0,0,0,True,,,,
1776723328,150120145,,12.219999313354492,0.0,0.0,0.0,0.0,1.7999999523162842,95.54999542236328,0,0,0,True,,,,
1776723328,200039770,,12.239999771118164,0.0,0.0,0.0,0.0,1.7999999523162842,96.65999603271484,0,0,0,True,,,,
1776723328,250064171,,12.239999771118164,0.0,0.0,0.0,0.0,1.7999999523162842,96.65999603271484,0,0,0,True,,,,
1776723328,300071683,,12.219999313354492,0.0,0.0,0.0,0.0,1.7999999523162842,95.54999542236328,0,0,0,True,,,,
1776723328,350040382,,12.219999313354492,0.0,0.0,0.0,0.0,1.7999999523162842,95.54999542236328,0,0,0,True,,,,
1776723328,400124560,,12.219999313354492,0.0,0.0,0.0,0.0,1.7999999523162842,95.54999542236328,0,0,0,True,,,,
1776723328,450089962,,12.239999771118164,0.0,0.0,0.0,0.0,1.7999999523162842,96.65999603271484,0,0,0,True,,,,
1776723328,500048160,,12.239999771118164,0.0,0.0,0.0,0.0,1.7999999523162842,96.65999603271484,0,0,0,True,,,,
1776723328,550055154,,12.219999313354492,0.0,0.0,0.0,0.0,1.7999999523162842,95.54999542236328,0,0,0,True,,,,
1776723328,600023149,,12.199999809265137,0.0,0.0,0.0,0.0,1.7999999523162842,94.43999481201172,0,0,0,True,,,,
1776723328,650048753,,12.219999313354492,0.0,0.0,0.0,0.0,1.7999999523162842,95.54999542236328,0,0,0,True,,,,
1776723328,700066321,,12.219999313354492,0.0,0.0,0.0,0.0,1.7999999523162842,95.54999542236328,0,0,0,True,,,,
1776723328,750063852,,12.219999313354492,0.0,0.0,0.0,0.0,1.7999999523162842,95.54999542236328,0,0,0,True,,,,
1776723328,800024551,,12.219999313354492,0.0,0.0,0.0,0.0,1.7999999523162842,95.54999542236328,0,0,0,True,,,,
1776723328,850025767,,12.219999313354492,0.0,0.0,0.0,0.0,1.7999999523162842,95.54999542236328,0,0,0,True,,,,
1776723328,900058242,,12.219999313354492,0.0,0.0,0.0,0.0,1.7999999523162842,95.54999542236328,0,0,0,True,,,,
1776723328,950016070,,12.219999313354492,0.0,0.0,0.0,0.0,1.7999999523162842,95.54999542236328,0,0,0,True,,,,
1776723329,69415,,12.219999313354492,0.0,0.0,0.0,0.0,1.7999999523162842,95.54999542236328,0,0,0,True,,,,
1776723329,50031447,,12.219999313354492,0.0,0.0,0.0,0.0,1.7999999523162842,95.54999542236328,0,0,0,True,,,,
1776723329,100071811,,12.239999771118164,0.0,0.0,0.0,0.0,1.7999999523162842,96.65999603271484,0,0,0,True,,,,
1776723329,150075768,,12.219999313354492,0.0,0.0,0.0,0.0,1.7999999523162842,95.54999542236328,0,0,0,True,,,,
1776723329,200037096,,12.219999313354492,0.0,0.0,0.0,0.0,1.7999999523162842,95.54999542236328,0,0,0,True,,,,
1776723329,250026238,,12.219999313354492,0.0,0.0,0.0,0.0,1.7999999523162842,95.54999542236328,0,0,0,True,,,,
1776723329,300042547,,12.219999313354492,0.0,0.0,0.0,0.0,1.7999999523162842,95.54999542236328,0,0,0,True,,,,
1776723329,350019430,,12.199999809265137,0.0,0.0,0.0,0.0,1.7999999523162842,94.43999481201172,0,0,0,True,,,,
1776723329,400010072,,12.219999313354492,0.0,0.0,0.0,0.0,1.7999999523162842,95.54999542236328,0,0,0,True,,,,
1776723329,450011492,,12.239999771118164,0.0,0.0,0.0,0.0,1.7999999523162842,96.65999603271484,0,0,0,True,,,,
1776723329,499995505,,12.219999313354492,0.0,0.0,0.0,0.0,1.7999999523162842,95.54999542236328,0,0,0,True,,,,
1776723329,550010832,,12.219999313354492,0.0,0.0,0.0,0.0,1.7999999523162842,95.54999542236328,0,0,0,True,,,,
1776723329,600109010,,12.219999313354492,0.0,0.0,0.0,0.0,1.7999999523162842,95.54999542236328,0,0,0,True,,,,
1776723329,650033524,,12.219999313354492,0.0,0.0,0.0,0.0,1.7999999523162842,95.54999542236328,0,0,0,True,,,,
1776723329,700047462,,12.219999313354492,0.0,0.0,0.0,0.0,1.7999999523162842,95.54999542236328,0,0,0,True,,,,
1776723329,750035401,,12.219999313354492,0.0,0.0,0.0,0.0,1.7999999523162842,95.54999542236328,0,0,0,True,,,,
1776723329,799987822,,12.219999313354492,0.0,0.0,0.0,0.0,1.7999999523162842,95.54999542236328,0,0,0,True,,,,
1776723329,850002241,,12.239999771118164,0.0,0.0,0.0,0.0,1.7999999523162842,96.65999603271484,0,0,0,True,,,,
1776723329,899991773,,12.239999771118164,0.0,0.0,0.0,0.0,1.7999999523162842,96.65999603271484,0,0,0,True,,,,
1776723329,950017340,,12.219999313354492,0.0,0.0,0.0,0.0,1.7999999523162842,95.54999542236328,0,0,0,True,,,,
1776723330,5631,,12.219999313354492,0.0,0.0,0.0,0.0,1.7999999523162842,95.54999542236328,0,0,0,True,,,,
1776723330,50050383,,12.219999313354492,0.0,0.0,0.0,0.0,1.7999999523162842,95.54999542236328,0,0,0,True,,,,
1776723330,99979138,,12.239999771118164,0.0,0.0,0.0,0.0,1.7999999523162842,96.65999603271484,0,0,0,True,,,,
1776723330,150050890,,12.219999313354492,0.0,0.0,0.0,0.0,1.7999999523162842,95.54999542236328,0,0,0,True,,,,
1776723330,200114957,,12.219999313354492,0.0,0.0,0.0,0.0,1.7999999523162842,95.54999542236328,0,0,0,True,,,,
1776723330,249970898,,12.219999313354492,0.0,0.0,0.0,0.0,1.7999999523162842,95.54999542236328,0,0,0,True,,,,
1776723330,300022817,,12.239999771118164,0.0,0.0,0.0,0.0,1.7999999523162842,96.65999603271484,0,0,0,True,,,,
1776723330,350086495,,12.219999313354492,0.0,0.0,0.0,0.0,1.7999999523162842,95.54999542236328,0,0,0,True,,,,
1776723330,400007639,,12.219999313354492,0.0,0.0,0.0,0.0,1.7999999523162842,95.54999542236328,0,0,0,True,,,,
1776723330,450026855,,12.219999313354492,0.0,0.0,0.0,0.0,1.7999999523162842,95.54999542236328,0,0,0,True,,,,
1776723330,500026108,,12.239999771118164,0.0,0.0,0.0,0.0,1.7999999523162842,96.65999603271484,0,0,0,True,,,,
1776723330,550021139,,12.219999313354492,0.0,0.0,0.0,0.0,1.7999999523162842,95.54999542236328,0,0,0,True,,,,
1776723330,600144224,,12.219999313354492,0.0,0.0,0.0,0.0,1.7999999523162842,95.54999542236328,0,0,0,True,,,,
1776723330,650007017,,12.219999313354492,0.0,0.0,0.0,0.0,1.7999999523162842,95.54999542236328,0,0,0,True,,,,
1776723330,700024547,,12.219999313354492,0.0,0.0,0.0,0.0,1.7999999523162842,95.54999542236328,0,0,0,True,,,,
1776723330,750079633,,12.219999313354492,0.0,0.0,0.0,0.0,1.7999999523162842,95.54999542236328,0,0,0,True,,,,
1776723330,799993999,,12.239999771118164,0.0,0.0,0.0,0.0,1.7999999523162842,96.65999603271484,0,0,0,True,,,,
1776723330,850003789,,12.239999771118164,0.0,0.0,0.0,0.0,1.7999999523162842,96.65999603271484,0,0,0,True,,,,
1776723330,899979117,,12.239999771118164,0.0,0.0,0.0,0.0,1.7999999523162842,96.65999603271484,0,0,0,True,,,,
1776723330,950024869,,12.239999771118164,0.0,0.0,0.0,0.0,1.7999999523162842,96.65999603271484,0,0,0,True,,,,
1776723330,999998327,,12.219999313354492,0.0,0.0,0.0,0.0,1.7999999523162842,95.54999542236328,0,0,0,True,,,,
1776723331,50073079,,12.239999771118164,0.0,0.0,0.0,0.0,1.7999999523162842,96.65999603271484,0,0,0,True,,,,
1776723331,99967130,,12.239999771118164,0.0,0.0,0.0,0.0,1.7999999523162842,96.65999603271484,0,0,0,True,,,,
1776723331,149989291,,12.239999771118164,0.0,0.0,0.0,0.0,1.7999999523162842,96.65999603271484,0,0,0,True,,,,
1776723331,200012451,,12.219999313354492,0.0,0.0,0.0,0.0,1.7999999523162842,95.54999542236328,0,0,0,True,,,,
1776723331,249990483,,12.219999313354492,0.0,0.0,0.0,0.0,1.7999999523162842,95.54999542236328,0,0,0,True,,,,
1776723331,300048939,,12.219999313354492,0.0,0.0,0.0,0.0,1.7999999523162842,95.54999542236328,0,0,0,True,,,,
1776723331,349995897,,12.199999809265137,0.0,0.0,0.0,0.0,1.7999999523162842,94.43999481201172,0,0,0,True,,,,
1776723331,400362236,,12.219999313354492,0.0,0.0,0.0,0.0,1.7999999523162842,95.54999542236328,0,0,0,True,,,,
1776723331,450079161,,12.219999313354492,0.0,0.0,0.0,0.0,1.7999999523162842,95.54999542236328,0,0,0,True,,,,
1776723331,504709965,,12.199999809265137,0.0,0.0,0.0,0.0,1.7999999523162842,94.43999481201172,0,0,0,True,,,,
1776723331,549959355,,12.199999809265137,0.0,0.0,0.0,0.0,1.7999999523162842,94.43999481201172,0,0,0,True,,,,
1776723331,599955886,,12.199999809265137,0.0,0.0,0.0,0.0,1.7999999523162842,94.43999481201172,0,0,0,True,,,,
1776723331,649953510,,12.199999809265137,0.0,0.0,0.0,0.0,1.7999999523162842,94.43999481201172,0,0,0,True,,,,
1776723331,699970707,,12.199999809265137,0.0,0.0,0.0,0.0,1.7999999523162842,94.43999481201172,0,0,0,True,,,,
1776723331,749955442,,12.199999809265137,0.0,0.0,0.0,0.0,1.7999999523162842,94.43999481201172,0,0,0,True,,,,
1776723331,799973232,,12.199999809265137,0.0,0.0,0.0,0.0,1.7999999523162842,94.43999481201172,0,0,0,True,,,,
1776723331,849948097,,12.1899995803833,0.0,0.0,0.0,0.0,1.7999999523162842,93.87999725341797,0,0,0,True,,,,
1776723331,899966498,,12.199999809265137,0.0,0.0,0.0,0.0,1.7999999523162842,94.43999481201172,0,0,0,True,,,,
1776723331,949957826,,12.219999313354492,0.0,0.0,0.0,0.0,1.7999999523162842,95.54999542236328,0,0,0,True,,,,
1776723331,999988579,,12.239999771118164,0.0,0.0,0.0,0.0,1.7999999523162842,96.65999603271484,0,0,0,True,,,,
1776723332,50017646,,12.219999313354492,0.0,0.0,0.0,0.0,1.7999999523162842,95.54999542236328,0,0,0,True,,,,
1776723332,99945753,,12.219999313354492,0.0,0.0,0.0,0.0,1.7999999523162842,95.54999542236328,0,0,0,True,,,,
1776723332,149986468,,12.199999809265137,0.0,0.0,0.0,0.0,1.7999999523162842,94.43999481201172,0,0,0,True,,,,
1776723332,199994055,,12.199999809265137,0.0,0.0,0.0,0.0,1.7999999523162842,94.43999481201172,0,0,0,True,,,,
1776723332,250035919,,12.199999809265137,0.0,0.0,0.0,0.0,1.7999999523162842,94.43999481201172,0,0,0,True,,,,
1776723332,299971506,,12.199999809265137,0.0,0.0,0.0,0.0,1.7999999523162842,94.43999481201172,0,0,0,True,,,,
1776723332,350035073,,12.219999313354492,0.0,0.0,0.0,0.0,1.7999999523162842,95.54999542236328,0,0,0,True,,,,
1776723332,400025253,,12.219999313354492,0.0,0.0,0.0,0.0,1.7999999523162842,95.54999542236328,0,0,0,True,,,,
1776723332,449992692,,12.199999809265137,0.0,0.0,0.0,0.0,1.7999999523162842,94.43999481201172,0,0,0,True,,,,
1776723332,499960131,,12.219999313354492,0.0,0.0,0.0,0.0,1.7999999523162842,95.54999542236328,0,0,0,True,,,,
1776723332,550036420,,12.219999313354492,0.0,0.0,0.0,0.0,1.7999999523162842,95.54999542236328,0,0,0,True,,,,
1776723332,599988637,,12.219999313354492,0.0,0.0,0.0,0.0,1.7999999523162842,95.54999542236328,0,0,0,True,,,,
1776723332,649994001,,12.219999313354492,0.0,0.0,0.0,0.0,1.7999999523162842,95.54999542236328,0,0,0,True,,,,
1776723332,700022439,,12.219999313354492,0.0,0.0,0.0,0.0,1.7999999523162842,95.54999542236328,0,0,0,True,,,,
1776723332,750022322,,12.219999313354492,0.0,0.0,0.0,0.0,1.7999999523162842,95.54999542236328,0,0,0,True,,,,
1776723332,800021279,,12.219999313354492,0.0,0.0,0.0,0.0,1.7999999523162842,95.54999542236328,0,0,0,True,,,,
1776723332,849983959,,12.219999313354492,0.0,0.0,0.0,0.0,1.7999999523162842,95.54999542236328,0,0,0,True,,,,
1776723332,899984639,,12.199999809265137,0.0,0.0,0.0,0.0,1.7999999523162842,94.43999481201172,0,0,0,True,,,,
1776723332,949913893,,12.219999313354492,0.0,0.0,0.0,0.0,1.7999999523162842,95.54999542236328,0,0,0,True,,,,
1776723332,999994552,,12.219999313354492,0.0,0.0,0.0,0.0,1.7999999523162842,95.54999542236328,0,0,0,True,,,,
1776723333,50056471,,12.199999809265137,0.0,0.0,0.0,0.0,1.7999999523162842,94.43999481201172,0,0,0,True,,,,
1776723333,99970671,,12.219999313354492,0.0,0.0,0.0,0.0,1.7999999523162842,95.54999542236328,0,0,0,True,,,,
1776723333,149986183,,12.219999313354492,0.0,0.0,0.0,0.0,1.7999999523162842,95.54999542236328,0,0,0,True,,,,
1776723333,199967955,,12.219999313354492,0.0,0.0,0.0,0.0,1.7999999523162842,95.54999542236328,0,0,0,True,,,,
1776723333,249985004,,12.199999809265137,0.0,0.0,0.0,0.0,1.7999999523162842,94.43999481201172,0,0,0,True,,,,
1776723333,299926111,,12.199999809265137,0.0,0.0,0.0,0.0,1.7999999523162842,94.43999481201172,0,0,0,True,,,,
1776723333,350001326,,12.219999313354492,0.0,0.0,0.0,0.0,1.7999999523162842,95.54999542236328,0,0,0,True,,,,
1776723333,399958450,,12.219999313354492,0.0,0.0,0.0,0.0,1.7999999523162842,95.54999542236328,0,0,0,True,,,,
1776723333,450019387,,12.219999313354492,0.0,0.0,0.0,0.0,1.7999999523162842,95.54999542236328,0,0,0,True,,,,
1776723333,499918902,,12.199999809265137,0.0,0.0,0.0,0.0,1.7999999523162842,94.43999481201172,0,0,0,True,,,,
1776723333,549974913,,12.199999809265137,0.0,0.0,0.0,0.0,1.7999999523162842,94.43999481201172,0,0,0,True,,,,
1776723333,600008185,,12.219999313354492,0.0,0.0,0.0,0.0,1.7999999523162842,95.54999542236328,0,0,0,True,,,,
1776723333,649992309,,12.199999809265137,0.0,0.0,0.0,0.0,1.7999999523162842,94.43999481201172,0,0,0,True,,,,
1776723333,699954118,,12.219999313354492,0.0,0.0,0.0,0.0,1.7999999523162842,95.54999542236328,0,0,0,True,,,,
1776723333,749971630,,12.219999313354492,0.0,0.0,0.0,0.0,1.7999999523162842,95.54999542236328,0,0,0,True,,,,
1776723333,799943699,,12.219999313354492,0.0,0.0,0.0,0.0,1.7999999523162842,95.54999542236328,0,0,0,True,,,,
1776723333,849929064,,12.219999313354492,0.0,0.0,0.0,0.0,1.7999999523162842,95.54999542236328,0,0,0,True,,,,
1776723333,899951094,,12.219999313354492,0.0,0.0,0.0,0.0,1.7999999523162842,95.54999542236328,0,0,0,True,,,,
1776723333,949968866,,12.219999313354492,0.0,0.0,0.0,0.0,1.7999999523162842,95.54999542236328,0,0,0,True,,,,
1776723333,999945435,,12.219999313354492,0.0,0.0,0.0,0.0,1.7999999523162842,95.54999542236328,0,0,0,True,,,,
1776723334,49913114,,12.219999313354492,0.0,0.0,0.0,0.0,1.7999999523162842,95.54999542236328,0,0,0,True,,,,
1776723334,99942997,,12.219999313354492,0.0,0.0,0.0,0.0,1.7999999523162842,95.54999542236328,0,0,0,True,,,,
1776723334,149949602,,12.219999313354492,0.0,0.0,0.0,0.0,1.7999999523162842,95.54999542236328,0,0,0,True,,,,
1776723334,199988503,,12.219999313354492,0.0,0.0,0.0,0.0,1.7999999523162842,95.54999542236328,0,0,0,True,,,,
1776723334,249946571,,12.219999313354492,0.0,0.0,0.0,0.0,1.7999999523162842,95.54999542236328,0,0,0,True,,,,
1776723334,300037138,,12.219999313354492,0.0,0.0,0.0,0.0,1.7999999523162842,95.54999542236328,0,0,0,True,,,,
1776723334,349963022,,12.219999313354492,0.0,0.0,0.0,0.0,1.7999999523162842,95.54999542236328,0,0,0,True,,,,
1776723334,400037348,,12.219999313354492,0.0,0.0,0.0,0.0,1.7999999523162842,95.54999542236328,0,0,0,True,,,,
1776723334,449944900,,12.219999313354492,0.0,0.0,0.0,0.0,1.7999999523162842,95.54999542236328,0,0,0,True,,,,
1776723334,499967449,,12.219999313354492,0.0,0.0,0.0,0.0,1.7999999523162842,95.54999542236328,0,0,0,True,,,,
1776723334,549948980,,12.219999313354492,0.0,0.0,0.0,0.0,1.7999999523162842,95.54999542236328,0,0,0,True,,,,
1776723334,599906827,,12.199999809265137,0.0,0.0,0.0,0.0,1.7999999523162842,94.43999481201172,0,0,0,True,,,,
1776723334,649960376,,12.219999313354492,0.0,0.0,0.0,0.0,1.7999999523162842,95.54999542236328,0,0,0,True,,,,
1776723334,699895556,,12.219999313354492,0.0,0.0,0.0,0.0,1.7999999523162842,95.54999542236328,0,0,0,True,,,,
1776723334,749974030,,12.219999313354492,0.0,0.0,0.0,0.0,1.7999999523162842,95.54999542236328,0,0,0,True,,,,
1776723334,799945191,,12.219999313354492,0.0,0.0,0.0,0.0,1.7999999523162842,95.54999542236328,0,0,0,True,,,,
1776723334,850017925,,12.219999313354492,0.0,0.0,0.0,0.0,1.7999999523162842,95.54999542236328,0,0,0,True,,,,
1776723334,899919606,,12.199999809265137,0.0,0.0,0.0,0.0,1.7999999523162842,94.43999481201172,0,0,0,True,,,,
1776723334,949925711,,12.239999771118164,0.0,0.0,0.0,0.0,1.7999999523162842,96.65999603271484,0,0,0,True,,,,
1776723334,999944057,,12.219999313354492,0.0,0.0,0.0,0.0,1.7999999523162842,95.54999542236328,0,0,0,True,,,,
1776723335,49956402,,12.219999313354492,0.0,0.0,0.0,0.0,1.7999999523162842,95.54999542236328,0,0,0,True,,,,
1776723335,99917545,,12.219999313354492,0.0,0.0,0.0,0.0,1.7999999523162842,95.54999542236328,0,0,0,True,,,,
1776723335,149932465,,12.239999771118164,0.0,0.0,0.0,0.0,1.7999999523162842,96.65999603271484,0,0,0,True,,,,
1776723335,199922959,,12.239999771118164,0.0,0.0,0.0,0.0,1.7999999523162842,96.65999603271484,0,0,0,True,,,,
1776723335,249930064,,12.239999771118164,0.0,0.0,0.0,0.0,1.7999999523162842,96.65999603271484,0,0,0,True,,,,
1776723335,299913521,,12.219999313354492,0.0,0.0,0.0,0.0,1.7999999523162842,95.54999542236328,0,0,0,True,,,,
1776723335,350027014,,12.239999771118164,0.0,0.0,0.0,0.0,1.7999999523162842,96.65999603271484,0,0,0,True,,,,
1776723335,399913010,,12.239999771118164,0.0,0.0,0.0,0.0,1.7999999523162842,96.65999603271484,0,0,0,True,,,,
1776723335,449916374,,12.219999313354492,0.0,0.0,0.0,0.0,1.7999999523162842,95.54999542236328,0,0,0,True,,,,
1776723335,499893572,,12.219999313354492,0.0,0.0,0.0,0.0,1.7999999523162842,95.54999542236328,0,0,0,True,,,,
1776723335,549938528,,12.239999771118164,0.0,0.0,0.0,0.0,1.7999999523162842,96.65999603271484,0,0,0,True,,,,
1776723335,599962003,,12.219999313354492,0.0,0.0,0.0,0.0,1.7999999523162842,95.54999542236328,0,0,0,True,,,,
1776723335,649886925,,12.219999313354492,0.0,0.0,0.0,0.0,1.7999999523162842,95.54999542236328,0,0,0,True,,,,
1776723335,699980639,,12.219999313354492,0.0,0.0,0.0,0.0,1.7999999523162842,95.54999542236328,0,0,0,True,,,,
1776723335,749925097,,12.219999313354492,0.0,0.0,0.0,0.0,1.7999999523162842,95.54999542236328,0,0,0,True,,,,
1776723335,799900944,,12.219999313354492,0.0,0.0,0.0,0.0,1.7999999523162842,95.54999542236328,0,0,0,True,,,,
1776723335,849891345,,12.239999771118164,0.0,0.0,0.0,0.0,1.7999999523162842,96.65999603271484,0,0,0,True,,,,
1776723335,899912691,,12.239999771118164,0.0,0.0,0.0,0.0,1.7999999523162842,96.65999603271484,0,0,0,True,,,,
1776723335,949912000,,12.239999771118164,0.0,0.0,0.0,0.0,1.7999999523162842,96.65999603271484,0,0,0,True,,,,
1776723335,999953364,,12.239999771118164,0.0,0.0,0.0,0.0,1.7999999523162842,96.65999603271484,0,0,0,True,,,,
1776723336,49959950,,12.219999313354492,0.0,0.0,0.0,0.0,1.7999999523162842,95.54999542236328,0,0,0,True,,,,
1776723336,99910149,,12.239999771118164,0.0,0.0,0.0,0.0,1.7999999523162842,96.65999603271484,0,0,0,True,,,,
1776723336,149919735,,12.219999313354492,0.0,0.0,0.0,0.0,1.7999999523162842,95.54999542236328,0,0,0,True,,,,
1776723336,199902230,,12.219999313354492,0.0,0.0,0.0,0.0,1.7999999523162842,95.54999542236328,0,0,0,True,,,,
1776723336,249922557,,12.239999771118164,0.0,0.0,0.0,0.0,1.7999999523162842,96.65999603271484,0,0,0,True,,,,
1776723336,299887996,,12.219999313354492,0.0,0.0,0.0,0.0,1.7999999523162842,95.54999542236328,0,0,0,True,,,,
1776723336,349951637,,12.219999313354492,0.0,0.0,0.0,0.0,1.7999999523162842,95.54999542236328,0,0,0,True,,,,
1776723336,399948390,,12.219999313354492,0.0,0.0,0.0,0.0,1.7999999523162842,95.54999542236328,0,0,0,True,,,,
1776723336,449954051,,12.219999313354492,0.0,0.0,0.0,0.0,1.7999999523162842,95.54999542236328,0,0,0,True,,,,
1776723336,499962193,,12.239999771118164,0.0,0.0,0.0,0.0,1.7999999523162842,96.65999603271484,0,0,0,True,,,,
1776723336,549926169,,12.219999313354492,0.0,0.0,0.0,0.0,1.7999999523162842,95.54999542236328,0,0,0,True,,,,
1776723336,599942848,,12.239999771118164,0.0,0.0,0.0,0.0,1.7999999523162842,96.65999603271484,0,0,0,True,,,,
1776723336,649904287,,12.219999313354492,0.0,0.0,0.0,0.0,1.7999999523162842,95.54999542236328,0,0,0,True,,,,
1776723336,699922225,,12.219999313354492,0.0,0.0,0.0,0.0,1.7999999523162842,95.54999542236328,0,0,0,True,,,,
1776723336,749880220,,12.219999313354492,0.0,0.0,0.0,0.0,1.7999999523162842,95.54999542236328,0,0,0,True,,,,
1776723336,799919047,,12.239999771118164,0.0,0.0,0.0,0.0,1.7999999523162842,96.65999603271484,0,0,0,True,,,,
1776723336,849914004,,12.219999313354492,0.0,0.0,0.0,0.0,1.7999999523162842,95.54999542236328,0,0,0,True,,,,
1776723336,899933961,,12.219999313354492,0.0,0.0,0.0,0.0,1.7999999523162842,95.54999542236328,0,0,0,True,,,,
1776723336,949923473,,12.239999771118164,0.0,0.0,0.0,0.0,1.7999999523162842,96.65999603271484,0,0,0,True,,,,
1776723336,999913171,,12.219999313354492,0.0,0.0,0.0,0.0,1.7999999523162842,95.54999542236328,0,0,0,True,,,,
1776723337,49891851,,12.219999313354492,0.0,0.0,0.0,0.0,1.7999999523162842,95.54999542236328,0,0,0,True,,,,
1776723337,99878586,,12.239999771118164,0.0,0.0,0.0,0.0,1.7999999523162842,96.65999603271484,0,0,0,True,,,,
1776723337,149953523,,12.239999771118164,0.0,0.0,0.0,0.0,1.7999999523162842,96.65999603271484,0,0,0,True,,,,
1776723337,199908925,,12.219999313354492,0.0,0.0,0.0,0.0,1.7999999523162842,95.54999542236328,0,0,0,True,,,,
1776723337,249877105,,12.219999313354492,0.0,0.0,0.0,0.0,1.7999999523162842,95.54999542236328,0,0,0,True,,,,
1776723337,299969264,,12.219999313354492,0.0,0.0,0.0,0.0,1.7999999523162842,95.54999542236328,0,0,0,True,,,,
1776723337,349875390,,12.219999313354492,0.0,0.0,0.0,0.0,1.7999999523162842,95.54999542236328,0,0,0,True,,,,
1776723337,399958401,,12.239999771118164,0.0,0.0,0.0,0.0,1.7999999523162842,96.65999603271484,0,0,0,True,,,,
1776723337,449867156,,12.219999313354492,0.0,0.0,0.0,0.0,1.7999999523162842,95.54999542236328,0,0,0,True,,,,
1776723337,499876501,,12.199999809265137,0.0,0.0,0.0,0.0,1.7999999523162842,94.43999481201172,0,0,0,True,,,,
1776723337,549882347,,12.219999313354492,0.0,0.0,0.0,0.0,1.7999999523162842,95.54999542236328,0,0,0,True,,,,
1776723337,599928007,,12.239999771118164,0.0,0.0,0.0,0.0,1.7999999523162842,96.65999603271484,0,0,0,True,,,,
1776723337,649967501,,12.219999313354492,0.0,0.0,0.0,0.0,1.7999999523162842,95.54999542236328,0,0,0,True,,,,
1776723337,699993031,,12.219999313354492,0.0,0.0,0.0,0.0,1.7999999523162842,95.54999542236328,0,0,0,True,,,,
1776723337,749914804,,12.219999313354492,0.0,0.0,0.0,0.0,1.7999999523162842,95.54999542236328,0,0,0,True,,,,
1776723337,799947779,,12.219999313354492,0.0,0.0,0.0,0.0,1.7999999523162842,95.54999542236328,0,0,0,True,,,,
1776723337,849915367,,12.239999771118164,0.0,0.0,0.0,0.0,1.7999999523162842,96.65999603271484,0,0,0,True,,,,
1776723337,899925138,,12.219999313354492,0.0,0.0,0.0,0.0,1.7999999523162842,95.54999542236328,0,0,0,True,,,,
1776723337,949936021,,12.239999771118164,0.0,0.0,0.0,0.0,1.7999999523162842,96.65999603271484,0,0,0,True,,,,
1776723337,999891683,,12.219999313354492,0.0,0.0,0.0,0.0,1.7999999523162842,95.54999542236328,0,0,0,True,,,,
1776723338,49883158,,12.219999313354492,0.0,0.0,0.0,0.0,1.7999999523162842,95.54999542236328,0,0,0,True,,,,
1776723338,99882949,,12.219999313354492,0.0,0.0,0.0,0.0,1.7999999523162842,95.54999542236328,0,0,0,True,,,,
1776723338,149858536,,12.219999313354492,0.0,0.0,0.0,0.0,1.7999999523162842,95.54999542236328,0,0,0,True,,,,
1776723338,199898622,,12.219999313354492,0.0,0.0,0.0,0.0,1.7999999523162842,95.54999542236328,0,0,0,True,,,,
1776723338,249867357,,12.219999313354492,0.0,0.0,0.0,0.0,1.7999999523162842,95.54999542236328,0,0,0,True,,,,
1776723338,299903276,,12.219999313354492,0.0,0.0,0.0,0.0,1.7999999523162842,95.54999542236328,0,0,0,True,,,,
1776723338,349879197,,12.219999313354492,0.0,0.0,0.0,0.0,1.7999999523162842,95.54999542236328,0,0,0,True,,,,
1776723338,399900690,,12.239999771118164,0.0,0.0,0.0,0.0,1.7999999523162842,96.65999603271484,0,0,0,True,,,,
1776723338,449896999,,12.239999771118164,0.0,0.0,0.0,0.0,1.7999999523162842,96.65999603271484,0,0,0,True,,,,
1776723338,499877660,,12.239999771118164,0.0,0.0,0.0,0.0,1.7999999523162842,96.65999603271484,0,0,0,True,,,,
1776723338,549848933,,12.219999313354492,0.0,0.0,0.0,0.0,1.7999999523162842,95.54999542236328,0,0,0,True,,,,
1776723338,599890204,,12.219999313354492,0.0,0.0,0.0,0.0,1.7999999523162842,95.54999542236328,0,0,0,True,,,,
1776723338,649839736,,12.239999771118164,0.0,0.0,0.0,0.0,1.7999999523162842,96.65999603271484,0,0,0,True,,,,
1776723338,699860915,,12.219999313354492,0.0,0.0,0.0,0.0,1.7999999523162842,95.54999542236328,0,0,0,True,,,,
1776723338,749870298,,12.219999313354492,0.0,0.0,0.0,0.0,1.7999999523162842,95.54999542236328,0,0,0,True,,,,
1776723338,799894162,,12.219999313354492,0.0,0.0,0.0,0.0,1.7999999523162842,95.54999542236328,0,0,0,True,,,,
1776723338,849863712,,12.219999313354492,0.0,0.0,0.0,0.0,1.7999999523162842,95.54999542236328,0,0,0,True,,,,
1776723338,899940167,,12.219999313354492,0.0,0.0,0.0,0.0,1.7999999523162842,95.54999542236328,0,0,0,True,,,,
1776723338,949888792,,12.219999313354492,0.0,0.0,0.0,0.0,1.7999999523162842,95.54999542236328,0,0,0,True,,,,
1776723338,999921804,,12.219999313354492,0.0,0.0,0.0,0.0,1.7999999523162842,95.54999542236328,0,0,0,True,,,,
1776723339,49920150,,12.219999313354492,0.0,0.0,0.0,0.0,1.7999999523162842,95.54999542236328,0,0,0,True,,,,
1776723339,99860256,,12.219999313354492,0.0,0.0,0.0,0.0,1.7999999523162842,95.54999542236328,0,0,0,True,,,,
1776723339,149901990,,12.219999313354492,0.0,0.0,0.0,0.0,1.7999999523162842,95.54999542236328,0,0,0,True,,,,
1776723339,199858392,,12.219999313354492,0.0,0.0,0.0,0.0,1.7999999523162842,95.54999542236328,0,0,0,True,,,,
1776723339,249867072,,12.219999313354492,0.0,0.0,0.0,0.0,1.7999999523162842,95.54999542236328,0,0,0,True,,,,
1776723339,299854418,,12.219999313354492,0.0,0.0,0.0,0.0,1.7999999523162842,95.54999542236328,0,0,0,True,,,,
1776723339,349835227,,12.219999313354492,0.0,0.0,0.0,0.0,1.7999999523162842,95.54999542236328,0,0,0,True,,,,
1776723339,399906109,,12.219999313354492,0.0,0.0,0.0,0.0,1.7999999523162842,95.54999542236328,0,0,0,True,,,,
1776723339,449949602,,12.219999313354492,0.0,0.0,0.0,0.0,1.7999999523162842,95.54999542236328,0,0,0,True,,,,
1776723339,499884949,,12.219999313354492,0.0,0.0,0.0,0.0,1.7999999523162842,95.54999542236328,0,0,0,True,,,,
1776723339,549866480,,12.219999313354492,0.0,0.0,0.0,0.0,1.7999999523162842,95.54999542236328,0,0,0,True,,,,
1776723339,599862363,,12.219999313354492,0.0,0.0,0.0,0.0,1.7999999523162842,95.54999542236328,0,0,0,True,,,,
1776723339,649858950,,12.219999313354492,0.0,0.0,0.0,0.0,1.7999999523162842,95.54999542236328,0,0,0,True,,,,
1776723339,699869166,,12.219999313354492,0.0,0.0,0.0,0.0,1.7999999523162842,95.54999542236328,0,0,0,True,,,,
1776723339,749858494,,12.219999313354492,0.0,0.0,0.0,0.0,1.7999999523162842,95.54999542236328,0,0,0,True,,,,
1776723339,799797693,,12.199999809265137,0.0,0.0,0.0,0.0,1.7999999523162842,94.43999481201172,0,0,0,True,,,,
1776723339,849852704,,12.219999313354492,0.0,0.0,0.0,0.0,1.7999999523162842,95.54999542236328,0,0,0,True,,,,
1776723339,899870698,,12.219999313354492,0.0,0.0,0.0,0.0,1.7999999523162842,95.54999542236328,0,0,0,True,,,,
1776723339,949838637,,12.199999809265137,0.0,0.0,0.0,0.0,1.7999999523162842,94.43999481201172,0,0,0,True,,,,
1776723339,999861483,,12.219999313354492,0.0,0.0,0.0,0.0,1.7999999523162842,95.54999542236328,0,0,0,True,,,,
1776723340,49918105,,12.199999809265137,0.0,0.0,0.0,0.0,1.7999999523162842,94.43999481201172,0,0,0,True,,,,
1776723340,99833138,,12.219999313354492,0.0,0.0,0.0,0.0,1.7999999523162842,95.54999542236328,0,0,0,True,,,,
1776723340,149826928,,12.239999771118164,0.0,0.0,0.0,0.0,1.7999999523162842,96.65999603271484,0,0,0,True,,,,
1776723340,199853348,,12.219999313354492,0.0,0.0,0.0,0.0,1.7999999523162842,95.54999542236328,0,0,0,True,,,,
1776723340,249837546,,12.199999809265137,0.0,0.0,0.0,0.0,1.7999999523162842,94.43999481201172,0,0,0,True,,,,
1776723340,299867854,,12.199999809265137,0.0,0.0,0.0,0.0,1.7999999523162842,94.43999481201172,0,0,0,True,,,,
1776723340,349858571,,12.199999809265137,0.0,0.0,0.0,0.0,1.7999999523162842,94.43999481201172,0,0,0,True,,,,
1776723340,399915193,,12.199999809265137,0.0,0.0,0.0,0.0,1.7999999523162842,94.43999481201172,0,0,0,True,,,,
1776723340,449841541,,12.219999313354492,0.0,0.0,0.0,0.0,1.7999999523162842,95.54999542236328,0,0,0,True,,,,
1776723340,499796406,,12.199999809265137,0.0,0.0,0.0,0.0,1.7999999523162842,94.43999481201172,0,0,0,True,,,,
1776723340,549813325,,12.199999809265137,0.0,0.0,0.0,0.0,1.7999999523162842,94.43999481201172,0,0,0,True,,,,
1776723340,599825338,,12.219999313354492,0.0,0.0,0.0,0.0,1.7999999523162842,95.54999542236328,0,0,0,True,,,,
1776723340,649825758,,12.219999313354492,0.0,0.0,0.0,0.0,1.7999999523162842,95.54999542236328,0,0,0,True,,,,
1776723340,699850714,,12.219999313354492,0.0,0.0,0.0,0.0,1.7999999523162842,95.54999542236328,0,0,0,True,,,,
1776723340,749826357,,12.199999809265137,0.0,0.0,0.0,0.0,1.7999999523162842,94.43999481201172,0,0,0,True,,,,
1776723340,799814777,,12.219999313354492,0.0,0.0,0.0,0.0,1.7999999523162842,95.54999542236328,0,0,0,True,,,,
1776723340,849848086,,12.199999809265137,0.0,0.0,0.0,0.0,1.7999999523162842,94.43999481201172,0,0,0,True,,,,
1776723340,899799969,,12.219999313354492,0.0,0.0,0.0,0.0,1.7999999523162842,95.54999542236328,0,0,0,True,,,,
1776723340,949886406,,12.199999809265137,0.0,0.0,0.0,0.0,1.7999999523162842,94.43999481201172,0,0,0,True,,,,
1776723340,999820531,,12.219999313354492,0.0,0.0,0.0,0.0,1.7999999523162842,95.54999542236328,0,0,0,True,,,,
1776723341,49845969,,12.199999809265137,0.0,0.0,0.0,0.0,1.7999999523162842,94.43999481201172,0,0,0,True,,,,
1776723341,99895499,,12.219999313354492,0.0,0.0,0.0,0.0,1.7999999523162842,95.54999542236328,0,0,0,True,,,,
1776723341,149833698,,12.219999313354492,0.0,0.0,0.0,0.0,1.7999999523162842,95.54999542236328,0,0,0,True,,,,
1776723341,199855748,,12.199999809265137,0.0,0.0,0.0,0.0,1.7999999523162842,94.43999481201172,0,0,0,True,,,,
1776723341,249808891,,12.199999809265137,0.0,0.0,0.0,0.0,1.7999999523162842,94.43999481201172,0,0,0,True,,,,
1776723341,299825366,,12.199999809265137,0.0,0.0,0.0,0.0,1.7999999523162842,94.43999481201172,0,0,0,True,,,,
1776723341,349836378,,12.199999809265137,0.0,0.0,0.0,0.0,1.7999999523162842,94.43999481201172,0,0,0,True,,,,
1776723341,399855039,,12.219999313354492,0.0,0.0,0.0,0.0,1.7999999523162842,95.54999542236328,0,0,0,True,,,,
1776723341,449892088,,12.219999313354492,0.0,0.0,0.0,0.0,1.7999999523162842,95.54999542236328,0,0,0,True,,,,
1776723341,499778935,,12.199999809265137,0.0,0.0,0.0,0.0,1.7999999523162842,94.43999481201172,0,0,0,True,,,,
1776723341,549785670,,12.199999809265137,0.0,0.0,0.0,0.0,1.7999999523162842,94.43999481201172,0,0,0,True,,,,
1776723341,599796034,,12.199999809265137,0.0,0.0,0.0,0.0,1.7999999523162842,94.43999481201172,0,0,0,True,,,,
1776723341,649792714,,12.199999809265137,0.0,0.0,0.0,0.0,1.7999999523162842,94.43999481201172,0,0,0,True,,,,
1776723341,699783949,,12.1899995803833,0.0,0.0,0.0,0.0,1.7999999523162842,93.87999725341797,0,0,0,True,,,,
1776723341,749781035,,12.199999809265137,0.0,0.0,0.0,0.0,1.7999999523162842,94.43999481201172,0,0,0,True,,,,
1776723341,799781696,,12.199999809265137,0.0,0.0,0.0,0.0,1.7999999523162842,94.43999481201172,0,0,0,True,,,,
1776723341,849796857,,12.199999809265137,0.0,0.0,0.0,0.0,1.7999999523162842,94.43999481201172,0,0,0,True,,,,
1776723341,899788888,,12.199999809265137,0.0,0.0,0.0,0.0,1.7999999523162842,94.43999481201172,0,0,0,True,,,,
1776723341,949860473,,12.199999809265137,0.0,0.0,0.0,0.0,1.7999999523162842,94.43999481201172,0,0,0,True,,,,
1776723341,999824190,,12.199999809265137,0.0,0.0,0.0,0.0,1.7999999523162842,94.43999481201172,0,0,0,True,,,,
1776723342,49854332,,12.219999313354492,0.0,0.0,0.0,0.0,1.7999999523162842,95.54999542236328,0,0,0,True,,,,
1776723342,99830271,,12.219999313354492,0.0,0.0,0.0,0.0,1.7999999523162842,95.54999542236328,0,0,0,True,,,,
1776723342,149800247,,12.219999313354492,0.0,0.0,0.0,0.0,1.7999999523162842,95.54999542236328,0,0,0,True,,,,
1776723342,199855129,,12.219999313354492,0.0,0.0,0.0,0.0,1.7999999523162842,95.54999542236328,0,0,0,True,,,,
1776723342,249779624,,12.219999313354492,0.0,0.0,0.0,0.0,1.7999999523162842,95.54999542236328,0,0,0,True,,,,
1776723342,299791136,,12.219999313354492,0.0,0.0,0.0,0.0,1.7999999523162842,95.54999542236328,0,0,0,True,,,,
1776723342,349779594,,12.219999313354492,0.0,0.0,0.0,0.0,1.7999999523162842,95.54999542236328,0,0,0,True,,,,
1776723342,399839439,,12.219999313354492,0.0,0.0,0.0,0.0,1.7999999523162842,95.54999542236328,0,0,0,True,,,,
1776723342,449847155,,12.199999809265137,0.0,0.0,0.0,0.0,1.7999999523162842,94.43999481201172,0,0,0,True,,,,
1776723342,499795613,,12.219999313354492,0.0,0.0,0.0,0.0,1.7999999523162842,95.54999542236328,0,0,0,True,,,,
1776723342,549784866,,12.199999809265137,0.0,0.0,0.0,0.0,1.7999999523162842,94.43999481201172,0,0,0,True,,,,
1776723342,599831378,,12.219999313354492,0.0,0.0,0.0,0.0,1.7999999523162842,95.54999542236328,0,0,0,True,,,,
1776723342,649798891,,12.219999313354492,0.0,0.0,0.0,0.0,1.7999999523162842,95.54999542236328,0,0,0,True,,,,
1776723342,699908624,,12.219999313354492,0.0,0.0,0.0,0.0,1.7999999523162842,95.54999542236328,0,0,0,True,,,,
1776723342,749812323,,12.219999313354492,0.0,0.0,0.0,0.0,1.7999999523162842,95.54999542236328,0,0,0,True,,,,
1776723342,799819854,,12.219999313354492,0.0,0.0,0.0,0.0,1.7999999523162842,95.54999542236328,0,0,0,True,,,,
1776723342,849826274,,12.199999809265137,0.0,0.0,0.0,0.0,1.7999999523162842,94.43999481201172,0,0,0,True,,,,
1776723342,899804398,,12.199999809265137,0.0,0.0,0.0,0.0,1.7999999523162842,94.43999481201172,0,0,0,True,,,,
1776723342,949860225,,12.219999313354492,0.0,0.0,0.0,0.0,1.7999999523162842,95.54999542236328,0,0,0,True,,,,
1776723342,999842034,,12.239999771118164,0.0,0.0,0.0,0.0,1.7999999523162842,96.65999603271484,0,0,0,True,,,,
1776723343,49845269,,12.219999313354492,0.0,0.0,0.0,0.0,1.7999999523162842,95.54999542236328,0,0,0,True,,,,
1776723343,99784134,,12.219999313354492,0.0,0.0,0.0,0.0,1.7999999523162842,95.54999542236328,0,0,0,True,,,,
1776723343,149904941,,12.219999313354492,0.0,0.0,0.0,0.0,1.7999999523162842,95.54999542236328,0,0,0,True,,,,
1776723343,199787104,,12.219999313354492,0.0,0.0,0.0,0.0,1.7999999523162842,95.54999542236328,0,0,0,True,,,,
1776723343,249823430,,12.219999313354492,0.0,0.0,0.0,0.0,1.7999999523162842,95.54999542236328,0,0,0,True,,,,
1776723343,299811036,,12.219999313354492,0.0,0.0,0.0,0.0,1.7999999523162842,95.54999542236328,0,0,0,True,,,,
1776723343,349787678,,12.219999313354492,0.0,0.0,0.0,0.0,1.7999999523162842,95.54999542236328,0,0,0,True,,,,
1776723343,399829357,,12.219999313354492,0.0,0.0,0.0,0.0,1.7999999523162842,95.54999542236328,0,0,0,True,,,,
1776723343,449795055,,12.219999313354492,0.0,0.0,0.0,0.0,1.7999999523162842,95.54999542236328,0,0,0,True,,,,
1776723343,499778068,,12.219999313354492,0.0,0.0,0.0,0.0,1.7999999523162842,95.54999542236328,0,0,0,True,,,,
1776723343,549785970,,12.219999313354492,0.0,0.0,0.0,0.0,1.7999999523162842,95.54999542236328,0,0,0,True,,,,
1776723343,599764649,,12.219999313354492,0.0,0.0,0.0,0.0,1.7999999523162842,95.54999542236328,0,0,0,True,,,,
1776723343,649754643,,12.219999313354492,0.0,0.0,0.0,0.0,1.7999999523162842,95.54999542236328,0,0,0,True,,,,
1776723343,699838710,,12.219999313354492,0.0,0.0,0.0,0.0,1.7999999523162842,95.54999542236328,0,0,0,True,,,,
1776723343,749810223,,12.239999771118164,0.0,0.0,0.0,0.0,1.7999999523162842,96.65999603271484,0,0,0,True,,,,
1776723343,799795495,,12.219999313354492,0.0,0.0,0.0,0.0,1.7999999523162842,95.54999542236328,0,0,0,True,,,,
1776723343,849781767,,12.239999771118164,0.0,0.0,0.0,0.0,1.7999999523162842,96.65999603271484,0,0,0,True,,,,
1776723343,899752206,,12.219999313354492,0.0,0.0,0.0,0.0,1.7999999523162842,95.54999542236328,0,0,0,True,,,,
1776723343,949757385,,12.219999313354492,0.0,0.0,0.0,0.0,1.7999999523162842,95.54999542236328,0,0,0,True,,,,
1776723343,999773453,,12.219999313354492,0.0,0.0,0.0,0.0,1.7999999523162842,95.54999542236328,0,0,0,True,,,,
1776723344,49789243,,12.219999313354492,0.0,0.0,0.0,0.0,1.7999999523162842,95.54999542236328,0,0,0,True,,,,
1776723344,99804089,,12.219999313354492,0.0,0.0,0.0,0.0,1.7999999523162842,95.54999542236328,0,0,0,True,,,,
1776723344,149799120,,12.219999313354492,0.0,0.0,0.0,0.0,1.7999999523162842,95.54999542236328,0,0,0,True,,,,
1776723344,199809225,,12.219999313354492,0.0,0.0,0.0,0.0,1.7999999523162842,95.54999542236328,0,0,0,True,,,,
1776723344,249784960,,12.219999313354492,0.0,0.0,0.0,0.0,1.7999999523162842,95.54999542236328,0,0,0,True,,,,
1776723344,299805232,,12.219999313354492,0.0,0.0,0.0,0.0,1.7999999523162842,95.54999542236328,0,0,0,True,,,,
1776723344,349779134,,12.219999313354492,0.0,0.0,0.0,0.0,1.7999999523162842,95.54999542236328,0,0,0,True,,,,
1776723344,399764406,,12.219999313354492,0.0,0.0,0.0,0.0,1.7999999523162842,95.54999542236328,0,0,0,True,,,,
1776723344,449792918,,12.219999313354492,0.0,0.0,0.0,0.0,1.7999999523162842,95.54999542236328,0,0,0,True,,,,
1776723344,499773487,,12.219999313354492,0.0,0.0,0.0,0.0,1.7999999523162842,95.54999542236328,0,0,0,True,,,,
1776723344,549768425,,12.219999313354492,0.0,0.0,0.0,0.0,1.7999999523162842,95.54999542236328,0,0,0,True,,,,
1776723344,599789900,,12.219999313354492,0.0,0.0,0.0,0.0,1.7999999523162842,95.54999542236328,0,0,0,True,,,,
1776723344,649744673,,12.219999313354492,0.0,0.0,0.0,0.0,1.7999999523162842,95.54999542236328,0,0,0,True,,,,
1776723344,699807499,,12.219999313354492,0.0,0.0,0.0,0.0,1.7999999523162842,95.54999542236328,0,0,0,True,,,,
1776723344,749767142,,12.219999313354492,0.0,0.0,0.0,0.0,1.7999999523162842,95.54999542236328,0,0,0,True,,,,
1776723344,799780766,,12.239999771118164,0.0,0.0,0.0,0.0,1.7999999523162842,96.65999603271484,0,0,0,True,,,,
1776723344,849730501,,12.219999313354492,0.0,0.0,0.0,0.0,1.7999999523162842,95.54999542236328,0,0,0,True,,,,
1776723344,899757439,,12.219999313354492,0.0,0.0,0.0,0.0,1.7999999523162842,95.54999542236328,0,0,0,True,,,,
1776723344,949767322,,12.219999313354492,0.0,0.0,0.0,0.0,1.7999999523162842,95.54999542236328,0,0,0,True,,,,
1776723344,999786538,,12.219999313354492,0.0,0.0,0.0,0.0,1.7999999523162842,95.54999542236328,0,0,0,True,,,,
1776723345,49829939,,12.219999313354492,0.0,0.0,0.0,0.0,1.7999999523162842,95.54999542236328,0,0,0,True,,,,
1776723345,99728990,,12.219999313354492,0.0,0.0,0.0,0.0,1.7999999523162842,95.54999542236328,0,0,0,True,,,,
1776723345,149764002,,12.219999313354492,0.0,0.0,0.0,0.0,1.7999999523162842,95.54999542236328,0,0,0,True,,,,
1776723345,199748219,,12.239999771118164,0.0,0.0,0.0,0.0,1.7999999523162842,96.65999603271484,0,0,0,True,,,,
1776723345,249772231,,12.219999313354492,0.0,0.0,0.0,0.0,1.7999999523162842,95.54999542236328,0,0,0,True,,,,
1776723345,299761744,,12.219999313354492,0.0,0.0,0.0,0.0,1.7999999523162842,95.54999542236328,0,0,0,True,,,,
1776723345,349758478,,12.219999313354492,0.0,0.0,0.0,0.0,1.7999999523162842,95.54999542236328,0,0,0,True,,,,
1776723345,399806879,,12.219999313354492,0.0,0.0,0.0,0.0,1.7999999523162842,95.54999542236328,0,0,0,True,,,,
1776723345,449786985,,12.219999313354492,0.0,0.0,0.0,0.0,1.7999999523162842,95.54999542236328,0,0,0,True,,,,
1776723345,499721054,,12.219999313354492,0.0,0.0,0.0,0.0,1.7999999523162842,95.54999542236328,0,0,0,True,,,,
1776723345,549765381,,12.219999313354492,0.0,0.0,0.0,0.0,1.7999999523162842,95.54999542236328,0,0,0,True,,,,
1776723345,599783615,,12.219999313354492,0.0,0.0,0.0,0.0,1.7999999523162842,95.54999542236328,0,0,0,True,,,,
1776723345,649738017,,12.219999313354492,0.0,0.0,0.0,0.0,1.7999999523162842,95.54999542236328,0,0,0,True,,,,
1776723345,699723771,,12.199999809265137,0.0,0.0,0.0,0.0,1.7999999523162842,94.43999481201172,0,0,0,True,,,,
1776723345,749752098,,12.219999313354492,0.0,0.0,0.0,0.0,1.7999999523162842,95.54999542236328,0,0,0,True,,,,
1776723345,799745147,,12.219999313354492,0.0,0.0,0.0,0.0,1.7999999523162842,95.54999542236328,0,0,0,True,,,,
1776723345,849732105,,12.219999313354492,0.0,0.0,0.0,0.0,1.7999999523162842,95.54999542236328,0,0,0,True,,,,
1776723345,899746506,,12.219999313354492,0.0,0.0,0.0,0.0,1.7999999523162842,95.54999542236328,0,0,0,True,,,,
1776723345,949718556,,12.239999771118164,0.0,0.0,0.0,0.0,1.7999999523162842,96.65999603271484,0,0,0,True,,,,
1776723345,999727828,,12.239999771118164,0.0,0.0,0.0,0.0,1.7999999523162842,96.65999603271484,0,0,0,True,,,,
1776723346,49765766,,12.219999313354492,0.0,0.0,0.0,0.0,1.7999999523162842,95.54999542236328,0,0,0,True,,,,
1776723346,99853036,,12.219999313354492,0.0,0.0,0.0,0.0,1.7999999523162842,95.54999542236328,0,0,0,True,,,,
1776723346,149714329,,12.219999313354492,0.0,0.0,0.0,0.0,1.7999999523162842,95.54999542236328,0,0,0,True,,,,
1776723346,199759359,,12.199999809265137,0.0,0.0,0.0,0.0,1.7999999523162842,94.43999481201172,0,0,0,True,,,,
1776723346,249705743,,12.219999313354492,0.0,0.0,0.0,0.0,1.7999999523162842,95.54999542236328,0,0,0,True,,,,
1776723346,299803106,,12.219999313354492,0.0,0.0,0.0,0.0,1.7999999523162842,95.54999542236328,0,0,0,True,,,,
1776723346,349717286,,12.219999313354492,0.0,0.0,0.0,0.0,1.7999999523162842,95.54999542236328,0,0,0,True,,,,
1776723346,399861722,,12.219999313354492,0.0,0.0,0.0,0.0,1.7999999523162842,95.54999542236328,0,0,0,True,,,,
1776723346,449734811,,12.219999313354492,0.0,0.0,0.0,0.0,1.7999999523162842,95.54999542236328,0,0,0,True,,,,
1776723346,499755305,,12.219999313354492,0.0,0.0,0.0,0.0,1.7999999523162842,95.54999542236328,0,0,0,True,,,,
1776723346,549717337,,12.219999313354492,0.0,0.0,0.0,0.0,1.7999999523162842,95.54999542236328,0,0,0,True,,,,
1776723346,599809366,,12.219999313354492,0.0,0.0,0.0,0.0,1.7999999523162842,95.54999542236328,0,0,0,True,,,,
1776723346,649735621,,12.239999771118164,0.0,0.0,0.0,0.0,1.7999999523162842,96.65999603271484,0,0,0,True,,,,
1776723346,699797429,,12.219999313354492,0.0,0.0,0.0,0.0,1.7999999523162842,95.54999542236328,0,0,0,True,,,,
1776723346,749722683,,12.239999771118164,0.0,0.0,0.0,0.0,1.7999999523162842,96.65999603271484,0,0,0,True,,,,
1776723346,799717140,,12.219999313354492,0.0,0.0,0.0,0.0,1.7999999523162842,95.54999542236328,0,0,0,True,,,,
1776723346,849711171,,12.239999771118164,0.0,0.0,0.0,0.0,1.7999999523162842,96.65999603271484,0,0,0,True,,,,
1776723346,899717869,,12.239999771118164,0.0,0.0,0.0,0.0,1.7999999523162842,96.65999603271484,0,0,0,True,,,,
1776723346,949729956,,12.219999313354492,0.0,0.0,0.0,0.0,1.7999999523162842,95.54999542236328,0,0,0,True,,,,
1776723346,999724061,,12.239999771118164,0.0,0.0,0.0,0.0,1.7999999523162842,96.65999603271484,0,0,0,True,,,,
1776723347,49752758,,12.239999771118164,0.0,0.0,0.0,0.0,1.7999999523162842,96.65999603271484,0,0,0,True,,,,
1776723347,99854973,,12.239999771118164,0.0,0.0,0.0,0.0,1.7999999523162842,96.65999603271484,0,0,0,True,,,,
1776723347,149715858,,12.239999771118164,0.0,0.0,0.0,0.0,1.7999999523162842,96.65999603271484,0,0,0,True,,,,
1776723347,199714371,,12.219999313354492,0.0,0.0,0.0,0.0,1.7999999523162842,95.54999542236328,0,0,0,True,,,,
1776723347,249736087,,12.239999771118164,0.0,0.0,0.0,0.0,1.7999999523162842,96.65999603271484,0,0,0,True,,,,
1776723347,299705433,,12.239999771118164,0.0,0.0,0.0,0.0,1.7999999523162842,96.65999603271484,0,0,0,True,,,,
1776723347,349753685,,12.239999771118164,0.0,0.0,0.0,0.0,1.7999999523162842,96.65999603271484,0,0,0,True,,,,
1776723347,399721162,,12.239999771118164,0.0,0.0,0.0,0.0,1.7999999523162842,96.65999603271484,0,0,0,True,,,,
1776723347,449730359,,12.219999313354492,0.0,0.0,0.0,0.0,1.7999999523162842,95.54999542236328,0,0,0,True,,,,
1776723347,499688039,,12.219999313354492,0.0,0.0,0.0,0.0,1.7999999523162842,95.54999542236328,0,0,0,True,,,,
1776723347,549726958,,12.219999313354492,0.0,0.0,0.0,0.0,1.7999999523162842,95.54999542236328,0,0,0,True,,,,
1776723347,599767507,,12.219999313354492,0.0,0.0,0.0,0.0,1.7999999523162842,95.54999542236328,0,0,0,True,,,,
1776723347,649713465,,12.239999771118164,0.0,0.0,0.0,0.0,1.7999999523162842,96.65999603271484,0,0,0,True,,,,
1776723347,699820235,,12.239999771118164,0.0,0.0,0.0,0.0,1.7999999523162842,96.65999603271484,0,0,0,True,,,,
1776723347,749765916,,12.219999313354492,0.0,0.0,0.0,0.0,1.7999999523162842,95.54999542236328,0,0,0,True,,,,
1776723347,799713096,,12.219999313354492,0.0,0.0,0.0,0.0,1.7999999523162842,95.54999542236328,0,0,0,True,,,,
1776723347,849728571,,12.239999771118164,0.0,0.0,0.0,0.0,1.7999999523162842,96.65999603271484,0,0,0,True,,,,
1776723347,899712991,,12.219999313354492,0.0,0.0,0.0,0.0,1.7999999523162842,95.54999542236328,0,0,0,True,,,,
1776723347,949698115,,12.219999313354492,0.0,0.0,0.0,0.0,1.7999999523162842,95.54999542236328,0,0,0,True,,,,
1776723347,999722924,,12.239999771118164,0.0,0.0,0.0,0.0,1.7999999523162842,96.65999603271484,0,0,0,True,,,,
1776723348,49867452,,12.219999313354492,0.0,0.0,0.0,0.0,1.7999999523162842,95.54999542236328,0,0,0,True,,,,
1776723348,99769133,,12.239999771118164,0.0,0.0,0.0,0.0,1.7999999523162842,96.65999603271484,0,0,0,True,,,,
1776723348,149699202,,12.219999313354492,0.0,0.0,0.0,0.0,1.7999999523162842,95.54999542236328,0,0,0,True,,,,
1776723348,199723715,,12.239999771118164,0.0,0.0,0.0,0.0,1.7999999523162842,96.65999603271484,0,0,0,True,,,,
1776723348,249703672,,12.239999771118164,0.0,0.0,0.0,0.0,1.7999999523162842,96.65999603271484,0,0,0,True,,,,
1776723348,299677889,,12.239999771118164,0.0,0.0,0.0,0.0,1.7999999523162842,96.65999603271484,0,0,0,True,,,,
1776723348,349713271,,12.239999771118164,0.0,0.0,0.0,0.0,1.7999999523162842,96.65999603271484,0,0,0,True,,,,
1776723348,399747227,,12.219999313354492,0.0,0.0,0.0,0.0,1.7999999523162842,95.54999542236328,0,0,0,True,,,,
1776723348,449743629,,12.219999313354492,0.0,0.0,0.0,0.0,1.7999999523162842,95.54999542236328,0,0,0,True,,,,
1776723348,499747364,,12.239999771118164,0.0,0.0,0.0,0.0,1.7999999523162842,96.65999603271484,0,0,0,True,,,,
1776723348,549724451,,12.239999771118164,0.0,0.0,0.0,0.0,1.7999999523162842,96.65999603271484,0,0,0,True,,,,
1776723348,599750963,,12.219999313354492,0.0,0.0,0.0,0.0,1.7999999523162842,95.54999542236328,0,0,0,True,,,,
1776723348,649637681,,12.219999313354492,0.0,0.0,0.0,0.0,1.7999999523162842,95.54999542236328,0,0,0,True,,,,
1776723348,699707100,,12.219999313354492,0.0,0.0,0.0,0.0,1.7999999523162842,95.54999542236328,0,0,0,True,,,,
1776723348,749693576,,12.219999313354492,0.0,0.0,0.0,0.0,1.7999999523162842,95.54999542236328,0,0,0,True,,,,
1776723348,799719588,,12.219999313354492,0.0,0.0,0.0,0.0,1.7999999523162842,95.54999542236328,0,0,0,True,,,,
1776723348,849705027,,12.219999313354492,0.0,0.0,0.0,0.0,1.7999999523162842,95.54999542236328,0,0,0,True,,,,
1776723348,899667595,,12.239999771118164,0.0,0.0,0.0,0.0,1.7999999523162842,96.65999603271484,0,0,0,True,,,,
1776723348,949689552,,12.219999313354492,0.0,0.0,0.0,0.0,1.7999999523162842,95.54999542236328,0,0,0,True,,,,
1776723348,999713990,,12.239999771118164,0.0,0.0,0.0,0.0,1.7999999523162842,96.65999603271484,0,0,0,True,,,,
1776723349,49718632,,12.219999313354492,0.0,0.0,0.0,0.0,1.7999999523162842,95.54999542236328,0,0,0,True,,,,
1776723349,99681979,,12.239999771118164,0.0,0.0,0.0,0.0,1.7999999523162842,96.65999603271484,0,0,0,True,,,,
1776723349,149694917,,12.219999313354492,0.0,0.0,0.0,0.0,1.7999999523162842,95.54999542236328,0,0,0,True,,,,
1776723349,199681337,,12.219999313354492,0.0,0.0,0.0,0.0,1.7999999523162842,95.54999542236328,0,0,0,True,,,,
1776723349,249661313,,12.239999771118164,0.0,0.0,0.0,0.0,1.7999999523162842,96.65999603271484,0,0,0,True,,,,
1776723349,299657381,,12.239999771118164,0.0,0.0,0.0,0.0,1.7999999523162842,96.65999603271484,0,0,0,True,,,,
1776723349,349720560,,12.219999313354492,0.0,0.0,0.0,0.0,1.7999999523162842,95.54999542236328,0,0,0,True,,,,
1776723349,399756849,,12.219999313354492,0.0,0.0,0.0,0.0,1.7999999523162842,95.54999542236328,0,0,0,True,,,,
1776723349,449659160,,12.239999771118164,0.0,0.0,0.0,0.0,1.7999999523162842,96.65999603271484,0,0,0,True,,,,
1776723349,499684691,,12.219999313354492,0.0,0.0,0.0,0.0,1.7999999523162842,95.54999542236328,0,0,0,True,,,,
1776723349,549730202,,12.219999313354492,0.0,0.0,0.0,0.0,1.7999999523162842,95.54999542236328,0,0,0,True,,,,
1776723349,599672531,,12.219999313354492,0.0,0.0,0.0,0.0,1.7999999523162842,95.54999542236328,0,0,0,True,,,,
1776723349,649722839,,12.219999313354492,0.0,0.0,0.0,0.0,1.7999999523162842,95.54999542236328,0,0,0,True,,,,
1776723349,699706926,,12.239999771118164,0.0,0.0,0.0,0.0,1.7999999523162842,96.65999603271484,0,0,0,True,,,,
1776723349,749704901,,12.219999313354492,0.0,0.0,0.0,0.0,1.7999999523162842,95.54999542236328,0,0,0,True,,,,
1776723349,799651285,,12.219999313354492,0.0,0.0,0.0,0.0,1.7999999523162842,95.54999542236328,0,0,0,True,,,,
1776723349,849682390,,12.25999927520752,0.0,0.0,0.0,0.0,1.7999999523162842,97.7699966430664,0,0,0,True,,,,
1776723349,899639033,,12.239999771118164,0.0,0.0,0.0,0.0,1.7999999523162842,96.65999603271484,0,0,0,True,,,,
1776723349,949674378,,12.239999771118164,0.0,0.0,0.0,0.0,1.7999999523162842,96.65999603271484,0,0,0,True,,,,
1776723349,999689668,,12.239999771118164,0.0,0.0,0.0,0.0,1.7999999523162842,96.65999603271484,0,0,0,True,,,,
1776723350,49647774,,12.239999771118164,0.0,0.0,0.0,0.0,1.7999999523162842,96.65999603271484,0,0,0,True,,,,
1776723350,99703563,,12.219999313354492,0.0,0.0,0.0,0.0,1.7999999523162842,95.54999542236328,0,0,0,True,,,,
1776723350,149650595,,12.219999313354492,0.0,0.0,0.0,0.0,1.7999999523162842,95.54999542236328,0,0,0,True,,,,
1776723350,199668589,,12.219999313354492,0.0,0.0,0.0,0.0,1.7999999523162842,95.54999542236328,0,0,0,True,,,,
1776723350,249660657,,12.239999771118164,0.0,0.0,0.0,0.0,1.7999999523162842,96.65999603271484,0,0,0,True,,,,
1776723350,299636596,,12.239999771118164,0.0,0.0,0.0,0.0,1.7999999523162842,96.65999603271484,0,0,0,True,,,,
1776723350,349671219,,12.239999771118164,0.0,0.0,0.0,0.0,1.7999999523162842,96.65999603271484,0,0,0,True,,,,
1776723350,399670954,,12.239999771118164,0.0,0.0,0.0,0.0,1.7999999523162842,96.65999603271484,0,0,0,True,,,,
1776723350,449669726,,12.239999771118164,0.0,0.0,0.0,0.0,1.7999999523162842,96.65999603271484,0,0,0,True,,,,
1776723350,499678405,,12.219999313354492,0.0,0.0,0.0,0.0,1.7999999523162842,95.54999542236328,0,0,0,True,,,,
1776723350,549679788,,12.239999771118164,0.0,0.0,0.0,0.0,1.7999999523162842,96.65999603271484,0,0,0,True,,,,
1776723350,599692356,,12.239999771118164,0.0,0.0,0.0,0.0,1.7999999523162842,96.65999603271484,0,0,0,True,,,,
1776723350,649690350,,12.239999771118164,0.0,0.0,0.0,0.0,1.7999999523162842,96.65999603271484,0,0,0,True,,,,
1776723350,699827712,,12.219999313354492,0.0,0.0,0.0,0.0,1.7999999523162842,95.54999542236328,0,0,0,True,,,,
1776723350,749660098,,12.219999313354492,0.0,0.0,0.0,0.0,1.7999999523162842,95.54999542236328,0,0,0,True,,,,
1776723350,799672888,,12.219999313354492,0.0,0.0,0.0,0.0,1.7999999523162842,95.54999542236328,0,0,0,True,,,,
1776723350,849634364,,12.239999771118164,0.0,0.0,0.0,0.0,1.7999999523162842,96.65999603271484,0,0,0,True,,,,
1776723350,899663265,,12.239999771118164,0.0,0.0,0.0,0.0,1.7999999523162842,96.65999603271484,0,0,0,True,,,,
1776723350,949651797,,12.219999313354492,0.0,0.0,0.0,0.0,1.7999999523162842,95.54999542236328,0,0,0,True,,,,
1776723350,999662772,,12.219999313354492,0.0,0.0,0.0,0.0,1.7999999523162842,95.54999542236328,0,0,0,True,,,,
1776723351,49695432,,12.239999771118164,0.0,0.0,0.0,0.0,1.7999999523162842,96.65999603271484,0,0,0,True,,,,
1776723351,99619298,,12.239999771118164,0.0,0.0,0.0,0.0,1.7999999523162842,96.65999603271484,0,0,0,True,,,,
1776723351,149639051,,12.219999313354492,0.0,0.0,0.0,0.0,1.7999999523162842,95.54999542236328,0,0,0,True,,,,
1776723351,199699951,,12.219999313354492,0.0,0.0,0.0,0.0,1.7999999523162842,95.54999542236328,0,0,0,True,,,,
1776723351,249636965,,12.219999313354492,0.0,0.0,0.0,0.0,1.7999999523162842,95.54999542236328,0,0,0,True,,,,
1776723351,299657422,,12.239999771118164,0.0,0.0,0.0,0.0,1.7999999523162842,96.65999603271484,0,0,0,True,,,,
1776723351,349668064,,12.219999313354492,0.0,0.0,0.0,0.0,1.7999999523162842,95.54999542236328,0,0,0,True,,,,
1776723351,399677984,,12.219999313354492,0.0,0.0,0.0,0.0,1.7999999523162842,95.54999542236328,0,0,0,True,,,,
1776723351,449708718,,12.219999313354492,0.0,0.0,0.0,0.0,1.7999999523162842,95.54999542236328,0,0,0,True,,,,
1776723351,499624732,,12.219999313354492,0.0,0.0,0.0,0.0,1.7999999523162842,95.54999542236328,0,0,0,True,,,,
1776723351,549636892,,12.219999313354492,0.0,0.0,0.0,0.0,1.7999999523162842,95.54999542236328,0,0,0,True,,,,
1776723351,599605776,,12.219999313354492,0.0,0.0,0.0,0.0,1.7999999523162842,95.54999542236328,0,0,0,True,,,,
1776723351,649602603,,12.219999313354492,0.0,0.0,0.0,0.0,1.7999999523162842,95.54999542236328,0,0,0,True,,,,
1776723351,699635023,,12.219999313354492,0.0,0.0,0.0,0.0,1.7999999523162842,95.54999542236328,0,0,0,True,,,,
1776723351,749601980,,12.199999809265137,0.0,0.0,0.0,0.0,1.7999999523162842,94.43999481201172,0,0,0,True,,,,
1776723351,799597697,,12.199999809265137,0.0,0.0,0.0,0.0,1.7999999523162842,94.43999481201172,0,0,0,True,,,,
1776723351,849632153,,12.219999313354492,0.0,0.0,0.0,0.0,1.7999999523162842,95.54999542236328,0,0,0,True,,,,
1776723351,899623814,,12.219999313354492,0.0,0.0,0.0,0.0,1.7999999523162842,95.54999542236328,0,0,0,True,,,,
1776723351,949673918,,12.219999313354492,0.0,0.0,0.0,0.0,1.7999999523162842,95.54999542236328,0,0,0,True,,,,
1776723351,999646079,,12.219999313354492,0.0,0.0,0.0,0.0,1.7999999523162842,95.54999542236328,0,0,0,True,,,,
1776723352,49653018,,12.239999771118164,0.0,0.0,0.0,0.0,1.7999999523162842,96.65999603271484,0,0,0,True,,,,
1776723352,99783195,,12.239999771118164,0.0,0.0,0.0,0.0,1.7999999523162842,96.65999603271484,0,0,0,True,,,,
1776723352,149633580,,12.219999313354492,0.0,0.0,0.0,0.0,1.7999999523162842,95.54999542236328,0,0,0,True,,,,
1776723352,199659037,,12.219999313354492,0.0,0.0,0.0,0.0,1.7999999523162842,95.54999542236328,0,0,0,True,,,,
1776723352,249627902,,12.239999771118164,0.0,0.0,0.0,0.0,1.7999999523162842,96.65999603271484,0,0,0,True,,,,
1776723352,299613433,,12.239999771118164,0.0,0.0,0.0,0.0,1.7999999523162842,96.65999603271484,0,0,0,True,,,,
1776723352,349697259,,12.239999771118164,0.0,0.0,0.0,0.0,1.7999999523162842,96.65999603271484,0,0,0,True,,,,
1776723352,399781307,,12.219999313354492,0.0,0.0,0.0,0.0,1.7999999523162842,95.54999542236328,0,0,0,True,,,,
1776723352,449646415,,12.239999771118164,0.0,0.0,0.0,0.0,1.7999999523162842,96.65999603271484,0,0,0,True,,,,
1776723352,499659409,,12.239999771118164,0.0,0.0,0.0,0.0,1.7999999523162842,96.65999603271484,0,0,0,True,,,,
1776723352,549650347,,12.219999313354492,0.0,0.0,0.0,0.0,1.7999999523162842,95.54999542236328,0,0,0,True,,,,
1776723352,599673619,,12.239999771118164,0.0,0.0,0.0,0.0,1.7999999523162842,96.65999603271484,0,0,0,True,,,,
1776723352,649621892,,12.239999771118164,0.0,0.0,0.0,0.0,1.7999999523162842,96.65999603271484,0,0,0,True,,,,
1776723352,699750920,,12.219999313354492,0.0,0.0,0.0,0.0,1.7999999523162842,95.54999542236328,0,0,0,True,,,,
1776723352,749627194,,12.219999313354492,0.0,0.0,0.0,0.0,1.7999999523162842,95.54999542236328,0,0,0,True,,,,
1776723352,799676484,,12.219999313354492,0.0,0.0,0.0,0.0,1.7999999523162842,95.54999542236328,0,0,0,True,,,,
1776723352,849618090,,12.239999771118164,0.0,0.0,0.0,0.0,1.7999999523162842,96.65999603271484,0,0,0,True,,,,
1776723352,899646269,,12.219999313354492,0.0,0.0,0.0,0.0,1.7999999523162842,95.54999542236328,0,0,0,True,,,,
1776723352,949609338,,12.219999313354492,0.0,0.0,0.0,0.0,1.7999999523162842,95.54999542236328,0,0,0,True,,,,
1776723352,999642350,,12.219999313354492,0.0,0.0,0.0,0.0,1.7999999523162842,95.54999542236328,0,0,0,True,,,,
1776723353,49674639,,12.219999313354492,0.0,0.0,0.0,0.0,1.7999999523162842,95.54999542236328,0,0,0,True,,,,
1776723353,99602653,,12.239999771118164,0.0,0.0,0.0,0.0,1.7999999523162842,96.65999603271484,0,0,0,True,,,,
1776723353,149613666,,12.219999313354492,0.0,0.0,0.0,0.0,1.7999999523162842,95.54999542236328,0,0,0,True,,,,
1776723353,199655900,,12.219999313354492,0.0,0.0,0.0,0.0,1.7999999523162842,95.54999542236328,0,0,0,True,,,,
1776723353,249728485,,12.239999771118164,0.0,0.0,0.0,0.0,1.7999999523162842,96.65999603271484,0,0,0,True,,,,
1776723353,299660610,,12.239999771118164,0.0,0.0,0.0,0.0,1.7999999523162842,96.65999603271484,0,0,0,True,,,,
1776723353,349607994,,12.219999313354492,0.0,0.0,0.0,0.0,1.7999999523162842,95.54999542236328,0,0,0,True,,,,
1776723353,399626265,,12.219999313354492,0.0,0.0,0.0,0.0,1.7999999523162842,95.54999542236328,0,0,0,True,,,,
1776723353,449626796,,12.239999771118164,0.0,0.0,0.0,0.0,1.7999999523162842,96.65999603271484,0,0,0,True,,,,
1776723353,499611994,,12.219999313354492,0.0,0.0,0.0,0.0,1.7999999523162842,95.54999542236328,0,0,0,True,,,,
1776723353,549583859,,12.219999313354492,0.0,0.0,0.0,0.0,1.7999999523162842,95.54999542236328,0,0,0,True,,,,
1776723353,599630649,,12.239999771118164,0.0,0.0,0.0,0.0,1.7999999523162842,96.65999603271484,0,0,0,True,,,,
1776723353,649574625,,12.219999313354492,0.0,0.0,0.0,0.0,1.7999999523162842,95.54999542236328,0,0,0,True,,,,
1776723353,699637822,,12.219999313354492,0.0,0.0,0.0,0.0,1.7999999523162842,95.54999542236328,0,0,0,True,,,,
1776723353,749616317,,12.239999771118164,0.0,0.0,0.0,0.0,1.7999999523162842,96.65999603271484,0,0,0,True,,,,
1776723353,799623736,,12.219999313354492,0.0,0.0,0.0,0.0,1.7999999523162842,95.54999542236328,0,0,0,True,,,,
1776723353,849638341,,12.239999771118164,0.0,0.0,0.0,0.0,1.7999999523162842,96.65999603271484,0,0,0,True,,,,
1776723353,899605317,,12.219999313354492,0.0,0.0,0.0,0.0,1.7999999523162842,95.54999542236328,0,0,0,True,,,,
1776723353,949613200,,12.239999771118164,0.0,0.0,0.0,0.0,1.7999999523162842,96.65999603271484,0,0,0,True,,,,
1776723353,999622879,,12.239999771118164,0.0,0.0,0.0,0.0,1.7999999523162842,96.65999603271484,0,0,0,True,,,,
1776723354,49654614,,12.219999313354492,0.0,0.0,0.0,0.0,1.7999999523162842,95.54999542236328,0,0,0,True,,,,
1776723354,99595720,,12.219999313354492,0.0,0.0,0.0,0.0,1.7999999523162842,95.54999542236328,0,0,0,True,,,,
1776723354,149613510,,12.219999313354492,0.0,0.0,0.0,0.0,1.7999999523162842,95.54999542236328,0,0,0,True,,,,
1776723354,199608615,,12.219999313354492,0.0,0.0,0.0,0.0,1.7999999523162842,95.54999542236328,0,0,0,True,,,,
1776723354,249591072,,12.219999313354492,0.0,0.0,0.0,0.0,1.7999999523162842,95.54999542236328,0,0,0,True,,,,
1776723354,299591566,,12.219999313354492,0.0,0.0,0.0,0.0,1.7999999523162842,95.54999542236328,0,0,0,True,,,,
1776723354,349585153,,12.219999313354492,0.0,0.0,0.0,0.0,1.7999999523162842,95.54999542236328,0,0,0,True,,,,
1776723354,399644387,,12.219999313354492,0.0,0.0,0.0,0.0,1.7999999523162842,95.54999542236328,0,0,0,True,,,,
1776723354,449596623,,12.219999313354492,0.0,0.0,0.0,0.0,1.7999999523162842,95.54999542236328,0,0,0,True,,,,
1776723354,499601228,,12.219999313354492,0.0,0.0,0.0,0.0,1.7999999523162842,95.54999542236328,0,0,0,True,,,,
1776723354,549558426,,12.219999313354492,0.0,0.0,0.0,0.0,1.7999999523162842,95.54999542236328,0,0,0,True,,,,
1776723354,599669326,,12.219999313354492,0.0,0.0,0.0,0.0,1.7999999523162842,95.54999542236328,0,0,0,True,,,,
1776723354,649592136,,12.199999809265137,0.0,0.0,0.0,0.0,1.7999999523162842,94.43999481201172,0,0,0,True,,,,
1776723354,699620148,,12.219999313354492,0.0,0.0,0.0,0.0,1.7999999523162842,95.54999542236328,0,0,0,True,,,,
1776723354,749641271,,12.239999771118164,0.0,0.0,0.0,0.0,1.7999999523162842,96.65999603271484,0,0,0,True,,,,
1776723354,799568470,,12.239999771118164,0.0,0.0,0.0,0.0,1.7999999523162842,96.65999603271484,0,0,0,True,,,,
1776723354,849590501,,12.219999313354492,0.0,0.0,0.0,0.0,1.7999999523162842,95.54999542236328,0,0,0,True,,,,
1776723354,899622106,,12.219999313354492,0.0,0.0,0.0,0.0,1.7999999523162842,95.54999542236328,0,0,0,True,,,,
1776723354,949606507,,12.219999313354492,0.0,0.0,0.0,0.0,1.7999999523162842,95.54999542236328,0,0,0,True,,,,
1776723354,999614483,,12.219999313354492,0.0,0.0,0.0,0.0,1.7999999523162842,95.54999542236328,0,0,0,True,,,,
1776723355,49631717,,12.219999313354492,0.0,0.0,0.0,0.0,1.7999999523162842,95.54999542236328,0,0,0,True,,,,
1776723355,99598786,,12.219999313354492,0.0,0.0,0.0,0.0,1.7999999523162842,95.54999542236328,0,0,0,True,,,,
1776723355,149572132,,12.219999313354492,0.0,0.0,0.0,0.0,1.7999999523162842,95.54999542236328,0,0,0,True,,,,
1776723355,199592293,,12.219999313354492,0.0,0.0,0.0,0.0,1.7999999523162842,95.54999542236328,0,0,0,True,,,,
1776723355,249555510,,12.219999313354492,0.0,0.0,0.0,0.0,1.7999999523162842,95.54999542236328,0,0,0,True,,,,
1776723355,299586392,,12.219999313354492,0.0,0.0,0.0,0.0,1.7999999523162842,95.54999542236328,0,0,0,True,,,,
1776723355,349615867,,12.219999313354492,0.0,0.0,0.0,0.0,1.7999999523162842,95.54999542236328,0,0,0,True,,,,
1776723355,399642898,,12.219999313354492,0.0,0.0,0.0,0.0,1.7999999523162842,95.54999542236328,0,0,0,True,,,,
1776723355,449556930,,12.199999809265137,0.0,0.0,0.0,0.0,1.7999999523162842,94.43999481201172,0,0,0,True,,,,
1776723355,499581017,,12.219999313354492,0.0,0.0,0.0,0.0,1.7999999523162842,95.54999542236328,0,0,0,True,,,,
1776723355,549588122,,12.219999313354492,0.0,0.0,0.0,0.0,1.7999999523162842,95.54999542236328,0,0,0,True,,,,
1776723355,599561579,,12.219999313354492,0.0,0.0,0.0,0.0,1.7999999523162842,95.54999542236328,0,0,0,True,,,,
1776723355,649547944,,12.219999313354492,0.0,0.0,0.0,0.0,1.7999999523162842,95.54999542236328,0,0,0,True,,,,
1776723355,699628270,,12.239999771118164,0.0,0.0,0.0,0.0,1.7999999523162842,96.65999603271484,0,0,0,True,,,,
1776723355,749572950,,12.219999313354492,0.0,0.0,0.0,0.0,1.7999999523162842,95.54999542236328,0,0,0,True,,,,
1776723355,799691775,,12.219999313354492,0.0,0.0,0.0,0.0,1.7999999523162842,95.54999542236328,0,0,0,True,,,,
1776723355,849587586,,12.219999313354492,0.0,0.0,0.0,0.0,1.7999999523162842,95.54999542236328,0,0,0,True,,,,
1776723355,899540544,,12.239999771118164,0.0,0.0,0.0,0.0,1.7999999523162842,96.65999603271484,0,0,0,True,,,,
1776723355,949624925,,12.239999771118164,0.0,0.0,0.0,0.0,1.7999999523162842,96.65999603271484,0,0,0,True,,,,
1776723355,999566698,,12.219999313354492,0.0,0.0,0.0,0.0,1.7999999523162842,95.54999542236328,0,0,0,True,,,,
1776723356,49642710,,12.219999313354492,0.0,0.0,0.0,0.0,1.7999999523162842,95.54999542236328,0,0,0,True,,,,
1776723356,99588853,,12.219999313354492,0.0,0.0,0.0,0.0,1.7999999523162842,95.54999542236328,0,0,0,True,,,,
1776723356,149587365,,12.239999771118164,0.0,0.0,0.0,0.0,1.7999999523162842,96.65999603271484,0,0,0,True,,,,
1776723356,199609229,,12.219999313354492,0.0,0.0,0.0,0.0,1.7999999523162842,95.54999542236328,0,0,0,True,,,,
1776723356,249574780,,12.219999313354492,0.0,0.0,0.0,0.0,1.7999999523162842,95.54999542236328,0,0,0,True,,,,
1776723356,299571088,,12.219999313354492,0.0,0.0,0.0,0.0,1.7999999523162842,95.54999542236328,0,0,0,True,,,,
1776723356,349596249,,12.219999313354492,0.0,0.0,0.0,0.0,1.7999999523162842,95.54999542236328,0,0,0,True,,,,
1776723356,399576317,,12.219999313354492,0.0,0.0,0.0,0.0,1.7999999523162842,95.54999542236328,0,0,0,True,,,,
1776723356,449569015,,12.219999313354492,0.0,0.0,0.0,0.0,1.7999999523162842,95.54999542236328,0,0,0,True,,,,
1776723356,499526399,,12.219999313354492,0.0,0.0,0.0,0.0,1.7999999523162842,95.54999542236328,0,0,0,True,,,,
1776723356,549561874,,12.219999313354492,0.0,0.0,0.0,0.0,1.7999999523162842,95.54999542236328,0,0,0,True,,,,
1776723356,599554812,,12.219999313354492,0.0,0.0,0.0,0.0,1.7999999523162842,95.54999542236328,0,0,0,True,,,,
1776723356,649534603,,12.199999809265137,0.0,0.0,0.0,0.0,1.7999999523162842,94.43999481201172,0,0,0,True,,,,
1776723356,699558245,,12.239999771118164,0.0,0.0,0.0,0.0,1.7999999523162842,96.65999603271484,0,0,0,True,,,,
1776723356,749540832,,12.219999313354492,0.0,0.0,0.0,0.0,1.7999999523162842,95.54999542236328,0,0,0,True,,,,
1776723356,799564011,,12.219999313354492,0.0,0.0,0.0,0.0,1.7999999523162842,95.54999542236328,0,0,0,True,,,,
1776723356,849547598,,12.219999313354492,0.0,0.0,0.0,0.0,1.7999999523162842,95.54999542236328,0,0,0,True,,,,
1776723356,899549814,,12.219999313354492,0.0,0.0,0.0,0.0,1.7999999523162842,95.54999542236328,0,0,0,True,,,,
1776723356,949530901,,12.219999313354492,0.0,0.0,0.0,0.0,1.7999999523162842,95.54999542236328,0,0,0,True,,,,
1776723356,999556746,,12.219999313354492,0.0,0.0,0.0,0.0,1.7999999523162842,95.54999542236328,0,0,0,True,,,,
1776723357,49598036,,12.219999313354492,0.0,0.0,0.0,0.0,1.7999999523162842,95.54999542236328,0,0,0,True,,,,
1776723357,99549549,,12.219999313354492,0.0,0.0,0.0,0.0,1.7999999523162842,95.54999542236328,0,0,0,True,,,,
1776723357,149541377,,12.219999313354492,0.0,0.0,0.0,0.0,1.7999999523162842,95.54999542236328,0,0,0,True,,,,
1776723357,199570278,,12.219999313354492,0.0,0.0,0.0,0.0,1.7999999523162842,95.54999542236328,0,0,0,True,,,,
1776723357,249539217,,12.239999771118164,0.0,0.0,0.0,0.0,1.7999999523162842,96.65999603271484,0,0,0,True,,,,
1776723357,299551637,,12.239999771118164,0.0,0.0,0.0,0.0,1.7999999523162842,96.65999603271484,0,0,0,True,,,,
1776723357,349563612,,12.239999771118164,0.0,0.0,0.0,0.0,1.7999999523162842,96.65999603271484,0,0,0,True,,,,
1776723357,399580124,,12.219999313354492,0.0,0.0,0.0,0.0,1.7999999523162842,95.54999542236328,0,0,0,True,,,,
1776723357,449546693,,12.219999313354492,0.0,0.0,0.0,0.0,1.7999999523162842,95.54999542236328,0,0,0,True,,,,
1776723357,499583205,,12.239999771118164,0.0,0.0,0.0,0.0,1.7999999523162842,96.65999603271484,0,0,0,True,,,,
1776723357,549559736,,12.219999313354492,0.0,0.0,0.0,0.0,1.7999999523162842,95.54999542236328,0,0,0,True,,,,
1776723357,599530750,,12.219999313354492,0.0,0.0,0.0,0.0,1.7999999523162842,95.54999542236328,0,0,0,True,,,,
1776723357,649539447,,12.219999313354492,0.0,0.0,0.0,0.0,1.7999999523162842,95.54999542236328,0,0,0,True,,,,
1776723357,699584515,,12.219999313354492,0.0,0.0,0.0,0.0,1.7999999523162842,95.54999542236328,0,0,0,True,,,,
1776723357,749626212,,12.219999313354492,0.0,0.0,0.0,0.0,1.7999999523162842,95.54999542236328,0,0,0,True,,,,
1776723357,801562950,,12.219999313354492,0.0,0.0,0.0,0.0,1.7999999523162842,95.54999542236328,0,0,0,True,,,,
1776723357,849722439,,12.219999313354492,0.0,0.0,0.0,0.0,1.7999999523162842,95.54999542236328,0,0,0,True,,,,
1776723357,899561250,,12.219999313354492,0.0,0.0,0.0,0.0,1.7999999523162842,95.54999542236328,0,0,0,True,,,,
1776723357,949515171,,12.239999771118164,0.0,0.0,0.0,0.0,1.7999999523162842,96.65999603271484,0,0,0,True,,,,
1776723357,999555220,,12.219999313354492,0.0,0.0,0.0,0.0,1.7999999523162842,95.54999542236328,0,0,0,True,,,,
1776723358,49554196,,12.219999313354492,0.0,0.0,0.0,0.0,1.7999999523162842,95.54999542236328,0,0,0,True,,,,
1776723358,99672836,,12.239999771118164,0.0,0.0,0.0,0.0,1.7999999523162842,96.65999603271484,0,0,0,True,,,,
1776723358,149578165,,12.239999771118164,0.0,0.0,0.0,0.0,1.7999999523162842,96.65999603271484,0,0,0,True,,,,
1776723358,199552622,,12.219999313354492,0.0,0.0,0.0,0.0,1.7999999523162842,95.54999542236328,0,0,0,True,,,,
1776723358,249561524,,12.219999313354492,0.0,0.0,0.0,0.0,1.7999999523162842,95.54999542236328,0,0,0,True,,,,
1776723358,299505334,,12.219999313354492,0.0,0.0,0.0,0.0,1.7999999523162842,95.54999542236328,0,0,0,True,,,,
1776723358,349616992,,12.219999313354492,0.0,0.0,0.0,0.0,1.7999999523162842,95.54999542236328,0,0,0,True,,,,
1776723358,399570913,,12.219999313354492,0.0,0.0,0.0,0.0,1.7999999523162842,95.54999542236328,0,0,0,True,,,,
1776723358,449519760,,12.219999313354492,0.0,0.0,0.0,0.0,1.7999999523162842,95.54999542236328,0,0,0,True,,,,
1776723358,499545142,,12.219999313354492,0.0,0.0,0.0,0.0,1.7999999523162842,95.54999542236328,0,0,0,True,,,,
1776723358,549536766,,12.219999313354492,0.0,0.0,0.0,0.0,1.7999999523162842,95.54999542236328,0,0,0,True,,,,
1776723358,599490835,,12.219999313354492,0.0,0.0,0.0,0.0,1.7999999523162842,95.54999542236328,0,0,0,True,,,,
1776723358,649533903,,12.199999809265137,0.0,0.0,0.0,0.0,1.7999999523162842,94.43999481201172,0,0,0,True,,,,
1776723358,699585507,,12.219999313354492,0.0,0.0,0.0,0.0,1.7999999523162842,95.54999542236328,0,0,0,True,,,,
1776723358,749573446,,12.219999313354492,0.0,0.0,0.0,0.0,1.7999999523162842,95.54999542236328,0,0,0,True,,,,
1776723358,799556810,,12.219999313354492,0.0,0.0,0.0,0.0,1.7999999523162842,95.54999542236328,0,0,0,True,,,,
1776723358,849506639,,12.199999809265137,0.0,0.0,0.0,0.0,1.7999999523162842,94.43999481201172,0,0,0,True,,,,
1776723358,899597724,,12.219999313354492,0.0,0.0,0.0,0.0,1.7999999523162842,95.54999542236328,0,0,0,True,,,,
1776723358,949542385,,12.219999313354492,0.0,0.0,0.0,0.0,1.7999999523162842,95.54999542236328,0,0,0,True,,,,
1776723358,999548324,,12.219999313354492,0.0,0.0,0.0,0.0,1.7999999523162842,95.54999542236328,0,0,0,True,,,,
1776723359,49536911,,12.199999809265137,0.0,0.0,0.0,0.0,1.7999999523162842,94.43999481201172,0,0,0,True,,,,
1776723359,99533201,,12.219999313354492,0.0,0.0,0.0,0.0,1.7999999523162842,95.54999542236328,0,0,0,True,,,,
1776723359,149539028,,12.219999313354492,0.0,0.0,0.0,0.0,1.7999999523162842,95.54999542236328,0,0,0,True,,,,
1776723359,199551652,,12.219999313354492,0.0,0.0,0.0,0.0,1.7999999523162842,95.54999542236328,0,0,0,True,,,,
1776723359,249518517,,12.219999313354492,0.0,0.0,0.0,0.0,1.7999999523162842,95.54999542236328,0,0,0,True,,,,
1776723359,299548418,,12.219999313354492,0.0,0.0,0.0,0.0,1.7999999523162842,95.54999542236328,0,0,0,True,,,,
1776723359,349545819,,12.219999313354492,0.0,0.0,0.0,0.0,1.7999999523162842,95.54999542236328,0,0,0,True,,,,
1776723359,399620534,,12.219999313354492,0.0,0.0,0.0,0.0,1.7999999523162842,95.54999542236328,0,0,0,True,,,,
1776723359,449521845,,12.199999809265137,0.0,0.0,0.0,0.0,1.7999999523162842,94.43999481201172,0,0,0,True,,,,
1776723359,499520839,,12.219999313354492,0.0,0.0,0.0,0.0,1.7999999523162842,95.54999542236328,0,0,0,True,,,,
1776723359,549481797,,12.219999313354492,0.0,0.0,0.0,0.0,1.7999999523162842,95.54999542236328,0,0,0,True,,,,
1776723359,599495550,,12.219999313354492,0.0,0.0,0.0,0.0,1.7999999523162842,95.54999542236328,0,0,0,True,,,,
1776723359,649520728,,12.219999313354492,0.0,0.0,0.0,0.0,1.7999999523162842,95.54999542236328,0,0,0,True,,,,
1776723359,699524408,,12.219999313354492,0.0,0.0,0.0,0.0,1.7999999523162842,95.54999542236328,0,0,0,True,,,,
1776723359,749485680,,12.219999313354492,0.0,0.0,0.0,0.0,1.7999999523162842,95.54999542236328,0,0,0,True,,,,
1776723359,799515192,,12.199999809265137,0.0,0.0,0.0,0.0,1.7999999523162842,94.43999481201172,0,0,0,True,,,,
1776723359,849477854,,12.219999313354492,0.0,0.0,0.0,0.0,1.7999999523162842,95.54999542236328,0,0,0,True,,,,
1776723359,899538106,,12.199999809265137,0.0,0.0,0.0,0.0,1.7999999523162842,94.43999481201172,0,0,0,True,,,,
1776723359,949523322,,12.1899995803833,0.0,0.0,0.0,0.0,1.7999999523162842,93.87999725341797,0,0,0,True,,,,
1776723359,999571112,,12.199999809265137,0.0,0.0,0.0,0.0,1.7999999523162842,94.43999481201172,0,0,0,True,,,,
1776723360,49543106,,12.219999313354492,0.0,0.0,0.0,0.0,1.7999999523162842,95.54999542236328,0,0,0,True,,,,
1776723360,99458954,,12.219999313354492,0.0,0.0,0.0,0.0,1.7999999523162842,95.54999542236328,0,0,0,True,,,,
1776723360,149479966,,12.199999809265137,0.0,0.0,0.0,0.0,1.7999999523162842,94.43999481201172,0,0,0,True,,,,
1776723360,199387295,,12.199999809265137,0.0,0.0,0.0,0.0,1.7999999523162842,94.43999481201172,0,0,0,True,,,,
1776723360,249493621,,12.219999313354492,0.0,0.0,0.0,0.0,1.7999999523162842,95.54999542236328,0,0,0,True,,,,
1776723360,299489633,,12.199999809265137,0.0,0.0,0.0,0.0,1.7999999523162842,94.43999481201172,0,0,0,True,,,,
1776723360,349509053,,12.219999313354492,0.0,0.0,0.0,0.0,1.7999999523162842,95.54999542236328,0,0,0,True,,,,
1776723360,399541398,,12.199999809265137,0.0,0.0,0.0,0.0,1.7999999523162842,94.43999481201172,0,0,0,True,,,,
1776723360,449517152,,12.219999313354492,0.0,0.0,0.0,0.0,1.7999999523162842,95.54999542236328,0,0,0,True,,,,
1776723360,499562664,,12.199999809265137,0.0,0.0,0.0,0.0,1.7999999523162842,94.43999481201172,0,0,0,True,,,,
1776723360,549501881,,12.219999313354492,0.0,0.0,0.0,0.0,1.7999999523162842,95.54999542236328,0,0,0,True,,,,
1776723360,599479801,,12.199999809265137,0.0,0.0,0.0,0.0,1.7999999523162842,94.43999481201172,0,0,0,True,,,,
1776723360,649532072,,12.199999809265137,0.0,0.0,0.0,0.0,1.7999999523162842,94.43999481201172,0,0,0,True,,,,
1776723360,699520604,,12.199999809265137,0.0,0.0,0.0,0.0,1.7999999523162842,94.43999481201172,0,0,0,True,,,,
1776723360,749513653,,12.199999809265137,0.0,0.0,0.0,0.0,1.7999999523162842,94.43999481201172,0,0,0,True,,,,
1776723360,799492629,,12.219999313354492,0.0,0.0,0.0,0.0,1.7999999523162842,95.54999542236328,0,0,0,True,,,,
1776723360,849486457,,12.1899995803833,0.0,0.0,0.0,0.0,1.7999999523162842,93.87999725341797,0,0,0,True,,,,
1776723360,899545913,,12.199999809265137,0.0,0.0,0.0,0.0,1.7999999523162842,94.43999481201172,0,0,0,True,,,,
1776723360,949451779,,12.219999313354492,0.0,0.0,0.0,0.0,1.7999999523162842,95.54999542236328,0,0,0,True,,,,
1776723360,999447680,,12.199999809265137,0.0,0.0,0.0,0.0,1.7999999523162842,94.43999481201172,0,0,0,True,,,,
1776723361,49485285,,12.199999809265137,0.0,0.0,0.0,0.0,1.7999999523162842,94.43999481201172,0,0,0,True,,,,
1776723361,99490075,,12.219999313354492,0.0,0.0,0.0,0.0,1.7999999523162842,95.54999542236328,0,0,0,True,,,,
1776723361,149579623,,12.219999313354492,0.0,0.0,0.0,0.0,1.7999999523162842,95.54999542236328,0,0,0,True,,,,
1776723361,199516711,,12.219999313354492,0.0,0.0,0.0,0.0,1.7999999523162842,95.54999542236328,0,0,0,True,,,,
1776723361,249521446,,12.199999809265137,0.0,0.0,0.0,0.0,1.7999999523162842,94.43999481201172,0,0,0,True,,,,
1776723361,299476570,,12.219999313354492,0.0,0.0,0.0,0.0,1.7999999523162842,95.54999542236328,0,0,0,True,,,,
1776723361,349534693,,12.219999313354492,0.0,0.0,0.0,0.0,1.7999999523162842,95.54999542236328,0,0,0,True,,,,
1776723361,399552742,,12.199999809265137,0.0,0.0,0.0,0.0,1.7999999523162842,94.43999481201172,0,0,0,True,,,,
1776723361,449537385,,12.219999313354492,0.0,0.0,0.0,0.0,1.7999999523162842,95.54999542236328,0,0,0,True,,,,
1776723361,499483158,,12.199999809265137,0.0,0.0,0.0,0.0,1.7999999523162842,94.43999481201172,0,0,0,True,,,,
1776723361,549451708,,12.199999809265137,0.0,0.0,0.0,0.0,1.7999999523162842,94.43999481201172,0,0,0,True,,,,
1776723361,599443628,,12.199999809265137,0.0,0.0,0.0,0.0,1.7999999523162842,94.43999481201172,0,0,0,True,,,,
1776723361,649434529,,12.199999809265137,0.0,0.0,0.0,0.0,1.7999999523162842,94.43999481201172,0,0,0,True,,,,
1776723361,699460782,,12.199999809265137,0.0,0.0,0.0,0.0,1.7999999523162842,94.43999481201172,0,0,0,True,,,,
1776723361,749429647,,12.199999809265137,0.0,0.0,0.0,0.0,1.7999999523162842,94.43999481201172,0,0,0,True,,,,
1776723361,799452678,,12.1899995803833,0.0,0.0,0.0,0.0,1.7999999523162842,93.87999725341797,0,0,0,True,,,,
1776723361,849435320,,12.199999809265137,0.0,0.0,0.0,0.0,1.7999999523162842,94.43999481201172,0,0,0,True,,,,
1776723361,899440777,,12.199999809265137,0.0,0.0,0.0,0.0,1.7999999523162842,94.43999481201172,0,0,0,True,,,,
1776723361,949455030,,12.199999809265137,0.0,0.0,0.0,0.0,1.7999999523162842,94.43999481201172,0,0,0,True,,,,
1776723361,999474117,,12.199999809265137,0.0,0.0,0.0,0.0,1.7999999523162842,94.43999481201172,0,0,0,True,,,,
1776723362,49482592,,12.199999809265137,0.0,0.0,0.0,0.0,1.7999999523162842,94.43999481201172,0,0,0,True,,,,
1776723362,99471586,,12.199999809265137,0.0,0.0,0.0,0.0,1.7999999523162842,94.43999481201172,0,0,0,True,,,,
1776723362,149447877,,12.199999809265137,0.0,0.0,0.0,0.0,1.7999999523162842,94.43999481201172,0,0,0,True,,,,
1776723362,199496741,,12.199999809265137,0.0,0.0,0.0,0.0,1.7999999523162842,94.43999481201172,0,0,0,True,,,,
1776723362,249477513,,12.219999313354492,0.0,0.0,0.0,0.0,1.7999999523162842,95.54999542236328,0,0,0,True,,,,
1776723362,299536154,,12.219999313354492,0.0,0.0,0.0,0.0,1.7999999523162842,95.54999542236328,0,0,0,True,,,,
1776723362,349460779,,12.219999313354492,0.0,0.0,0.0,0.0,1.7999999523162842,95.54999542236328,0,0,0,True,,,,
1776723362,399442755,,12.219999313354492,0.0,0.0,0.0,0.0,1.7999999523162842,95.54999542236328,0,0,0,True,,,,
1776723362,449528711,,12.199999809265137,0.0,0.0,0.0,0.0,1.7999999523162842,94.43999481201172,0,0,0,True,,,,
1776723362,499472372,,12.219999313354492,0.0,0.0,0.0,0.0,1.7999999523162842,95.54999542236328,0,0,0,True,,,,
1776723362,549465922,,12.199999809265137,0.0,0.0,0.0,0.0,1.7999999523162842,94.43999481201172,0,0,0,True,,,,
1776723362,599472212,,12.199999809265137,0.0,0.0,0.0,0.0,1.7999999523162842,94.43999481201172,0,0,0,True,,,,
1776723362,649466355,,12.199999809265137,0.0,0.0,0.0,0.0,1.7999999523162842,94.43999481201172,0,0,0,True,,,,
1776723362,699508811,,12.199999809265137,0.0,0.0,0.0,0.0,1.7999999523162842,94.43999481201172,0,0,0,True,,,,
1776723362,749498250,,12.199999809265137,0.0,0.0,0.0,0.0,1.7999999523162842,94.43999481201172,0,0,0,True,,,,
1776723362,799475318,,12.199999809265137,0.0,0.0,0.0,0.0,1.7999999523162842,94.43999481201172,0,0,0,True,,,,
1776723362,849377055,,12.199999809265137,0.0,0.0,0.0,0.0,1.7999999523162842,94.43999481201172,0,0,0,True,,,,
1776723362,899496806,,12.1899995803833,0.0,0.0,0.0,0.0,1.7999999523162842,93.87999725341797,0,0,0,True,,,,
1776723362,949475041,,12.199999809265137,0.0,0.0,0.0,0.0,1.7999999523162842,94.43999481201172,0,0,0,True,,,,
1776723362,999454443,,12.219999313354492,0.0,0.0,0.0,0.0,1.7999999523162842,95.54999542236328,0,0,0,True,,,,
1776723363,49515788,,12.219999313354492,0.0,0.0,0.0,0.0,1.7999999523162842,95.54999542236328,0,0,0,True,,,,
1776723363,99438598,,12.199999809265137,0.0,0.0,0.0,0.0,1.7999999523162842,94.43999481201172,0,0,0,True,,,,
1776723363,149488665,,12.219999313354492,0.0,0.0,0.0,0.0,1.7999999523162842,95.54999542236328,0,0,0,True,,,,
1776723363,199457567,,12.199999809265137,0.0,0.0,0.0,0.0,1.7999999523162842,94.43999481201172,0,0,0,True,,,,
1776723363,249467468,,12.199999809265137,0.0,0.0,0.0,0.0,1.7999999523162842,94.43999481201172,0,0,0,True,,,,
1776723363,299475425,,12.219999313354492,0.0,0.0,0.0,0.0,1.7999999523162842,95.54999542236328,0,0,0,True,,,,
1776723363,349435957,,12.219999313354492,0.0,0.0,0.0,0.0,1.7999999523162842,95.54999542236328,0,0,0,True,,,,
1776723363,399463080,,12.219999313354492,0.0,0.0,0.0,0.0,1.7999999523162842,95.54999542236328,0,0,0,True,,,,
1776723363,449483481,,12.219999313354492,0.0,0.0,0.0,0.0,1.7999999523162842,95.54999542236328,0,0,0,True,,,,
1776723363,499439402,,12.199999809265137,0.0,0.0,0.0,0.0,1.7999999523162842,94.43999481201172,0,0,0,True,,,,
1776723363,549449470,,12.219999313354492,0.0,0.0,0.0,0.0,1.7999999523162842,95.54999542236328,0,0,0,True,,,,
1776723363,599475927,,12.219999313354492,0.0,0.0,0.0,0.0,1.7999999523162842,95.54999542236328,0,0,0,True,,,,
1776723363,649460384,,12.199999809265137,0.0,0.0,0.0,0.0,1.7999999523162842,94.43999481201172,0,0,0,True,,,,
1776723363,699478452,,12.199999809265137,0.0,0.0,0.0,0.0,1.7999999523162842,94.43999481201172,0,0,0,True,,,,
1776723363,749458409,,12.199999809265137,0.0,0.0,0.0,0.0,1.7999999523162842,94.43999481201172,0,0,0,True,,,,
1776723363,799486403,,12.199999809265137,0.0,0.0,0.0,0.0,1.7999999523162842,94.43999481201172,0,0,0,True,,,,
1776723363,849436194,,12.219999313354492,0.0,0.0,0.0,0.0,1.7999999523162842,95.54999542236328,0,0,0,True,,,,
1776723363,899447762,,12.219999313354492,0.0,0.0,0.0,0.0,1.7999999523162842,95.54999542236328,0,0,0,True,,,,
1776723363,949490385,,12.199999809265137,0.0,0.0,0.0,0.0,1.7999999523162842,94.43999481201172,0,0,0,True,,,,
1776723363,999465787,,12.199999809265137,0.0,0.0,0.0,0.0,1.7999999523162842,94.43999481201172,0,0,0,True,,,,
1776723364,49447189,,12.219999313354492,0.0,0.0,0.0,0.0,1.7999999523162842,95.54999542236328,0,0,0,True,,,,
1776723364,99445720,,12.199999809265137,0.0,0.0,0.0,0.0,1.7999999523162842,94.43999481201172,0,0,0,True,,,,
1776723364,149428696,,12.219999313354492,0.0,0.0,0.0,0.0,1.7999999523162842,95.54999542236328,0,0,0,True,,,,
1776723364,199439226,,12.219999313354492,0.0,0.0,0.0,0.0,1.7999999523162842,95.54999542236328,0,0,0,True,,,,
1776723364,249451183,,12.219999313354492,0.0,0.0,0.0,0.0,1.7999999523162842,95.54999542236328,0,0,0,True,,,,
1776723364,299390086,,12.219999313354492,0.0,0.0,0.0,0.0,1.7999999523162842,95.54999542236328,0,0,0,True,,,,
1776723364,349426598,,12.199999809265137,0.0,0.0,0.0,0.0,1.7999999523162842,94.43999481201172,0,0,0,True,,,,
1776723364,399435314,,12.199999809265137,0.0,0.0,0.0,0.0,1.7999999523162842,94.43999481201172,0,0,0,True,,,,
1776723364,449413012,,12.199999809265137,0.0,0.0,0.0,0.0,1.7999999523162842,94.43999481201172,0,0,0,True,,,,
1776723364,499414414,,12.199999809265137,0.0,0.0,0.0,0.0,1.7999999523162842,94.43999481201172,0,0,0,True,,,,
1776723364,549396519,,12.199999809265137,0.0,0.0,0.0,0.0,1.7999999523162842,94.43999481201172,0,0,0,True,,,,
1776723364,599373458,,12.219999313354492,0.0,0.0,0.0,0.0,1.7999999523162842,95.54999542236328,0,0,0,True,,,,
1776723364,649407303,,12.199999809265137,0.0,0.0,0.0,0.0,1.7999999523162842,94.43999481201172,0,0,0,True,,,,
1776723364,699401816,,12.219999313354492,0.0,0.0,0.0,0.0,1.7999999523162842,95.54999542236328,0,0,0,True,,,,
1776723364,749460031,,12.199999809265137,0.0,0.0,0.0,0.0,1.7999999523162842,94.43999481201172,0,0,0,True,,,,
1776723364,799415119,,12.199999809265137,0.0,0.0,0.0,0.0,1.7999999523162842,94.43999481201172,0,0,0,True,,,,
1776723364,849403187,,12.199999809265137,0.0,0.0,0.0,0.0,1.7999999523162842,94.43999481201172,0,0,0,True,,,,
1776723364,899399070,,12.199999809265137,0.0,0.0,0.0,0.0,1.7999999523162842,94.43999481201172,0,0,0,True,,,,
1776723364,949429101,,12.219999313354492,0.0,0.0,0.0,0.0,1.7999999523162842,95.54999542236328,0,0,0,True,,,,
1776723364,999413280,,12.199999809265137,0.0,0.0,0.0,0.0,1.7999999523162842,94.43999481201172,0,0,0,True,,,,
1776723365,49432552,,12.199999809265137,0.0,0.0,0.0,0.0,1.7999999523162842,94.43999481201172,0,0,0,True,,,,
1776723365,99465804,,12.219999313354492,0.0,0.0,0.0,0.0,1.7999999523162842,95.54999542236328,0,0,0,True,,,,
1776723365,149419651,,12.219999313354492,0.0,0.0,0.0,0.0,1.7999999523162842,95.54999542236328,0,0,0,True,,,,
1776723365,199420701,,12.199999809265137,0.0,0.0,0.0,0.0,1.7999999523162842,94.43999481201172,0,0,0,True,,,,
1776723365,249459620,,12.219999313354492,0.0,0.0,0.0,0.0,1.7999999523162842,95.54999542236328,0,0,0,True,,,,
1776723365,299401782,,12.199999809265137,0.0,0.0,0.0,0.0,1.7999999523162842,94.43999481201172,0,0,0,True,,,,
1776723365,349414516,,12.199999809265137,0.0,0.0,0.0,0.0,1.7999999523162842,94.43999481201172,0,0,0,True,,,,
1776723365,399435066,,12.219999313354492,0.0,0.0,0.0,0.0,1.7999999523162842,95.54999542236328,0,0,0,True,,,,
1776723365,449427263,,12.219999313354492,0.0,0.0,0.0,0.0,1.7999999523162842,95.54999542236328,0,0,0,True,,,,
1776723365,499420832,,12.219999313354492,0.0,0.0,0.0,0.0,1.7999999523162842,95.54999542236328,0,0,0,True,,,,
1776723365,549388326,,12.199999809265137,0.0,0.0,0.0,0.0,1.7999999523162842,94.43999481201172,0,0,0,True,,,,
1776723365,599457541,,12.219999313354492,0.0,0.0,0.0,0.0,1.7999999523162842,95.54999542236328,0,0,0,True,,,,
1776723365,649404147,,12.219999313354492,0.0,0.0,0.0,0.0,1.7999999523162842,95.54999542236328,0,0,0,True,,,,
1776723365,699367068,,12.199999809265137,0.0,0.0,0.0,0.0,1.7999999523162842,94.43999481201172,0,0,0,True,,,,
1776723365,749411710,,12.199999809265137,0.0,0.0,0.0,0.0,1.7999999523162842,94.43999481201172,0,0,0,True,,,,
1776723365,799378297,,12.199999809265137,0.0,0.0,0.0,0.0,1.7999999523162842,94.43999481201172,0,0,0,True,,,,
1776723365,849427679,,12.219999313354492,0.0,0.0,0.0,0.0,1.7999999523162842,95.54999542236328,0,0,0,True,,,,
1776723365,899399747,,12.219999313354492,0.0,0.0,0.0,0.0,1.7999999523162842,95.54999542236328,0,0,0,True,,,,
1776723365,949376816,,12.199999809265137,0.0,0.0,0.0,0.0,1.7999999523162842,94.43999481201172,0,0,0,True,,,,
1776723365,999363644,,12.219999313354492,0.0,0.0,0.0,0.0,1.7999999523162842,95.54999542236328,0,0,0,True,,,,
1776723366,49459173,,12.219999313354492,0.0,0.0,0.0,0.0,1.7999999523162842,95.54999542236328,0,0,0,True,,,,
1776723366,99418057,,12.219999313354492,0.0,0.0,0.0,0.0,1.7999999523162842,95.54999542236328,0,0,0,True,,,,
1776723366,149392607,,12.199999809265137,0.0,0.0,0.0,0.0,1.7999999523162842,94.43999481201172,0,0,0,True,,,,
1776723366,199404730,,12.219999313354492,0.0,0.0,0.0,0.0,1.7999999523162842,95.54999542236328,0,0,0,True,,,,
1776723366,249412520,,12.219999313354492,0.0,0.0,0.0,0.0,1.7999999523162842,95.54999542236328,0,0,0,True,,,,
1776723366,299376997,,12.219999313354492,0.0,0.0,0.0,0.0,1.7999999523162842,95.54999542236328,0,0,0,True,,,,
1776723366,349410731,,12.239999771118164,0.0,0.0,0.0,0.0,1.7999999523162842,96.65999603271484,0,0,0,True,,,,
1776723366,399424151,,12.199999809265137,0.0,0.0,0.0,0.0,1.7999999523162842,94.43999481201172,0,0,0,True,,,,
1776723366,449377757,,12.219999313354492,0.0,0.0,0.0,0.0,1.7999999523162842,95.54999542236328,0,0,0,True,,,,
1776723366,499458583,,12.219999313354492,0.0,0.0,0.0,0.0,1.7999999523162842,95.54999542236328,0,0,0,True,,,,
1776723366,549462503,,12.219999313354492,0.0,0.0,0.0,0.0,1.7999999523162842,95.54999542236328,0,0,0,True,,,,
1776723366,599354702,,12.199999809265137,0.0,0.0,0.0,0.0,1.7999999523162842,94.43999481201172,0,0,0,True,,,,
1776723366,649426936,,12.199999809265137,0.0,0.0,0.0,0.0,1.7999999523162842,94.43999481201172,0,0,0,True,,,,
1776723366,699418115,,12.199999809265137,0.0,0.0,0.0,0.0,1.7999999523162842,94.43999481201172,0,0,0,True,,,,
1776723366,749526774,,12.219999313354492,0.0,0.0,0.0,0.0,1.7999999523162842,95.54999542236328,0,0,0,True,,,,
1776723366,799389511,,12.199999809265137,0.0,0.0,0.0,0.0,1.7999999523162842,94.43999481201172,0,0,0,True,,,,
1776723366,849378468,,12.199999809265137,0.0,0.0,0.0,0.0,1.7999999523162842,94.43999481201172,0,0,0,True,,,,
1776723366,899388425,,12.199999809265137,0.0,0.0,0.0,0.0,1.7999999523162842,94.43999481201172,0,0,0,True,,,,
1776723366,949380327,,12.219999313354492,0.0,0.0,0.0,0.0,1.7999999523162842,95.54999542236328,0,0,0,True,,,,
1776723366,999366691,,12.199999809265137,0.0,0.0,0.0,0.0,1.7999999523162842,94.43999481201172,0,0,0,True,,,,
1776723367,49431388,,12.199999809265137,0.0,0.0,0.0,0.0,1.7999999523162842,94.43999481201172,0,0,0,True,,,,
1776723367,99376198,,12.219999313354492,0.0,0.0,0.0,0.0,1.7999999523162842,95.54999542236328,0,0,0,True,,,,
1776723367,149415414,,12.219999313354492,0.0,0.0,0.0,0.0,1.7999999523162842,95.54999542236328,0,0,0,True,,,,
1776723367,199385538,,12.199999809265137,0.0,0.0,0.0,0.0,1.7999999523162842,94.43999481201172,0,0,0,True,,,,
1776723367,249405031,,12.199999809265137,0.0,0.0,0.0,0.0,1.7999999523162842,94.43999481201172,0,0,0,True,,,,
1776723367,299345304,,12.199999809265137,0.0,0.0,0.0,0.0,1.7999999523162842,94.43999481201172,0,0,0,True,,,,
1776723367,349345910,,12.199999809265137,0.0,0.0,0.0,0.0,1.7999999523162842,94.43999481201172,0,0,0,True,,,,
1776723367,399383125,,12.219999313354492,0.0,0.0,0.0,0.0,1.7999999523162842,95.54999542236328,0,0,0,True,,,,
1776723367,449349231,,12.199999809265137,0.0,0.0,0.0,0.0,1.7999999523162842,94.43999481201172,0,0,0,True,,,,
1776723367,499411409,,12.199999809265137,0.0,0.0,0.0,0.0,1.7999999523162842,94.43999481201172,0,0,0,True,,,,
1776723367,549437032,,12.199999809265137,0.0,0.0,0.0,0.0,1.7999999523162842,94.43999481201172,0,0,0,True,,,,
1776723367,599391453,,12.199999809265137,0.0,0.0,0.0,0.0,1.7999999523162842,94.43999481201172,0,0,0,True,,,,
1776723367,649389484,,12.199999809265137,0.0,0.0,0.0,0.0,1.7999999523162842,94.43999481201172,0,0,0,True,,,,
1776723367,699473551,,12.1899995803833,0.0,0.0,0.0,0.0,1.7999999523162842,93.87999725341797,0,0,0,True,,,,
1776723367,749390546,,12.219999313354492,0.0,0.0,0.0,0.0,1.7999999523162842,95.54999542236328,0,0,0,True,,,,
1776723367,799388837,,12.199999809265137,0.0,0.0,0.0,0.0,1.7999999523162842,94.43999481201172,0,0,0,True,,,,
1776723367,849385905,,12.219999313354492,0.0,0.0,0.0,0.0,1.7999999523162842,95.54999542236328,0,0,0,True,,,,
1776723367,899426806,,12.239999771118164,0.0,0.0,0.0,0.0,1.7999999523162842,96.65999603271484,0,0,0,True,,,,
1776723367,949363005,,12.219999313354492,0.0,0.0,0.0,0.0,1.7999999523162842,95.54999542236328,0,0,0,True,,,,
1776723367,999377350,,12.219999313354492,0.0,0.0,0.0,0.0,1.7999999523162842,95.54999542236328,0,0,0,True,,,,
1776723368,49395937,,12.199999809265137,0.0,0.0,0.0,0.0,1.7999999523162842,94.43999481201172,0,0,0,True,,,,
1776723368,99374857,,12.219999313354492,0.0,0.0,0.0,0.0,1.7999999523162842,95.54999542236328,0,0,0,True,,,,
1776723368,149363962,,12.199999809265137,0.0,0.0,0.0,0.0,1.7999999523162842,94.43999481201172,0,0,0,True,,,,
1776723368,199384419,,12.219999313354492,0.0,0.0,0.0,0.0,1.7999999523162842,95.54999542236328,0,0,0,True,,,,
1776723368,249578965,,12.219999313354492,0.0,0.0,0.0,0.0,1.7999999523162842,95.54999542236328,0,0,0,True,,,,
1776723368,299354019,,12.219999313354492,0.0,0.0,0.0,0.0,1.7999999523162842,95.54999542236328,0,0,0,True,,,,
1776723368,349353031,,12.219999313354492,0.0,0.0,0.0,0.0,1.7999999523162842,95.54999542236328,0,0,0,True,,,,
1776723368,399378673,,12.219999313354492,0.0,0.0,0.0,0.0,1.7999999523162842,95.54999542236328,0,0,0,True,,,,
1776723368,449355760,,12.219999313354492,0.0,0.0,0.0,0.0,1.7999999523162842,95.54999542236328,0,0,0,True,,,,
1776723368,499388513,,12.239999771118164,0.0,0.0,0.0,0.0,1.7999999523162842,96.65999603271484,0,0,0,True,,,,
1776723368,549349045,,12.199999809265137,0.0,0.0,0.0,0.0,1.7999999523162842,94.43999481201172,0,0,0,True,,,,
1776723368,599402501,,12.219999313354492,0.0,0.0,0.0,0.0,1.7999999523162842,95.54999542236328,0,0,0,True,,,,
1776723368,649367681,,12.219999313354492,0.0,0.0,0.0,0.0,1.7999999523162842,95.54999542236328,0,0,0,True,,,,
1776723368,699399878,,12.219999313354492,0.0,0.0,0.0,0.0,1.7999999523162842,95.54999542236328,0,0,0,True,,,,
1776723368,749376632,,12.219999313354492,0.0,0.0,0.0,0.0,1.7999999523162842,95.54999542236328,0,0,0,True,,,,
1776723368,799334423,,12.219999313354492,0.0,0.0,0.0,0.0,1.7999999523162842,95.54999542236328,0,0,0,True,,,,
1776723368,849355398,,12.219999313354492,0.0,0.0,0.0,0.0,1.7999999523162842,95.54999542236328,0,0,0,True,,,,
1776723368,899476075,,12.219999313354492,0.0,0.0,0.0,0.0,1.7999999523162842,95.54999542236328,0,0,0,True,,,,
1776723368,949344442,,12.219999313354492,0.0,0.0,0.0,0.0,1.7999999523162842,95.54999542236328,0,0,0,True,,,,
1776723368,999383287,,12.219999313354492,0.0,0.0,0.0,0.0,1.7999999523162842,95.54999542236328,0,0,0,True,,,,
1776723369,49387040,,12.239999771118164,0.0,0.0,0.0,0.0,1.7999999523162842,96.65999603271484,0,0,0,True,,,,
1776723369,99344813,,12.219999313354492,0.0,0.0,0.0,0.0,1.7999999523162842,95.54999542236328,0,0,0,True,,,,
1776723369,149379695,,12.219999313354492,0.0,0.0,0.0,0.0,1.7999999523162842,95.54999542236328,0,0,0,True,,,,
1776723369,199345097,,12.219999313354492,0.0,0.0,0.0,0.0,1.7999999523162842,95.54999542236328,0,0,0,True,,,,
1776723369,249374591,,12.219999313354492,0.0,0.0,0.0,0.0,1.7999999523162842,95.54999542236328,0,0,0,True,,,,
1776723369,299312104,,12.219999313354492,0.0,0.0,0.0,0.0,1.7999999523162842,95.54999542236328,0,0,0,True,,,,
1776723369,349375986,,12.219999313354492,0.0,0.0,0.0,0.0,1.7999999523162842,95.54999542236328,0,0,0,True,,,,
1776723369,399331055,,12.239999771118164,0.0,0.0,0.0,0.0,1.7999999523162842,96.65999603271484,0,0,0,True,,,,
1776723369,449316438,,12.239999771118164,0.0,0.0,0.0,0.0,1.7999999523162842,96.65999603271484,0,0,0,True,,,,
1776723369,499365395,,12.219999313354492,0.0,0.0,0.0,0.0,1.7999999523162842,95.54999542236328,0,0,0,True,,,,
1776723369,549340241,,12.219999313354492,0.0,0.0,0.0,0.0,1.7999999523162842,95.54999542236328,0,0,0,True,,,,
1776723369,599346624,,12.239999771118164,0.0,0.0,0.0,0.0,1.7999999523162842,96.65999603271484,0,0,0,True,,,,
1776723369,649355099,,12.219999313354492,0.0,0.0,0.0,0.0,1.7999999523162842,95.54999542236328,0,0,0,True,,,,
1776723369,699356741,,12.219999313354492,0.0,0.0,0.0,0.0,1.7999999523162842,95.54999542236328,0,0,0,True,,,,
1776723369,749369309,,12.219999313354492,0.0,0.0,0.0,0.0,1.7999999523162842,95.54999542236328,0,0,0,True,,,,
1776723369,799314138,,12.219999313354492,0.0,0.0,0.0,0.0,1.7999999523162842,95.54999542236328,0,0,0,True,,,,
1776723369,849356927,,12.239999771118164,0.0,0.0,0.0,0.0,1.7999999523162842,96.65999603271484,0,0,0,True,,,,
1776723369,899303237,,12.219999313354492,0.0,0.0,0.0,0.0,1.7999999523162842,95.54999542236328,0,0,0,True,,,,
1776723369,949369323,,12.219999313354492,0.0,0.0,0.0,0.0,1.7999999523162842,95.54999542236328,0,0,0,True,,,,
1776723369,999332651,,12.219999313354492,0.0,0.0,0.0,0.0,1.7999999523162842,95.54999542236328,0,0,0,True,,,,
1776723370,49439328,,12.199999809265137,0.0,0.0,0.0,0.0,1.7999999523162842,94.43999481201172,0,0,0,True,,,,
1776723370,99354972,,12.219999313354492,0.0,0.0,0.0,0.0,1.7999999523162842,95.54999542236328,0,0,0,True,,,,
1776723370,149348929,,12.219999313354492,0.0,0.0,0.0,0.0,1.7999999523162842,95.54999542236328,0,0,0,True,,,,
1776723370,199383256,,12.239999771118164,0.0,0.0,0.0,0.0,1.7999999523162842,96.65999603271484,0,0,0,True,,,,
1776723370,249318714,,12.239999771118164,0.0,0.0,0.0,0.0,1.7999999523162842,96.65999603271484,0,0,0,True,,,,
1776723370,299347948,,12.219999313354492,0.0,0.0,0.0,0.0,1.7999999523162842,95.54999542236328,0,0,0,True,,,,
1776723370,349351664,,12.219999313354492,0.0,0.0,0.0,0.0,1.7999999523162842,95.54999542236328,0,0,0,True,,,,
1776723370,399319696,,12.219999313354492,0.0,0.0,0.0,0.0,1.7999999523162842,95.54999542236328,0,0,0,True,,,,
1776723370,449346708,,12.219999313354492,0.0,0.0,0.0,0.0,1.7999999523162842,95.54999542236328,0,0,0,True,,,,
1776723370,499332906,,12.219999313354492,0.0,0.0,0.0,0.0,1.7999999523162842,95.54999542236328,0,0,0,True,,,,
1776723370,549286160,,12.239999771118164,0.0,0.0,0.0,0.0,1.7999999523162842,96.65999603271484,0,0,0,True,,,,
1776723370,599307265,,12.219999313354492,0.0,0.0,0.0,0.0,1.7999999523162842,95.54999542236328,0,0,0,True,,,,
1776723370,649380610,,12.219999313354492,0.0,0.0,0.0,0.0,1.7999999523162842,95.54999542236328,0,0,0,True,,,,
1776723370,699386678,,12.239999771118164,0.0,0.0,0.0,0.0,1.7999999523162842,96.65999603271484,0,0,0,True,,,,
1776723370,749323025,,12.199999809265137,0.0,0.0,0.0,0.0,1.7999999523162842,94.43999481201172,0,0,0,True,,,,
1776723370,799333204,,12.219999313354492,0.0,0.0,0.0,0.0,1.7999999523162842,95.54999542236328,0,0,0,True,,,,
1776723370,849304217,,12.239999771118164,0.0,0.0,0.0,0.0,1.7999999523162842,96.65999603271484,0,0,0,True,,,,
1776723370,899310914,,12.219999313354492,0.0,0.0,0.0,0.0,1.7999999523162842,95.54999542236328,0,0,0,True,,,,
1776723370,949325575,,12.219999313354492,0.0,0.0,0.0,0.0,1.7999999523162842,95.54999542236328,0,0,0,True,,,,
1776723370,999324828,,12.219999313354492,0.0,0.0,0.0,0.0,1.7999999523162842,95.54999542236328,0,0,0,True,,,,
1776723371,49338137,,12.219999313354492,0.0,0.0,0.0,0.0,1.7999999523162842,95.54999542236328,0,0,0,True,,,,
1776723371,99314872,,12.219999313354492,0.0,0.0,0.0,0.0,1.7999999523162842,95.54999542236328,0,0,0,True,,,,
1776723371,149354439,,12.219999313354492,0.0,0.0,0.0,0.0,1.7999999523162842,95.54999542236328,0,0,0,True,,,,
1776723371,199385452,,12.219999313354492,0.0,0.0,0.0,0.0,1.7999999523162842,95.54999542236328,0,0,0,True,,,,
1776723371,249329447,,12.219999313354492,0.0,0.0,0.0,0.0,1.7999999523162842,95.54999542236328,0,0,0,True,,,,
1776723371,299276775,,12.219999313354492,0.0,0.0,0.0,0.0,1.7999999523162842,95.54999542236328,0,0,0,True,,,,
1776723371,349411155,,12.219999313354492,0.0,0.0,0.0,0.0,1.7999999523162842,95.54999542236328,0,0,0,True,,,,
1776723371,399316466,,12.219999313354492,0.0,0.0,0.0,0.0,1.7999999523162842,95.54999542236328,0,0,0,True,,,,
1776723371,449445662,,12.219999313354492,0.0,0.0,0.0,0.0,1.7999999523162842,95.54999542236328,0,0,0,True,,,,
1776723371,499279084,,12.199999809265137,0.0,0.0,0.0,0.0,1.7999999523162842,94.43999481201172,0,0,0,True,,,,
1776723371,549300837,,12.199999809265137,0.0,0.0,0.0,0.0,1.7999999523162842,94.43999481201172,0,0,0,True,,,,
1776723371,599247925,,12.1899995803833,0.0,0.0,0.0,0.0,1.7999999523162842,93.87999725341797,0,0,0,True,,,,
1776723371,649348788,,12.199999809265137,0.0,0.0,0.0,0.0,1.7999999523162842,94.43999481201172,0,0,0,True,,,,
1776723371,699257450,,12.199999809265137,0.0,0.0,0.0,0.0,1.7999999523162842,94.43999481201172,0,0,0,True,,,,
1776723371,749275407,,12.199999809265137,0.0,0.0,0.0,0.0,1.7999999523162842,94.43999481201172,0,0,0,True,,,,
1776723371,799276919,,12.199999809265137,0.0,0.0,0.0,0.0,1.7999999523162842,94.43999481201172,0,0,0,True,,,,
1776723371,849260525,,12.199999809265137,0.0,0.0,0.0,0.0,1.7999999523162842,94.43999481201172,0,0,0,True,,,,
1776723371,899263056,,12.199999809265137,0.0,0.0,0.0,0.0,1.7999999523162842,94.43999481201172,0,0,0,True,,,,
1776723371,949306975,,12.199999809265137,0.0,0.0,0.0,0.0,1.7999999523162842,94.43999481201172,0,0,0,True,,,,
1776723371,999257414,,12.219999313354492,0.0,0.0,0.0,0.0,1.7999999523162842,95.54999542236328,0,0,0,True,,,,
1776723372,49357647,,12.199999809265137,0.0,0.0,0.0,0.0,1.7999999523162842,94.43999481201172,0,0,0,True,,,,
1776723372,99346105,,12.219999313354492,0.0,0.0,0.0,0.0,1.7999999523162842,95.54999542236328,0,0,0,True,,,,
1776723372,149292877,,12.219999313354492,0.0,0.0,0.0,0.0,1.7999999523162842,95.54999542236328,0,0,0,True,,,,
1776723372,199313112,,12.219999313354492,0.0,0.0,0.0,0.0,1.7999999523162842,95.54999542236328,0,0,0,True,,,,
1776723372,249293847,,12.219999313354492,0.0,0.0,0.0,0.0,1.7999999523162842,95.54999542236328,0,0,0,True,,,,
1776723372,299316637,,12.219999313354492,0.0,0.0,0.0,0.0,1.7999999523162842,95.54999542236328,0,0,0,True,,,,
1776723372,349316001,,12.219999313354492,0.0,0.0,0.0,0.0,1.7999999523162842,95.54999542236328,0,0,0,True,,,,
1776723372,399290477,,12.219999313354492,0.0,0.0,0.0,0.0,1.7999999523162842,95.54999542236328,0,0,0,True,,,,
1776723372,449241231,,12.219999313354492,0.0,0.0,0.0,0.0,1.7999999523162842,95.54999542236328,0,0,0,True,,,,
1776723372,499319057,,12.219999313354492,0.0,0.0,0.0,0.0,1.7999999523162842,95.54999542236328,0,0,0,True,,,,
1776723372,549276960,,12.219999313354492,0.0,0.0,0.0,0.0,1.7999999523162842,95.54999542236328,0,0,0,True,,,,
1776723372,599273083,,12.219999313354492,0.0,0.0,0.0,0.0,1.7999999523162842,95.54999542236328,0,0,0,True,,,,
1776723372,649267004,,12.199999809265137,0.0,0.0,0.0,0.0,1.7999999523162842,94.43999481201172,0,0,0,True,,,,
1776723372,699261535,,12.219999313354492,0.0,0.0,0.0,0.0,1.7999999523162842,95.54999542236328,0,0,0,True,,,,
1776723372,749270140,,12.219999313354492,0.0,0.0,0.0,0.0,1.7999999523162842,95.54999542236328,0,0,0,True,,,,
1776723372,799259912,,12.219999313354492,0.0,0.0,0.0,0.0,1.7999999523162842,95.54999542236328,0,0,0,True,,,,
1776723372,849266739,,12.219999313354492,0.0,0.0,0.0,0.0,1.7999999523162842,95.54999542236328,0,0,0,True,,,,
1776723372,899261696,,12.199999809265137,0.0,0.0,0.0,0.0,1.7999999523162842,94.43999481201172,0,0,0,True,,,,
1776723372,949303004,,12.199999809265137,0.0,0.0,0.0,0.0,1.7999999523162842,94.43999481201172,0,0,0,True,,,,
1776723372,999312609,,12.219999313354492,0.0,0.0,0.0,0.0,1.7999999523162842,95.54999542236328,0,0,0,True,,,,
1776723373,49310974,,12.219999313354492,0.0,0.0,0.0,0.0,1.7999999523162842,95.54999542236328,0,0,0,True,,,,
1776723373,99361374,,12.219999313354492,0.0,0.0,0.0,0.0,1.7999999523162842,95.54999542236328,0,0,0,True,,,,
1776723373,149277259,,12.219999313354492,0.0,0.0,0.0,0.0,1.7999999523162842,95.54999542236328,0,0,0,True,,,,
1776723373,199314678,,12.219999313354492,0.0,0.0,0.0,0.0,1.7999999523162842,95.54999542236328,0,0,0,True,,,,
1776723373,249303432,,12.219999313354492,0.0,0.0,0.0,0.0,1.7999999523162842,95.54999542236328,0,0,0,True,,,,
1776723373,299254204,,12.219999313354492,0.0,0.0,0.0,0.0,1.7999999523162842,95.54999542236328,0,0,0,True,,,,
1776723373,349362196,,12.199999809265137,0.0,0.0,0.0,0.0,1.7999999523162842,94.43999481201172,0,0,0,True,,,,
1776723373,399269859,,12.219999313354492,0.0,0.0,0.0,0.0,1.7999999523162842,95.54999542236328,0,0,0,True,,,,
1776723373,449253390,,12.219999313354492,0.0,0.0,0.0,0.0,1.7999999523162842,95.54999542236328,0,0,0,True,,,,
1776723373,499269884,,12.219999313354492,0.0,0.0,0.0,0.0,1.7999999523162842,95.54999542236328,0,0,0,True,,,,
1776723373,549284026,,12.199999809265137,0.0,0.0,0.0,0.0,1.7999999523162842,94.43999481201172,0,0,0,True,,,,
1776723373,599248391,,12.199999809265137,0.0,0.0,0.0,0.0,1.7999999523162842,94.43999481201172,0,0,0,True,,,,
1776723373,649285644,,12.199999809265137,0.0,0.0,0.0,0.0,1.7999999523162842,94.43999481201172,0,0,0,True,,,,
1776723373,699288415,,12.219999313354492,0.0,0.0,0.0,0.0,1.7999999523162842,95.54999542236328,0,0,0,True,,,,
1776723373,749321298,,12.219999313354492,0.0,0.0,0.0,0.0,1.7999999523162842,95.54999542236328,0,0,0,True,,,,
1776723373,799237423,,12.219999313354492,0.0,0.0,0.0,0.0,1.7999999523162842,95.54999542236328,0,0,0,True,,,,
1776723373,849266583,,12.219999313354492,0.0,0.0,0.0,0.0,1.7999999523162842,95.54999542236328,0,0,0,True,,,,
1776723373,899309484,,12.219999313354492,0.0,0.0,0.0,0.0,1.7999999523162842,95.54999542236328,0,0,0,True,,,,
1776723373,949268756,,12.219999313354492,0.0,0.0,0.0,0.0,1.7999999523162842,95.54999542236328,0,0,0,True,,,,
1776723373,999246306,,12.219999313354492,0.0,0.0,0.0,0.0,1.7999999523162842,95.54999542236328,0,0,0,True,,,,
1776723374,49274374,,12.219999313354492,0.0,0.0,0.0,0.0,1.7999999523162842,95.54999542236328,0,0,0,True,,,,
1776723374,99260554,,12.199999809265137,0.0,0.0,0.0,0.0,1.7999999523162842,94.43999481201172,0,0,0,True,,,,
1776723374,149258955,,12.219999313354492,0.0,0.0,0.0,0.0,1.7999999523162842,95.54999542236328,0,0,0,True,,,,
1776723374,199229950,,12.219999313354492,0.0,0.0,0.0,0.0,1.7999999523162842,95.54999542236328,0,0,0,True,,,,
1776723374,249275443,,12.219999313354492,0.0,0.0,0.0,0.0,1.7999999523162842,95.54999542236328,0,0,0,True,,,,
1776723374,299241345,,12.219999313354492,0.0,0.0,0.0,0.0,1.7999999523162842,95.54999542236328,0,0,0,True,,,,
1776723374,349276190,,12.219999313354492,0.0,0.0,0.0,0.0,1.7999999523162842,95.54999542236328,0,0,0,True,,,,
1776723374,399266740,,12.199999809265137,0.0,0.0,0.0,0.0,1.7999999523162842,94.43999481201172,0,0,0,True,,,,
1776723374,449258401,,12.199999809265137,0.0,0.0,0.0,0.0,1.7999999523162842,94.43999481201172,0,0,0,True,,,,
1776723374,499214525,,12.199999809265137,0.0,0.0,0.0,0.0,1.7999999523162842,94.43999481201172,0,0,0,True,,,,
1776723374,549296537,,12.219999313354492,0.0,0.0,0.0,0.0,1.7999999523162842,95.54999542236328,0,0,0,True,,,,
1776723374,599289086,,12.219999313354492,0.0,0.0,0.0,0.0,1.7999999523162842,95.54999542236328,0,0,0,True,,,,
1776723374,649252970,,12.219999313354492,0.0,0.0,0.0,0.0,1.7999999523162842,95.54999542236328,0,0,0,True,,,,
1776723374,699296111,,12.219999313354492,0.0,0.0,0.0,0.0,1.7999999523162842,95.54999542236328,0,0,0,True,,,,
1776723374,749312790,,12.219999313354492,0.0,0.0,0.0,0.0,1.7999999523162842,95.54999542236328,0,0,0,True,,,,
1776723374,799222564,,12.219999313354492,0.0,0.0,0.0,0.0,1.7999999523162842,95.54999542236328,0,0,0,True,,,,
1776723374,849281742,,12.219999313354492,0.0,0.0,0.0,0.0,1.7999999523162842,95.54999542236328,0,0,0,True,,,,
1776723374,899244200,,12.239999771118164,0.0,0.0,0.0,0.0,1.7999999523162842,96.65999603271484,0,0,0,True,,,,
1776723374,949249249,,12.239999771118164,0.0,0.0,0.0,0.0,1.7999999523162842,96.65999603271484,0,0,0,True,,,,
1776723374,999238429,,12.219999313354492,0.0,0.0,0.0,0.0,1.7999999523162842,95.54999542236328,0,0,0,True,,,,
1776723375,49338921,,12.219999313354492,0.0,0.0,0.0,0.0,1.7999999523162842,95.54999542236328,0,0,0,True,,,,
1776723375,99265379,,12.219999313354492,0.0,0.0,0.0,0.0,1.7999999523162842,95.54999542236328,0,0,0,True,,,,
1776723375,149289928,,12.219999313354492,0.0,0.0,0.0,0.0,1.7999999523162842,95.54999542236328,0,0,0,True,,,,
1776723375,199247942,,12.199999809265137,0.0,0.0,0.0,0.0,1.7999999523162842,94.43999481201172,0,0,0,True,,,,
1776723375,249310638,,12.219999313354492,0.0,0.0,0.0,0.0,1.7999999523162842,95.54999542236328,0,0,0,True,,,,
1776723375,299232560,,12.219999313354492,0.0,0.0,0.0,0.0,1.7999999523162842,95.54999542236328,0,0,0,True,,,,
1776723375,349236424,,12.219999313354492,0.0,0.0,0.0,0.0,1.7999999523162842,95.54999542236328,0,0,0,True,,,,
1776723375,399243233,,12.219999313354492,0.0,0.0,0.0,0.0,1.7999999523162842,95.54999542236328,0,0,0,True,,,,
1776723375,449226579,,12.219999313354492,0.0,0.0,0.0,0.0,1.7999999523162842,95.54999542236328,0,0,0,True,,,,
1776723375,499239369,,12.219999313354492,0.0,0.0,0.0,0.0,1.7999999523162842,95.54999542236328,0,0,0,True,,,,
1776723375,549222863,,12.219999313354492,0.0,0.0,0.0,0.0,1.7999999523162842,95.54999542236328,0,0,0,True,,,,
1776723375,599209876,,12.219999313354492,0.0,0.0,0.0,0.0,1.7999999523162842,95.54999542236328,0,0,0,True,,,,
1776723375,649281758,,12.219999313354492,0.0,0.0,0.0,0.0,1.7999999523162842,95.54999542236328,0,0,0,True,,,,
1776723375,699242605,,12.219999313354492,0.0,0.0,0.0,0.0,1.7999999523162842,95.54999542236328,0,0,0,True,,,,
1776723375,749289209,,12.219999313354492,0.0,0.0,0.0,0.0,1.7999999523162842,95.54999542236328,0,0,0,True,,,,
1776723375,799219575,,12.239999771118164,0.0,0.0,0.0,0.0,1.7999999523162842,96.65999603271484,0,0,0,True,,,,
1776723375,849253531,,12.239999771118164,0.0,0.0,0.0,0.0,1.7999999523162842,96.65999603271484,0,0,0,True,,,,
1776723375,899194896,,12.239999771118164,0.0,0.0,0.0,0.0,1.7999999523162842,96.65999603271484,0,0,0,True,,,,
1776723375,949205001,,12.239999771118164,0.0,0.0,0.0,0.0,1.7999999523162842,96.65999603271484,0,0,0,True,,,,
1776723375,999226884,,12.239999771118164,0.0,0.0,0.0,0.0,1.7999999523162842,96.65999603271484,0,0,0,True,,,,
1776723376,49269526,,12.239999771118164,0.0,0.0,0.0,0.0,1.7999999523162842,96.65999603271484,0,0,0,True,,,,
1776723376,99195687,,12.239999771118164,0.0,0.0,0.0,0.0,1.7999999523162842,96.65999603271484,0,0,0,True,,,,
1776723376,149210348,,12.25999927520752,0.0,0.0,0.0,0.0,1.7999999523162842,97.7699966430664,0,0,0,True,,,,
1776723376,199243934,,12.239999771118164,0.0,0.0,0.0,0.0,1.7999999523162842,96.65999603271484,0,0,0,True,,,,
1776723376,249273742,,12.239999771118164,0.0,0.0,0.0,0.0,1.7999999523162842,96.65999603271484,0,0,0,True,,,,
1776723376,299202682,,12.239999771118164,0.0,0.0,0.0,0.0,1.7999999523162842,96.65999603271484,0,0,0,True,,,,
1776723376,349231176,,12.239999771118164,0.0,0.0,0.0,0.0,1.7999999523162842,96.65999603271484,0,0,0,True,,,,
1776723376,399196559,,12.219999313354492,0.0,0.0,0.0,0.0,1.7999999523162842,95.54999542236328,0,0,0,True,,,,
1776723376,449191720,,12.219999313354492,0.0,0.0,0.0,0.0,1.7999999523162842,95.54999542236328,0,0,0,True,,,,
1776723376,499218028,,12.239999771118164,0.0,0.0,0.0,0.0,1.7999999523162842,96.65999603271484,0,0,0,True,,,,
1776723376,549198986,,12.219999313354492,0.0,0.0,0.0,0.0,1.7999999523162842,95.54999542236328,0,0,0,True,,,,
1776723376,599327107,,12.239999771118164,0.0,0.0,0.0,0.0,1.7999999523162842,96.65999603271484,0,0,0,True,,,,
1776723376,649214548,,12.219999313354492,0.0,0.0,0.0,0.0,1.7999999523162842,95.54999542236328,0,0,0,True,,,,
1776723376,699263911,,12.239999771118164,0.0,0.0,0.0,0.0,1.7999999523162842,96.65999603271484,0,0,0,True,,,,
1776723376,749250424,,12.239999771118164,0.0,0.0,0.0,0.0,1.7999999523162842,96.65999603271484,0,0,0,True,,,,
1776723376,799210845,,12.239999771118164,0.0,0.0,0.0,0.0,1.7999999523162842,96.65999603271484,0,0,0,True,,,,
1776723376,849209913,,12.25999927520752,0.0,0.0,0.0,0.0,1.7999999523162842,97.7699966430664,0,0,0,True,,,,
1776723376,899194259,,12.239999771118164,0.0,0.0,0.0,0.0,1.7999999523162842,96.65999603271484,0,0,0,True,,,,
1776723376,949200235,,12.219999313354492,0.0,0.0,0.0,0.0,1.7999999523162842,95.54999542236328,0,0,0,True,,,,
1776723376,999220099,,12.239999771118164,0.0,0.0,0.0,0.0,1.7999999523162842,96.65999603271484,0,0,0,True,,,,
1776723377,49243240,,12.239999771118164,0.0,0.0,0.0,0.0,1.7999999523162842,96.65999603271484,0,0,0,True,,,,
1776723377,99180236,,12.239999771118164,0.0,0.0,0.0,0.0,1.7999999523162842,96.65999603271484,0,0,0,True,,,,
1776723377,149203285,,12.239999771118164,0.0,0.0,0.0,0.0,1.7999999523162842,96.65999603271484,0,0,0,True,,,,
1776723377,199202946,,12.239999771118164,0.0,0.0,0.0,0.0,1.7999999523162842,96.65999603271484,0,0,0,True,,,,
1776723377,249200662,,12.239999771118164,0.0,0.0,0.0,0.0,1.7999999523162842,96.65999603271484,0,0,0,True,,,,
1776723377,299266562,,12.219999313354492,0.0,0.0,0.0,0.0,1.7999999523162842,95.54999542236328,0,0,0,True,,,,
1776723377,349202391,,12.239999771118164,0.0,0.0,0.0,0.0,1.7999999523162842,96.65999603271484,0,0,0,True,,,,
1776723377,399219033,,12.239999771118164,0.0,0.0,0.0,0.0,1.7999999523162842,96.65999603271484,0,0,0,True,,,,
1776723377,449216545,,12.239999771118164,0.0,0.0,0.0,0.0,1.7999999523162842,96.65999603271484,0,0,0,True,,,,
1776723377,499241613,,12.239999771118164,0.0,0.0,0.0,0.0,1.7999999523162842,96.65999603271484,0,0,0,True,,,,
1776723377,549176516,,12.25999927520752,0.0,0.0,0.0,0.0,1.7999999523162842,97.7699966430664,0,0,0,True,,,,
1776723377,599205361,,12.239999771118164,0.0,0.0,0.0,0.0,1.7999999523162842,96.65999603271484,0,0,0,True,,,,
1776723377,649197263,,12.239999771118164,0.0,0.0,0.0,0.0,1.7999999523162842,96.65999603271484,0,0,0,True,,,,
1776723377,699272089,,12.239999771118164,0.0,0.0,0.0,0.0,1.7999999523162842,96.65999603271484,0,0,0,True,,,,
1776723377,749312730,,12.239999771118164,0.0,0.0,0.0,0.0,1.7999999523162842,96.65999603271484,0,0,0,True,,,,
1776723377,799268651,,12.219999313354492,0.0,0.0,0.0,0.0,1.7999999523162842,95.54999542236328,0,0,0,True,,,,
1776723377,849231405,,12.219999313354492,0.0,0.0,0.0,0.0,1.7999999523162842,95.54999542236328,0,0,0,True,,,,
1776723377,899195566,,12.239999771118164,0.0,0.0,0.0,0.0,1.7999999523162842,96.65999603271484,0,0,0,True,,,,
1776723377,949216060,,12.239999771118164,0.0,0.0,0.0,0.0,1.7999999523162842,96.65999603271484,0,0,0,True,,,,
1776723377,999165888,,12.239999771118164,0.0,0.0,0.0,0.0,1.7999999523162842,96.65999603271484,0,0,0,True,,,,
1776723378,49284602,,12.239999771118164,0.0,0.0,0.0,0.0,1.7999999523162842,96.65999603271484,0,0,0,True,,,,
1776723378,99162395,,12.239999771118164,0.0,0.0,0.0,0.0,1.7999999523162842,96.65999603271484,0,0,0,True,,,,
1776723378,149219721,,12.239999771118164,0.0,0.0,0.0,0.0,1.7999999523162842,96.65999603271484,0,0,0,True,,,,
1776723378,199176309,,12.239999771118164,0.0,0.0,0.0,0.0,1.7999999523162842,96.65999603271484,0,0,0,True,,,,
1776723378,249201599,,12.239999771118164,0.0,0.0,0.0,0.0,1.7999999523162842,96.65999603271484,0,0,0,True,,,,
1776723378,299153427,,12.25999927520752,0.0,0.0,0.0,0.0,1.7999999523162842,97.7699966430664,0,0,0,True,,,,
1776723378,349251030,,12.239999771118164,0.0,0.0,0.0,0.0,1.7999999523162842,96.65999603271484,0,0,0,True,,,,
1776723378,399178729,,12.219999313354492,0.0,0.0,0.0,0.0,1.7999999523162842,95.54999542236328,0,0,0,True,,,,
1776723378,449201242,,12.219999313354492,0.0,0.0,0.0,0.0,1.7999999523162842,95.54999542236328,0,0,0,True,,,,
1776723378,499204902,,12.219999313354492,0.0,0.0,0.0,0.0,1.7999999523162842,95.54999542236328,0,0,0,True,,,,
1776723378,549262599,,12.219999313354492,0.0,0.0,0.0,0.0,1.7999999523162842,95.54999542236328,0,0,0,True,,,,
1776723378,599181946,,12.219999313354492,0.0,0.0,0.0,0.0,1.7999999523162842,95.54999542236328,0,0,0,True,,,,
1776723378,649223977,,12.219999313354492,0.0,0.0,0.0,0.0,1.7999999523162842,95.54999542236328,0,0,0,True,,,,
1776723378,699115454,,12.219999313354492,0.0,0.0,0.0,0.0,1.7999999523162842,95.54999542236328,0,0,0,True,,,,
1776723378,749248835,,12.199999809265137,0.0,0.0,0.0,0.0,1.7999999523162842,94.43999481201172,0,0,0,True,,,,
1776723378,799169664,,12.219999313354492,0.0,0.0,0.0,0.0,1.7999999523162842,95.54999542236328,0,0,0,True,,,,
1776723378,849194157,,12.219999313354492,0.0,0.0,0.0,0.0,1.7999999523162842,95.54999542236328,0,0,0,True,,,,
1776723378,899194540,,12.219999313354492,0.0,0.0,0.0,0.0,1.7999999523162842,95.54999542236328,0,0,0,True,,,,
1776723378,949184720,,12.199999809265137,0.0,0.0,0.0,0.0,1.7999999523162842,94.43999481201172,0,0,0,True,,,,
1776723378,999216935,,12.199999809265137,0.0,0.0,0.0,0.0,1.7999999523162842,94.43999481201172,0,0,0,True,,,,
1776723379,49231114,,12.239999771118164,0.0,0.0,0.0,0.0,1.7999999523162842,96.65999603271484,0,0,0,True,,,,
1776723379,99180165,,12.219999313354492,0.0,0.0,0.0,0.0,1.7999999523162842,95.54999542236328,0,0,0,True,,,,
1776723379,149179011,,12.219999313354492,0.0,0.0,0.0,0.0,1.7999999523162842,95.54999542236328,0,0,0,True,,,,
1776723379,199223097,,12.219999313354492,0.0,0.0,0.0,0.0,1.7999999523162842,95.54999542236328,0,0,0,True,,,,
1776723379,249239664,,12.219999313354492,0.0,0.0,0.0,0.0,1.7999999523162842,95.54999542236328,0,0,0,True,,,,
1776723379,299144049,,12.219999313354492,0.0,0.0,0.0,0.0,1.7999999523162842,95.54999542236328,0,0,0,True,,,,
1776723379,349188376,,12.219999313354492,0.0,0.0,0.0,0.0,1.7999999523162842,95.54999542236328,0,0,0,True,,,,
1776723379,399184962,,12.219999313354492,0.0,0.0,0.0,0.0,1.7999999523162842,95.54999542236328,0,0,0,True,,,,
1776723379,449225974,,12.219999313354492,0.0,0.0,0.0,0.0,1.7999999523162842,95.54999542236328,0,0,0,True,,,,
1776723379,499219098,,12.219999313354492,0.0,0.0,0.0,0.0,1.7999999523162842,95.54999542236328,0,0,0,True,,,,
1776723379,549223925,,12.219999313354492,0.0,0.0,0.0,0.0,1.7999999523162842,95.54999542236328,0,0,0,True,,,,
1776723379,599178883,,12.219999313354492,0.0,0.0,0.0,0.0,1.7999999523162842,95.54999542236328,0,0,0,True,,,,
1776723379,649184803,,12.219999313354492,0.0,0.0,0.0,0.0,1.7999999523162842,95.54999542236328,0,0,0,True,,,,
1776723379,699201982,,12.219999313354492,0.0,0.0,0.0,0.0,1.7999999523162842,95.54999542236328,0,0,0,True,,,,
1776723379,749216828,,12.219999313354492,0.0,0.0,0.0,0.0,1.7999999523162842,95.54999542236328,0,0,0,True,,,,
1776723379,799169878,,12.219999313354492,0.0,0.0,0.0,0.0,1.7999999523162842,95.54999542236328,0,0,0,True,,,,
1776723379,849222427,,12.219999313354492,0.0,0.0,0.0,0.0,1.7999999523162842,95.54999542236328,0,0,0,True,,,,
1776723379,899153255,,12.219999313354492,0.0,0.0,0.0,0.0,1.7999999523162842,95.54999542236328,0,0,0,True,,,,
1776723379,949186601,,12.219999313354492,0.0,0.0,0.0,0.0,1.7999999523162842,95.54999542236328,0,0,0,True,,,,
1776723379,999143447,,12.219999313354492,0.0,0.0,0.0,0.0,1.7999999523162842,95.54999542236328,0,0,0,True,,,,
1776723380,49158978,,12.219999313354492,0.0,0.0,0.0,0.0,1.7999999523162842,95.54999542236328,0,0,0,True,,,,
1776723380,99194305,,12.199999809265137,0.0,0.0,0.0,0.0,1.7999999523162842,94.43999481201172,0,0,0,True,,,,
1776723380,149209558,,12.199999809265137,0.0,0.0,0.0,0.0,1.7999999523162842,94.43999481201172,0,0,0,True,,,,
1776723380,199158201,,12.219999313354492,0.0,0.0,0.0,0.0,1.7999999523162842,95.54999542236328,0,0,0,True,,,,
1776723380,249185213,,12.219999313354492,0.0,0.0,0.0,0.0,1.7999999523162842,95.54999542236328,0,0,0,True,,,,
1776723380,299139208,,12.219999313354492,0.0,0.0,0.0,0.0,1.7999999523162842,95.54999542236328,0,0,0,True,,,,
1776723380,349199997,,12.219999313354492,0.0,0.0,0.0,0.0,1.7999999523162842,95.54999542236328,0,0,0,True,,,,
1776723380,399168029,,12.219999313354492,0.0,0.0,0.0,0.0,1.7999999523162842,95.54999542236328,0,0,0,True,,,,
1776723380,449179634,,12.219999313354492,0.0,0.0,0.0,0.0,1.7999999523162842,95.54999542236328,0,0,0,True,,,,
1776723380,499137573,,12.199999809265137,0.0,0.0,0.0,0.0,1.7999999523162842,94.43999481201172,0,0,0,True,,,,
1776723380,549229195,,12.219999313354492,0.0,0.0,0.0,0.0,1.7999999523162842,95.54999542236328,0,0,0,True,,,,
1776723380,599113580,,12.219999313354492,0.0,0.0,0.0,0.0,1.7999999523162842,95.54999542236328,0,0,0,True,,,,
1776723380,649185814,,12.219999313354492,0.0,0.0,0.0,0.0,1.7999999523162842,95.54999542236328,0,0,0,True,,,,
1776723380,699146957,,12.219999313354492,0.0,0.0,0.0,0.0,1.7999999523162842,95.54999542236328,0,0,0,True,,,,
1776723380,749153488,,12.219999313354492,0.0,0.0,0.0,0.0,1.7999999523162842,95.54999542236328,0,0,0,True,,,,
1776723380,799190703,,12.219999313354492,0.0,0.0,0.0,0.0,1.7999999523162842,95.54999542236328,0,0,0,True,,,,
1776723380,849159717,,12.219999313354492,0.0,0.0,0.0,0.0,1.7999999523162842,95.54999542236328,0,0,0,True,,,,
1776723380,899162081,,12.219999313354492,0.0,0.0,0.0,0.0,1.7999999523162842,95.54999542236328,0,0,0,True,,,,
1776723380,949112520,,12.199999809265137,0.0,0.0,0.0,0.0,1.7999999523162842,94.43999481201172,0,0,0,True,,,,
1776723380,999136736,,12.199999809265137,0.0,0.0,0.0,0.0,1.7999999523162842,94.43999481201172,0,0,0,True,,,,
1776723381,49233803,,12.219999313354492,0.0,0.0,0.0,0.0,1.7999999523162842,95.54999542236328,0,0,0,True,,,,
1776723381,99140076,,12.219999313354492,0.0,0.0,0.0,0.0,1.7999999523162842,95.54999542236328,0,0,0,True,,,,
1776723381,149184662,,12.219999313354492,0.0,0.0,0.0,0.0,1.7999999523162842,95.54999542236328,0,0,0,True,,,,
1776723381,199137286,,12.219999313354492,0.0,0.0,0.0,0.0,1.7999999523162842,95.54999542236328,0,0,0,True,,,,
1776723381,249146447,,12.219999313354492,0.0,0.0,0.0,0.0,1.7999999523162842,95.54999542236328,0,0,0,True,,,,
1776723381,299235273,,12.239999771118164,0.0,0.0,0.0,0.0,1.7999999523162842,96.65999603271484,0,0,0,True,,,,
1776723381,349154750,,12.239999771118164,0.0,0.0,0.0,0.0,1.7999999523162842,96.65999603271484,0,0,0,True,,,,
1776723381,399194632,,12.219999313354492,0.0,0.0,0.0,0.0,1.7999999523162842,95.54999542236328,0,0,0,True,,,,
1776723381,449264236,,12.199999809265137,0.0,0.0,0.0,0.0,1.7999999523162842,94.43999481201172,0,0,0,True,,,,
1776723381,499099492,,12.1899995803833,0.0,0.0,0.0,0.0,1.7999999523162842,93.87999725341797,0,0,0,True,,,,
1776723381,549081375,,12.199999809265137,0.0,0.0,0.0,0.0,1.7999999523162842,94.43999481201172,0,0,0,True,,,,
1776723381,599084610,,12.1899995803833,0.0,0.0,0.0,0.0,1.7999999523162842,93.87999725341797,0,0,0,True,,,,
1776723381,649121511,,12.199999809265137,0.0,0.0,0.0,0.0,1.7999999523162842,94.43999481201172,0,0,0,True,,,,
1776723381,699111968,,12.199999809265137,0.0,0.0,0.0,0.0,1.7999999523162842,94.43999481201172,0,0,0,True,,,,
1776723381,749102425,,12.199999809265137,0.0,0.0,0.0,0.0,1.7999999523162842,94.43999481201172,0,0,0,True,,,,
1776723381,799096679,,12.219999313354492,0.0,0.0,0.0,0.0,1.7999999523162842,95.54999542236328,0,0,0,True,,,,
1776723381,849123969,,12.199999809265137,0.0,0.0,0.0,0.0,1.7999999523162842,94.43999481201172,0,0,0,True,,,,
1776723381,899099371,,12.199999809265137,0.0,0.0,0.0,0.0,1.7999999523162842,94.43999481201172,0,0,0,True,,,,
1776723381,949093346,,12.199999809265137,0.0,0.0,0.0,0.0,1.7999999523162842,94.43999481201172,0,0,0,True,,,,
1776723381,999150432,,12.219999313354492,0.0,0.0,0.0,0.0,1.7999999523162842,95.54999542236328,0,0,0,True,,,,
1776723382,49215388,,12.199999809265137,0.0,0.0,0.0,0.0,1.7999999523162842,94.43999481201172,0,0,0,True,,,,
1776723382,99116328,,12.219999313354492,0.0,0.0,0.0,0.0,1.7999999523162842,95.54999542236328,0,0,0,True,,,,
1776723382,149176803,,12.219999313354492,0.0,0.0,0.0,0.0,1.7999999523162842,95.54999542236328,0,0,0,True,,,,
1776723382,199132853,,12.219999313354492,0.0,0.0,0.0,0.0,1.7999999523162842,95.54999542236328,0,0,0,True,,,,
1776723382,249084903,,12.199999809265137,0.0,0.0,0.0,0.0,1.7999999523162842,94.43999481201172,0,0,0,True,,,,
1776723382,299130100,,12.199999809265137,0.0,0.0,0.0,0.0,1.7999999523162842,94.43999481201172,0,0,0,True,,,,
1776723382,349180890,,12.199999809265137,0.0,0.0,0.0,0.0,1.7999999523162842,94.43999481201172,0,0,0,True,,,,
1776723382,399174088,,12.219999313354492,0.0,0.0,0.0,0.0,1.7999999523162842,95.54999542236328,0,0,0,True,,,,
1776723382,449136305,,12.219999313354492,0.0,0.0,0.0,0.0,1.7999999523162842,95.54999542236328,0,0,0,True,,,,
1776723382,499147058,,12.219999313354492,0.0,0.0,0.0,0.0,1.7999999523162842,95.54999542236328,0,0,0,True,,,,
1776723382,549071720,,12.199999809265137,0.0,0.0,0.0,0.0,1.7999999523162842,94.43999481201172,0,0,0,True,,,,
1776723382,599092269,,12.219999313354492,0.0,0.0,0.0,0.0,1.7999999523162842,95.54999542236328,0,0,0,True,,,,
1776723382,649132725,,12.219999313354492,0.0,0.0,0.0,0.0,1.7999999523162842,95.54999542236328,0,0,0,True,,,,
1776723382,699068035,,12.199999809265137,0.0,0.0,0.0,0.0,1.7999999523162842,94.43999481201172,0,0,0,True,,,,
1776723382,749107732,,12.199999809265137,0.0,0.0,0.0,0.0,1.7999999523162842,94.43999481201172,0,0,0,True,,,,
1776723382,799108615,,12.219999313354492,0.0,0.0,0.0,0.0,1.7999999523162842,95.54999542236328,0,0,0,True,,,,
1776723382,849130202,,12.199999809265137,0.0,0.0,0.0,0.0,1.7999999523162842,94.43999481201172,0,0,0,True,,,,
1776723382,899095178,,12.219999313354492,0.0,0.0,0.0,0.0,1.7999999523162842,95.54999542236328,0,0,0,True,,,,
1776723382,949118542,,12.219999313354492,0.0,0.0,0.0,0.0,1.7999999523162842,95.54999542236328,0,0,0,True,,,,
1776723382,999048722,,12.219999313354492,0.0,0.0,0.0,0.0,1.7999999523162842,95.54999542236328,0,0,0,True,,,,
1776723383,49117734,,12.219999313354492,0.0,0.0,0.0,0.0,1.7999999523162842,95.54999542236328,0,0,0,True,,,,
1776723383,99134672,,12.219999313354492,0.0,0.0,0.0,0.0,1.7999999523162842,95.54999542236328,0,0,0,True,,,,
1776723383,149161351,,12.219999313354492,0.0,0.0,0.0,0.0,1.7999999523162842,95.54999542236328,0,0,0,True,,,,
1776723383,199071957,,12.219999313354492,0.0,0.0,0.0,0.0,1.7999999523162842,95.54999542236328,0,0,0,True,,,,
1776723383,249120303,,12.219999313354492,0.0,0.0,0.0,0.0,1.7999999523162842,95.54999542236328,0,0,0,True,,,,
1776723383,299103667,,12.219999313354492,0.0,0.0,0.0,0.0,1.7999999523162842,95.54999542236328,0,0,0,True,,,,
1776723383,349265381,,12.199999809265137,0.0,0.0,0.0,0.0,1.7999999523162842,94.43999481201172,0,0,0,True,,,,
1776723383,399104822,,12.219999313354492,0.0,0.0,0.0,0.0,1.7999999523162842,95.54999542236328,0,0,0,True,,,,
1776723383,449093409,,12.219999313354492,0.0,0.0,0.0,0.0,1.7999999523162842,95.54999542236328,0,0,0,True,,,,
1776723383,499095792,,12.199999809265137,0.0,0.0,0.0,0.0,1.7999999523162842,94.43999481201172,0,0,0,True,,,,
1776723383,549130730,,12.219999313354492,0.0,0.0,0.0,0.0,1.7999999523162842,95.54999542236328,0,0,0,True,,,,
1776723383,599052040,,12.199999809265137,0.0,0.0,0.0,0.0,1.7999999523162842,94.43999481201172,0,0,0,True,,,,
1776723383,649149162,,12.199999809265137,0.0,0.0,0.0,0.0,1.7999999523162842,94.43999481201172,0,0,0,True,,,,
1776723383,699099064,,12.219999313354492,0.0,0.0,0.0,0.0,1.7999999523162842,95.54999542236328,0,0,0,True,,,,
1776723383,749152909,,12.199999809265137,0.0,0.0,0.0,0.0,1.7999999523162842,94.43999481201172,0,0,0,True,,,,
1776723383,799107256,,12.219999313354492,0.0,0.0,0.0,0.0,1.7999999523162842,95.54999542236328,0,0,0,True,,,,
1776723383,849190471,,12.219999313354492,0.0,0.0,0.0,0.0,1.7999999523162842,95.54999542236328,0,0,0,True,,,,
1776723383,899070893,,12.219999313354492,0.0,0.0,0.0,0.0,1.7999999523162842,95.54999542236328,0,0,0,True,,,,
1776723383,949188811,,12.199999809265137,0.0,0.0,0.0,0.0,1.7999999523162842,94.43999481201172,0,0,0,True,,,,
1776723383,999059752,,12.219999313354492,0.0,0.0,0.0,0.0,1.7999999523162842,95.54999542236328,0,0,0,True,,,,
1776723384,49284668,,12.219999313354492,0.0,0.0,0.0,0.0,1.7999999523162842,95.54999542236328,0,0,0,True,,,,
1776723384,99085387,,12.199999809265137,0.0,0.0,0.0,0.0,1.7999999523162842,94.43999481201172,0,0,0,True,,,,
1776723384,149250508,,12.219999313354492,0.0,0.0,0.0,0.0,1.7999999523162842,95.54999542236328,0,0,0,True,,,,
1776723384,199038895,,12.219999313354492,0.0,0.0,0.0,0.0,1.7999999523162842,95.54999542236328,0,0,0,True,,,,
1776723384,249118962,,12.219999313354492,0.0,0.0,0.0,0.0,1.7999999523162842,95.54999542236328,0,0,0,True,,,,
1776723384,299097271,,12.219999313354492,0.0,0.0,0.0,0.0,1.7999999523162842,95.54999542236328,0,0,0,True,,,,
1776723384,349077321,,12.219999313354492,0.0,0.0,0.0,0.0,1.7999999523162842,95.54999542236328,0,0,0,True,,,,
1776723384,399058908,,12.219999313354492,0.0,0.0,0.0,0.0,1.7999999523162842,95.54999542236328,0,0,0,True,,,,
1776723384,449126604,,12.219999313354492,0.0,0.0,0.0,0.0,1.7999999523162842,95.54999542236328,0,0,0,True,,,,
1776723384,499085599,,12.219999313354492,0.0,0.0,0.0,0.0,1.7999999523162842,95.54999542236328,0,0,0,True,,,,
1776723384,549167925,,12.219999313354492,0.0,0.0,0.0,0.0,1.7999999523162842,95.54999542236328,0,0,0,True,,,,
1776723384,599056847,,12.219999313354492,0.0,0.0,0.0,0.0,1.7999999523162842,95.54999542236328,0,0,0,True,,,,
1776723384,649118840,,12.219999313354492,0.0,0.0,0.0,0.0,1.7999999523162842,95.54999542236328,0,0,0,True,,,,
1776723384,699194296,,12.199999809265137,0.0,0.0,0.0,0.0,1.7999999523162842,94.43999481201172,0,0,0,True,,,,
1776723384,749105551,,12.219999313354492,0.0,0.0,0.0,0.0,1.7999999523162842,95.54999542236328,0,0,0,True,,,,
1776723384,799087526,,12.199999809265137,0.0,0.0,0.0,0.0,1.7999999523162842,94.43999481201172,0,0,0,True,,,,
1776723384,849095798,,12.219999313354492,0.0,0.0,0.0,0.0,1.7999999523162842,95.54999542236328,0,0,0,True,,,,
1776723384,899072144,,12.219999313354492,0.0,0.0,0.0,0.0,1.7999999523162842,95.54999542236328,0,0,0,True,,,,
1776723384,949119823,,12.219999313354492,0.0,0.0,0.0,0.0,1.7999999523162842,95.54999542236328,0,0,0,True,,,,
1776723384,999053448,,12.219999313354492,0.0,0.0,0.0,0.0,1.7999999523162842,95.54999542236328,0,0,0,True,,,,
1776723385,49133070,,12.219999313354492,0.0,0.0,0.0,0.0,1.7999999523162842,95.54999542236328,0,0,0,True,,,,
1776723385,99089231,,12.199999809265137,0.0,0.0,0.0,0.0,1.7999999523162842,94.43999481201172,0,0,0,True,,,,
1776723385,149092577,,12.199999809265137,0.0,0.0,0.0,0.0,1.7999999523162842,94.43999481201172,0,0,0,True,,,,
1776723385,199100682,,12.219999313354492,0.0,0.0,0.0,0.0,1.7999999523162842,95.54999542236328,0,0,0,True,,,,
1776723385,249126695,,12.219999313354492,0.0,0.0,0.0,0.0,1.7999999523162842,95.54999542236328,0,0,0,True,,,,
1776723385,299071078,,12.199999809265137,0.0,0.0,0.0,0.0,1.7999999523162842,94.43999481201172,0,0,0,True,,,,
1776723385,349111164,,12.199999809265137,0.0,0.0,0.0,0.0,1.7999999523162842,94.43999481201172,0,0,0,True,,,,
1776723385,399078659,,12.219999313354492,0.0,0.0,0.0,0.0,1.7999999523162842,95.54999542236328,0,0,0,True,,,,
1776723385,449004784,,12.199999809265137,0.0,0.0,0.0,0.0,1.7999999523162842,94.43999481201172,0,0,0,True,,,,
1776723385,499072129,,12.219999313354492,0.0,0.0,0.0,0.0,1.7999999523162842,95.54999542236328,0,0,0,True,,,,
1776723385,549064123,,12.219999313354492,0.0,0.0,0.0,0.0,1.7999999523162842,95.54999542236328,0,0,0,True,,,,
1776723385,599065191,,12.199999809265137,0.0,0.0,0.0,0.0,1.7999999523162842,94.43999481201172,0,0,0,True,,,,
1776723385,649142795,,12.219999313354492,0.0,0.0,0.0,0.0,1.7999999523162842,95.54999542236328,0,0,0,True,,,,
1776723385,699003439,,12.219999313354492,0.0,0.0,0.0,0.0,1.7999999523162842,95.54999542236328,0,0,0,True,,,,
1776723385,749112043,,12.219999313354492,0.0,0.0,0.0,0.0,1.7999999523162842,95.54999542236328,0,0,0,True,,,,
1776723385,799037020,,12.219999313354492,0.0,0.0,0.0,0.0,1.7999999523162842,95.54999542236328,0,0,0,True,,,,
1776723385,849096865,,12.199999809265137,0.0,0.0,0.0,0.0,1.7999999523162842,94.43999481201172,0,0,0,True,,,,
1776723385,899036415,,12.219999313354492,0.0,0.0,0.0,0.0,1.7999999523162842,95.54999542236328,0,0,0,True,,,,
1776723385,949065409,,12.199999809265137,0.0,0.0,0.0,0.0,1.7999999523162842,94.43999481201172,0,0,0,True,,,,
1776723385,999004608,,12.199999809265137,0.0,0.0,0.0,0.0,1.7999999523162842,94.43999481201172,0,0,0,True,,,,
1776723386,49072267,,12.219999313354492,0.0,0.0,0.0,0.0,1.7999999523162842,95.54999542236328,0,0,0,True,,,,
1776723386,99043502,,12.219999313354492,0.0,0.0,0.0,0.0,1.7999999523162842,95.54999542236328,0,0,0,True,,,,
1776723386,149095570,,12.219999313354492,0.0,0.0,0.0,0.0,1.7999999523162842,95.54999542236328,0,0,0,True,,,,
1776723386,199051916,,12.219999313354492,0.0,0.0,0.0,0.0,1.7999999523162842,95.54999542236328,0,0,0,True,,,,
1776723386,249119946,,12.219999313354492,0.0,0.0,0.0,0.0,1.7999999523162842,95.54999542236328,0,0,0,True,,,,
1776723386,299079089,,12.219999313354492,0.0,0.0,0.0,0.0,1.7999999523162842,95.54999542236328,0,0,0,True,,,,
1776723386,349094287,,12.219999313354492,0.0,0.0,0.0,0.0,1.7999999523162842,95.54999542236328,0,0,0,True,,,,
1776723386,399036893,,12.219999313354492,0.0,0.0,0.0,0.0,1.7999999523162842,95.54999542236328,0,0,0,True,,,,
1776723386,452272165,,12.219999313354492,0.0,0.0,0.0,0.0,1.7999999523162842,95.54999542236328,0,0,0,True,,,,
1776723386,499055121,,12.219999313354492,0.0,0.0,0.0,0.0,1.7999999523162842,95.54999542236328,0,0,0,True,,,,
1776723386,549092596,,12.199999809265137,0.0,0.0,0.0,0.0,1.7999999523162842,94.43999481201172,0,0,0,True,,,,
1776723386,599039610,,12.219999313354492,0.0,0.0,0.0,0.0,1.7999999523162842,95.54999542236328,0,0,0,True,,,,
1776723386,649140213,,12.199999809265137,0.0,0.0,0.0,0.0,1.7999999523162842,94.43999481201172,0,0,0,True,,,,
1776723386,699069394,,12.199999809265137,0.0,0.0,0.0,0.0,1.7999999523162842,94.43999481201172,0,0,0,True,,,,
1776723386,749129868,,12.199999809265137,0.0,0.0,0.0,0.0,1.7999999523162842,94.43999481201172,0,0,0,True,,,,
1776723386,799075882,,12.199999809265137,0.0,0.0,0.0,0.0,1.7999999523162842,94.43999481201172,0,0,0,True,,,,
1776723386,849070339,,12.219999313354492,0.0,0.0,0.0,0.0,1.7999999523162842,95.54999542236328,0,0,0,True,,,,
1776723386,899045259,,12.199999809265137,0.0,0.0,0.0,0.0,1.7999999523162842,94.43999481201172,0,0,0,True,,,,
1776723386,949089327,,12.199999809265137,0.0,0.0,0.0,0.0,1.7999999523162842,94.43999481201172,0,0,0,True,,,,
1776723386,999088969,,12.199999809265137,0.0,0.0,0.0,0.0,1.7999999523162842,94.43999481201172,0,0,0,True,,,,
1776723387,49090444,,12.199999809265137,0.0,0.0,0.0,0.0,1.7999999523162842,94.43999481201172,0,0,0,True,,,,
1776723387,99040347,,12.199999809265137,0.0,0.0,0.0,0.0,1.7999999523162842,94.43999481201172,0,0,0,True,,,,
1776723387,149060748,,12.219999313354492,0.0,0.0,0.0,0.0,1.7999999523162842,95.54999542236328,0,0,0,True,,,,
1776723387,199045816,,12.199999809265137,0.0,0.0,0.0,0.0,1.7999999523162842,94.43999481201172,0,0,0,True,,,,
1776723387,249011681,,12.219999313354492,0.0,0.0,0.0,0.0,1.7999999523162842,95.54999542236328,0,0,0,True,,,,
1776723387,299076304,,12.199999809265137,0.0,0.0,0.0,0.0,1.7999999523162842,94.43999481201172,0,0,0,True,,,,
1776723387,349020688,,12.1899995803833,0.0,0.0,0.0,0.0,1.7999999523162842,93.87999725341797,0,0,0,True,,,,
1776723387,399059922,,12.199999809265137,0.0,0.0,0.0,0.0,1.7999999523162842,94.43999481201172,0,0,0,True,,,,
1776723387,449081712,,12.219999313354492,0.0,0.0,0.0,0.0,1.7999999523162842,95.54999542236328,0,0,0,True,,,,
1776723387,499000189,,12.219999313354492,0.0,0.0,0.0,0.0,1.7999999523162842,95.54999542236328,0,0,0,True,,,,
1776723387,549103885,,12.219999313354492,0.0,0.0,0.0,0.0,1.7999999523162842,95.54999542236328,0,0,0,True,,,,
1776723387,599040232,,12.1899995803833,0.0,0.0,0.0,0.0,1.7999999523162842,93.87999725341797,0,0,0,True,,,,
1776723387,648992801,,12.219999313354492,0.0,0.0,0.0,0.0,1.7999999523162842,95.54999542236328,0,0,0,True,,,,
1776723387,699111922,,12.199999809265137,0.0,0.0,0.0,0.0,1.7999999523162842,94.43999481201172,0,0,0,True,,,,
1776723387,749020825,,12.199999809265137,0.0,0.0,0.0,0.0,1.7999999523162842,94.43999481201172,0,0,0,True,,,,
1776723387,799096781,,12.199999809265137,0.0,0.0,0.0,0.0,1.7999999523162842,94.43999481201172,0,0,0,True,,,,
1776723387,849002406,,12.199999809265137,0.0,0.0,0.0,0.0,1.7999999523162842,94.43999481201172,0,0,0,True,,,,
1776723387,899051492,,12.199999809265137,0.0,0.0,0.0,0.0,1.7999999523162842,94.43999481201172,0,0,0,True,,,,
1776723387,949025672,,12.219999313354492,0.0,0.0,0.0,0.0,1.7999999523162842,95.54999542236328,0,0,0,True,,,,
1776723387,999016314,,12.199999809265137,0.0,0.0,0.0,0.0,1.7999999523162842,94.43999481201172,0,0,0,True,,,,
1776723388,49106455,,12.199999809265137,0.0,0.0,0.0,0.0,1.7999999523162842,94.43999481201172,0,0,0,True,,,,
1776723388,99029432,,12.199999809265137,0.0,0.0,0.0,0.0,1.7999999523162842,94.43999481201172,0,0,0,True,,,,
1776723388,149076851,,12.219999313354492,0.0,0.0,0.0,0.0,1.7999999523162842,95.54999542236328,0,0,0,True,,,,
1776723388,198952884,,12.199999809265137,0.0,0.0,0.0,0.0,1.7999999523162842,94.43999481201172,0,0,0,True,,,,
1776723388,249018896,,12.1899995803833,0.0,0.0,0.0,0.0,1.7999999523162842,93.87999725341797,0,0,0,True,,,,
1776723388,298988872,,12.219999313354492,0.0,0.0,0.0,0.0,1.7999999523162842,95.54999542236328,0,0,0,True,,,,
1776723388,349072753,,12.219999313354492,0.0,0.0,0.0,0.0,1.7999999523162842,95.54999542236328,0,0,0,True,,,,
1776723388,399017841,,12.199999809265137,0.0,0.0,0.0,0.0,1.7999999523162842,94.43999481201172,0,0,0,True,,,,
1776723388,449074871,,12.199999809265137,0.0,0.0,0.0,0.0,1.7999999523162842,94.43999481201172,0,0,0,True,,,,
1776723388,499001144,,12.219999313354492,0.0,0.0,0.0,0.0,1.7999999523162842,95.54999542236328,0,0,0,True,,,,
1776723388,549004027,,12.219999313354492,0.0,0.0,0.0,0.0,1.7999999523162842,95.54999542236328,0,0,0,True,,,,
1776723388,599018632,,12.199999809265137,0.0,0.0,0.0,0.0,1.7999999523162842,94.43999481201172,0,0,0,True,,,,
1776723388,648980145,,12.199999809265137,0.0,0.0,0.0,0.0,1.7999999523162842,94.43999481201172,0,0,0,True,,,,
1776723388,698991528,,12.199999809265137,0.0,0.0,0.0,0.0,1.7999999523162842,94.43999481201172,0,0,0,True,,,,
1776723388,749018096,,12.199999809265137,0.0,0.0,0.0,0.0,1.7999999523162842,94.43999481201172,0,0,0,True,,,,
1776723388,798986294,,12.199999809265137,0.0,0.0,0.0,0.0,1.7999999523162842,94.43999481201172,0,0,0,True,,,,
1776723388,849008288,,12.1899995803833,0.0,0.0,0.0,0.0,1.7999999523162842,93.87999725341797,0,0,0,True,,,,
1776723388,898977153,,12.1899995803833,0.0,0.0,0.0,0.0,1.7999999523162842,93.87999725341797,0,0,0,True,,,,
1776723388,949146996,,12.199999809265137,0.0,0.0,0.0,0.0,1.7999999523162842,94.43999481201172,0,0,0,True,,,,
1776723388,998993529,,12.1899995803833,0.0,0.0,0.0,0.0,1.7999999523162842,93.87999725341797,0,0,0,True,,,,
1776723389,49089133,,12.199999809265137,0.0,0.0,0.0,0.0,1.7999999523162842,94.43999481201172,0,0,0,True,,,,
1776723389,99018054,,12.199999809265137,0.0,0.0,0.0,0.0,1.7999999523162842,94.43999481201172,0,0,0,True,,,,
1776723389,149021307,,12.199999809265137,0.0,0.0,0.0,0.0,1.7999999523162842,94.43999481201172,0,0,0,True,,,,
1776723389,198996172,,12.199999809265137,0.0,0.0,0.0,0.0,1.7999999523162842,94.43999481201172,0,0,0,True,,,,
1776723389,248990574,,12.199999809265137,0.0,0.0,0.0,0.0,1.7999999523162842,94.43999481201172,0,0,0,True,,,,
1776723389,298995790,,12.219999313354492,0.0,0.0,0.0,0.0,1.7999999523162842,95.54999542236328,0,0,0,True,,,,
1776723389,348956470,,12.199999809265137,0.0,0.0,0.0,0.0,1.7999999523162842,94.43999481201172,0,0,0,True,,,,
1776723389,399032000,,12.199999809265137,0.0,0.0,0.0,0.0,1.7999999523162842,94.43999481201172,0,0,0,True,,,,
1776723389,448994105,,12.199999809265137,0.0,0.0,0.0,0.0,1.7999999523162842,94.43999481201172,0,0,0,True,,,,
1776723389,499022914,,12.199999809265137,0.0,0.0,0.0,0.0,1.7999999523162842,94.43999481201172,0,0,0,True,,,,
1776723389,548990760,,12.1899995803833,0.0,0.0,0.0,0.0,1.7999999523162842,93.87999725341797,0,0,0,True,,,,
1776723389,599032680,,12.199999809265137,0.0,0.0,0.0,0.0,1.7999999523162842,94.43999481201172,0,0,0,True,,,,
1776723389,648981267,,12.199999809265137,0.0,0.0,0.0,0.0,1.7999999523162842,94.43999481201172,0,0,0,True,,,,
1776723389,699046019,,12.199999809265137,0.0,0.0,0.0,0.0,1.7999999523162842,94.43999481201172,0,0,0,True,,,,
1776723389,748999422,,12.199999809265137,0.0,0.0,0.0,0.0,1.7999999523162842,94.43999481201172,0,0,0,True,,,,
1776723389,798998082,,12.219999313354492,0.0,0.0,0.0,0.0,1.7999999523162842,95.54999542236328,0,0,0,True,,,,
1776723389,849021206,,12.199999809265137,0.0,0.0,0.0,0.0,1.7999999523162842,94.43999481201172,0,0,0,True,,,,
1776723389,898980849,,12.219999313354492,0.0,0.0,0.0,0.0,1.7999999523162842,95.54999542236328,0,0,0,True,,,,
1776723389,948976861,,12.219999313354492,0.0,0.0,0.0,0.0,1.7999999523162842,95.54999542236328,0,0,0,True,,,,
1776723389,998968392,,12.219999313354492,0.0,0.0,0.0,0.0,1.7999999523162842,95.54999542236328,0,0,0,True,,,,
1776723390,49027404,,12.219999313354492,0.0,0.0,0.0,0.0,1.7999999523162842,95.54999542236328,0,0,0,True,,,,
1776723390,98972251,,12.219999313354492,0.0,0.0,0.0,0.0,1.7999999523162842,95.54999542236328,0,0,0,True,,,,
1776723390,148994930,,12.219999313354492,0.0,0.0,0.0,0.0,1.7999999523162842,95.54999542236328,0,0,0,True,,,,
1776723390,198956573,,12.219999313354492,0.0,0.0,0.0,0.0,1.7999999523162842,95.54999542236328,0,0,0,True,,,,
1776723390,248990344,,12.219999313354492,0.0,0.0,0.0,0.0,1.7999999523162842,95.54999542236328,0,0,0,True,,,,
1776723390,298951913,,12.219999313354492,0.0,0.0,0.0,0.0,1.7999999523162842,95.54999542236328,0,0,0,True,,,,
1776723390,348988350,,12.219999313354492,0.0,0.0,0.0,0.0,1.7999999523162842,95.54999542236328,0,0,0,True,,,,
1776723390,398963475,,12.219999313354492,0.0,0.0,0.0,0.0,1.7999999523162842,95.54999542236328,0,0,0,True,,,,
1776723390,448991672,,12.219999313354492,0.0,0.0,0.0,0.0,1.7999999523162842,95.54999542236328,0,0,0,True,,,,
1776723390,498951852,,12.219999313354492,0.0,0.0,0.0,0.0,1.7999999523162842,95.54999542236328,0,0,0,True,,,,
1776723390,548929976,,12.219999313354492,0.0,0.0,0.0,0.0,1.7999999523162842,95.54999542236328,0,0,0,True,,,,
1776723390,599007450,,12.219999313354492,0.0,0.0,0.0,0.0,1.7999999523162842,95.54999542236328,0,0,0,True,,,,
1776723390,648999722,,12.219999313354492,0.0,0.0,0.0,0.0,1.7999999523162842,95.54999542236328,0,0,0,True,,,,
1776723390,698976031,,12.219999313354492,0.0,0.0,0.0,0.0,1.7999999523162842,95.54999542236328,0,0,0,True,,,,
1776723390,749008488,,12.219999313354492,0.0,0.0,0.0,0.0,1.7999999523162842,95.54999542236328,0,0,0,True,,,,
1776723390,798940650,,12.219999313354492,0.0,0.0,0.0,0.0,1.7999999523162842,95.54999542236328,0,0,0,True,,,,
1776723390,848964717,,12.219999313354492,0.0,0.0,0.0,0.0,1.7999999523162842,95.54999542236328,0,0,0,True,,,,
1776723390,899773124,,12.219999313354492,0.0,0.0,0.0,0.0,1.7999999523162842,95.54999542236328,0,0,0,True,,,,
1776723390,948963094,,12.219999313354492,0.0,0.0,0.0,0.0,1.7999999523162842,95.54999542236328,0,0,0,True,,,,
1776723390,998957163,,12.219999313354492,0.0,0.0,0.0,0.0,1.7999999523162842,95.54999542236328,0,0,0,True,,,,
1776723391,48972249,,12.219999313354492,0.0,0.0,0.0,0.0,1.7999999523162842,95.54999542236328,0,0,0,True,,,,
1776723391,99009539,,12.239999771118164,0.0,0.0,0.0,0.0,1.7999999523162842,96.65999603271484,0,0,0,True,,,,
1776723391,148969330,,12.219999313354492,0.0,0.0,0.0,0.0,1.7999999523162842,95.54999542236328,0,0,0,True,,,,
1776723391,198963120,,12.219999313354492,0.0,0.0,0.0,0.0,1.7999999523162842,95.54999542236328,0,0,0,True,,,,
1776723391,249015947,,12.219999313354492,0.0,0.0,0.0,0.0,1.7999999523162842,95.54999542236328,0,0,0,True,,,,
1776723391,298974312,,12.219999313354492,0.0,0.0,0.0,0.0,1.7999999523162842,95.54999542236328,0,0,0,True,,,,
1776723391,348987324,,12.219999313354492,0.0,0.0,0.0,0.0,1.7999999523162842,95.54999542236328,0,0,0,True,,,,
1776723391,398965208,,12.219999313354492,0.0,0.0,0.0,0.0,1.7999999523162842,95.54999542236328,0,0,0,True,,,,
1776723391,449089922,,12.219999313354492,0.0,0.0,0.0,0.0,1.7999999523162842,95.54999542236328,0,0,0,True,,,,
1776723391,498931733,,12.199999809265137,0.0,0.0,0.0,0.0,1.7999999523162842,94.43999481201172,0,0,0,True,,,,
1776723391,548921746,,12.199999809265137,0.0,0.0,0.0,0.0,1.7999999523162842,94.43999481201172,0,0,0,True,,,,
1776723391,598945073,,12.219999313354492,0.0,0.0,0.0,0.0,1.7999999523162842,95.54999542236328,0,0,0,True,,,,
1776723391,648928345,,12.199999809265137,0.0,0.0,0.0,0.0,1.7999999523162842,94.43999481201172,0,0,0,True,,,,
1776723391,698941950,,12.219999313354492,0.0,0.0,0.0,0.0,1.7999999523162842,95.54999542236328,0,0,0,True,,,,
1776723391,748893038,,12.219999313354492,0.0,0.0,0.0,0.0,1.7999999523162842,95.54999542236328,0,0,0,True,,,,
1776723391,798923679,,12.199999809265137,0.0,0.0,0.0,0.0,1.7999999523162842,94.43999481201172,0,0,0,True,,,,
1776723391,848924970,,12.199999809265137,0.0,0.0,0.0,0.0,1.7999999523162842,94.43999481201172,0,0,0,True,,,,
1776723391,898979648,,12.219999313354492,0.0,0.0,0.0,0.0,1.7999999523162842,95.54999542236328,0,0,0,True,,,,
1776723391,948951698,,12.199999809265137,0.0,0.0,0.0,0.0,1.7999999523162842,94.43999481201172,0,0,0,True,,,,
1776723391,998960322,,12.219999313354492,0.0,0.0,0.0,0.0,1.7999999523162842,95.54999542236328,0,0,0,True,,,,
1776723392,48947205,,12.219999313354492,0.0,0.0,0.0,0.0,1.7999999523162842,95.54999542236328,0,0,0,True,,,,
1776723392,98973680,,12.219999313354492,0.0,0.0,0.0,0.0,1.7999999523162842,95.54999542236328,0,0,0,True,,,,
1776723392,148908379,,12.219999313354492,0.0,0.0,0.0,0.0,1.7999999523162842,95.54999542236328,0,0,0,True,,,,
1776723392,198951131,,12.219999313354492,0.0,0.0,0.0,0.0,1.7999999523162842,95.54999542236328,0,0,0,True,,,,
1776723392,248998125,,12.219999313354492,0.0,0.0,0.0,0.0,1.7999999523162842,95.54999542236328,0,0,0,True,,,,
1776723392,298922713,,12.239999771118164,0.0,0.0,0.0,0.0,1.7999999523162842,96.65999603271484,0,0,0,True,,,,
1776723392,348971354,,12.219999313354492,0.0,0.0,0.0,0.0,1.7999999523162842,95.54999542236328,0,0,0,True,,,,
1776723392,399004588,,12.239999771118164,0.0,0.0,0.0,0.0,1.7999999523162842,96.65999603271484,0,0,0,True,,,,
1776723392,448963379,,12.219999313354492,0.0,0.0,0.0,0.0,1.7999999523162842,95.54999542236328,0,0,0,True,,,,
1776723392,498913856,,12.219999313354492,0.0,0.0,0.0,0.0,1.7999999523162842,95.54999542236328,0,0,0,True,,,,
1776723392,548937109,,12.219999313354492,0.0,0.0,0.0,0.0,1.7999999523162842,95.54999542236328,0,0,0,True,,,,
1776723392,598962269,,12.219999313354492,0.0,0.0,0.0,0.0,1.7999999523162842,95.54999542236328,0,0,0,True,,,,
1776723392,648932356,,12.219999313354492,0.0,0.0,0.0,0.0,1.7999999523162842,95.54999542236328,0,0,0,True,,,,
1776723392,699015349,,12.219999313354492,0.0,0.0,0.0,0.0,1.7999999523162842,95.54999542236328,0,0,0,True,,,,
1776723392,748954640,,12.219999313354492,0.0,0.0,0.0,0.0,1.7999999523162842,95.54999542236328,0,0,0,True,,,,
1776723392,798969430,,12.219999313354492,0.0,0.0,0.0,0.0,1.7999999523162842,95.54999542236328,0,0,0,True,,,,
1776723392,848904407,,12.219999313354492,0.0,0.0,0.0,0.0,1.7999999523162842,95.54999542236328,0,0,0,True,,,,
1776723392,898981788,,12.219999313354492,0.0,0.0,0.0,0.0,1.7999999523162842,95.54999542236328,0,0,0,True,,,,
1776723392,948999523,,12.219999313354492,0.0,0.0,0.0,0.0,1.7999999523162842,95.54999542236328,0,0,0,True,,,,
1776723392,998947870,,12.219999313354492,0.0,0.0,0.0,0.0,1.7999999523162842,95.54999542236328,0,0,0,True,,,,
1776723393,48941586,,12.219999313354492,0.0,0.0,0.0,0.0,1.7999999523162842,95.54999542236328,0,0,0,True,,,,
1776723393,98910229,,12.219999313354492,0.0,0.0,0.0,0.0,1.7999999523162842,95.54999542236328,0,0,0,True,,,,
1776723393,148975259,,12.219999313354492,0.0,0.0,0.0,0.0,1.7999999523162842,95.54999542236328,0,0,0,True,,,,
1776723393,198927013,,12.219999313354492,0.0,0.0,0.0,0.0,1.7999999523162842,95.54999542236328,0,0,0,True,,,,
1776723393,248914878,,12.219999313354492,0.0,0.0,0.0,0.0,1.7999999523162842,95.54999542236328,0,0,0,True,,,,
1776723393,298887261,,12.219999313354492,0.0,0.0,0.0,0.0,1.7999999523162842,95.54999542236328,0,0,0,True,,,,
1776723393,348929106,,12.219999313354492,0.0,0.0,0.0,0.0,1.7999999523162842,95.54999542236328,0,0,0,True,,,,
1776723393,398937711,,12.219999313354492,0.0,0.0,0.0,0.0,1.7999999523162842,95.54999542236328,0,0,0,True,,,,
1776723393,448937631,,12.219999313354492,0.0,0.0,0.0,0.0,1.7999999523162842,95.54999542236328,0,0,0,True,,,,
1776723393,498977328,,12.199999809265137,0.0,0.0,0.0,0.0,1.7999999523162842,94.43999481201172,0,0,0,True,,,,
1776723393,548991304,,12.219999313354492,0.0,0.0,0.0,0.0,1.7999999523162842,95.54999542236328,0,0,0,True,,,,
1776723393,598932262,,12.219999313354492,0.0,0.0,0.0,0.0,1.7999999523162842,95.54999542236328,0,0,0,True,,,,
1776723393,648941422,,12.219999313354492,0.0,0.0,0.0,0.0,1.7999999523162842,95.54999542236328,0,0,0,True,,,,
1776723393,698993249,,12.219999313354492,0.0,0.0,0.0,0.0,1.7999999523162842,95.54999542236328,0,0,0,True,,,,
1776723393,748908004,,12.219999313354492,0.0,0.0,0.0,0.0,1.7999999523162842,95.54999542236328,0,0,0,True,,,,
1776723393,798950867,,12.219999313354492,0.0,0.0,0.0,0.0,1.7999999523162842,95.54999542236328,0,0,0,True,,,,
1776723393,848931547,,12.219999313354492,0.0,0.0,0.0,0.0,1.7999999523162842,95.54999542236328,0,0,0,True,,,,
1776723393,898945504,,12.219999313354492,0.0,0.0,0.0,0.0,1.7999999523162842,95.54999542236328,0,0,0,True,,,,
1776723393,948928591,,12.219999313354492,0.0,0.0,0.0,0.0,1.7999999523162842,95.54999542236328,0,0,0,True,,,,
1776723393,998940307,,12.219999313354492,0.0,0.0,0.0,0.0,1.7999999523162842,95.54999542236328,0,0,0,True,,,,
1776723394,48908505,,12.219999313354492,0.0,0.0,0.0,0.0,1.7999999523162842,95.54999542236328,0,0,0,True,,,,
1776723394,98924758,,12.219999313354492,0.0,0.0,0.0,0.0,1.7999999523162842,95.54999542236328,0,0,0,True,,,,
1776723394,148893790,,12.219999313354492,0.0,0.0,0.0,0.0,1.7999999523162842,95.54999542236328,0,0,0,True,,,,
1776723394,198896784,,12.219999313354492,0.0,0.0,0.0,0.0,1.7999999523162842,95.54999542236328,0,0,0,True,,,,
1776723394,248896611,,12.219999313354492,0.0,0.0,0.0,0.0,1.7999999523162842,95.54999542236328,0,0,0,True,,,,
1776723394,298912660,,12.199999809265137,0.0,0.0,0.0,0.0,1.7999999523162842,94.43999481201172,0,0,0,True,,,,
1776723394,348930284,,12.199999809265137,0.0,0.0,0.0,0.0,1.7999999523162842,94.43999481201172,0,0,0,True,,,,
1776723394,398924500,,12.219999313354492,0.0,0.0,0.0,0.0,1.7999999523162842,95.54999542236328,0,0,0,True,,,,
1776723394,448930327,,12.219999313354492,0.0,0.0,0.0,0.0,1.7999999523162842,95.54999542236328,0,0,0,True,,,,
1776723394,498896989,,12.219999313354492,0.0,0.0,0.0,0.0,1.7999999523162842,95.54999542236328,0,0,0,True,,,,
1776723394,548879316,,12.199999809265137,0.0,0.0,0.0,0.0,1.7999999523162842,94.43999481201172,0,0,0,True,,,,
1776723394,598922699,,12.219999313354492,0.0,0.0,0.0,0.0,1.7999999523162842,95.54999542236328,0,0,0,True,,,,
1776723394,648891267,,12.219999313354492,0.0,0.0,0.0,0.0,1.7999999523162842,95.54999542236328,0,0,0,True,,,,
1776723394,698965075,,12.199999809265137,0.0,0.0,0.0,0.0,1.7999999523162842,94.43999481201172,0,0,0,True,,,,
1776723394,748937421,,12.219999313354492,0.0,0.0,0.0,0.0,1.7999999523162842,95.54999542236328,0,0,0,True,,,,
1776723394,798926193,,12.219999313354492,0.0,0.0,0.0,0.0,1.7999999523162842,95.54999542236328,0,0,0,True,,,,
1776723394,848909632,,12.219999313354492,0.0,0.0,0.0,0.0,1.7999999523162842,95.54999542236328,0,0,0,True,,,,
1776723394,898910163,,12.199999809265137,0.0,0.0,0.0,0.0,1.7999999523162842,94.43999481201172,0,0,0,True,,,,
1776723394,948944842,,12.219999313354492,0.0,0.0,0.0,0.0,1.7999999523162842,95.54999542236328,0,0,0,True,,,,
1776723394,998906374,,12.199999809265137,0.0,0.0,0.0,0.0,1.7999999523162842,94.43999481201172,0,0,0,True,,,,
1776723395,48887720,,12.199999809265137,0.0,0.0,0.0,0.0,1.7999999523162842,94.43999481201172,0,0,0,True,,,,
1776723395,98885344,,12.199999809265137,0.0,0.0,0.0,0.0,1.7999999523162842,94.43999481201172,0,0,0,True,,,,
1776723395,148873579,,12.199999809265137,0.0,0.0,0.0,0.0,1.7999999523162842,94.43999481201172,0,0,0,True,,,,
1776723395,198869943,,12.199999809265137,0.0,0.0,0.0,0.0,1.7999999523162842,94.43999481201172,0,0,0,True,,,,
1776723395,248884900,,12.199999809265137,0.0,0.0,0.0,0.0,1.7999999523162842,94.43999481201172,0,0,0,True,,,,
1776723395,298865450,,12.219999313354492,0.0,0.0,0.0,0.0,1.7999999523162842,95.54999542236328,0,0,0,True,,,,
1776723395,348881962,,12.219999313354492,0.0,0.0,0.0,0.0,1.7999999523162842,95.54999542236328,0,0,0,True,,,,
1776723395,398891178,,12.219999313354492,0.0,0.0,0.0,0.0,1.7999999523162842,95.54999542236328,0,0,0,True,,,,
1776723395,448926505,,12.199999809265137,0.0,0.0,0.0,0.0,1.7999999523162842,94.43999481201172,0,0,0,True,,,,
1776723395,498871556,,12.199999809265137,0.0,0.0,0.0,0.0,1.7999999523162842,94.43999481201172,0,0,0,True,,,,
1776723395,548891216,,12.199999809265137,0.0,0.0,0.0,0.0,1.7999999523162842,94.43999481201172,0,0,0,True,,,,
1776723395,598849044,,12.199999809265137,0.0,0.0,0.0,0.0,1.7999999523162842,94.43999481201172,0,0,0,True,,,,
1776723395,648905519,,12.199999809265137,0.0,0.0,0.0,0.0,1.7999999523162842,94.43999481201172,0,0,0,True,,,,
1776723395,698850625,,12.199999809265137,0.0,0.0,0.0,0.0,1.7999999523162842,94.43999481201172,0,0,0,True,,,,
1776723395,748881507,,12.219999313354492,0.0,0.0,0.0,0.0,1.7999999523162842,95.54999542236328,0,0,0,True,,,,
1776723395,798885094,,12.199999809265137,0.0,0.0,0.0,0.0,1.7999999523162842,94.43999481201172,0,0,0,True,,,,
1776723395,848889014,,12.199999809265137,0.0,0.0,0.0,0.0,1.7999999523162842,94.43999481201172,0,0,0,True,,,,
1776723395,898865212,,12.219999313354492,0.0,0.0,0.0,0.0,1.7999999523162842,95.54999542236328,0,0,0,True,,,,
1776723395,948854502,,12.199999809265137,0.0,0.0,0.0,0.0,1.7999999523162842,94.43999481201172,0,0,0,True,,,,
1776723395,998873959,,12.199999809265137,0.0,0.0,0.0,0.0,1.7999999523162842,94.43999481201172,0,0,0,True,,,,
1776723396,48895805,,12.219999313354492,0.0,0.0,0.0,0.0,1.7999999523162842,95.54999542236328,0,0,0,True,,,,
1776723396,98914150,,12.199999809265137,0.0,0.0,0.0,0.0,1.7999999523162842,94.43999481201172,0,0,0,True,,,,
1776723396,148876626,,12.199999809265137,0.0,0.0,0.0,0.0,1.7999999523162842,94.43999481201172,0,0,0,True,,,,
1776723396,198866028,,12.199999809265137,0.0,0.0,0.0,0.0,1.7999999523162842,94.43999481201172,0,0,0,True,,,,
1776723396,248868615,,12.199999809265137,0.0,0.0,0.0,0.0,1.7999999523162842,94.43999481201172,0,0,0,True,,,,
1776723396,298891145,,12.199999809265137,0.0,0.0,0.0,0.0,1.7999999523162842,94.43999481201172,0,0,0,True,,,,
1776723396,348875547,,12.199999809265137,0.0,0.0,0.0,0.0,1.7999999523162842,94.43999481201172,0,0,0,True,,,,
1776723396,398903356,,12.199999809265137,0.0,0.0,0.0,0.0,1.7999999523162842,94.43999481201172,0,0,0,True,,,,
1776723396,448867147,,12.219999313354492,0.0,0.0,0.0,0.0,1.7999999523162842,95.54999542236328,0,0,0,True,,,,
1776723396,498875103,,12.219999313354492,0.0,0.0,0.0,0.0,1.7999999523162842,95.54999542236328,0,0,0,True,,,,
1776723396,548878042,,12.199999809265137,0.0,0.0,0.0,0.0,1.7999999523162842,94.43999481201172,0,0,0,True,,,,
1776723396,598897073,,12.219999313354492,0.0,0.0,0.0,0.0,1.7999999523162842,95.54999542236328,0,0,0,True,,,,
1776723396,648856030,,12.199999809265137,0.0,0.0,0.0,0.0,1.7999999523162842,94.43999481201172,0,0,0,True,,,,
1776723396,698932560,,12.199999809265137,0.0,0.0,0.0,0.0,1.7999999523162842,94.43999481201172,0,0,0,True,,,,
1776723396,748846593,,12.199999809265137,0.0,0.0,0.0,0.0,1.7999999523162842,94.43999481201172,0,0,0,True,,,,
1776723396,798842402,,12.219999313354492,0.0,0.0,0.0,0.0,1.7999999523162842,95.54999542236328,0,0,0,True,,,,
1776723396,848871655,,12.199999809265137,0.0,0.0,0.0,0.0,1.7999999523162842,94.43999481201172,0,0,0,True,,,,
1776723396,898898389,,12.199999809265137,0.0,0.0,0.0,0.0,1.7999999523162842,94.43999481201172,0,0,0,True,,,,
1776723396,948884883,,12.219999313354492,0.0,0.0,0.0,0.0,1.7999999523162842,95.54999542236328,0,0,0,True,,,,
1776723396,999552458,,12.199999809265137,0.0,0.0,0.0,0.0,1.7999999523162842,94.43999481201172,0,0,0,True,,,,
1776723397,48859853,,12.219999313354492,0.0,0.0,0.0,0.0,1.7999999523162842,95.54999542236328,0,0,0,True,,,,
1776723397,98842181,,12.199999809265137,0.0,0.0,0.0,0.0,1.7999999523162842,94.43999481201172,0,0,0,True,,,,
1776723397,148816787,,12.219999313354492,0.0,0.0,0.0,0.0,1.7999999523162842,95.54999542236328,0,0,0,True,,,,
1776723397,198864021,,12.199999809265137,0.0,0.0,0.0,0.0,1.7999999523162842,94.43999481201172,0,0,0,True,,,,
1776723397,248964050,,12.219999313354492,0.0,0.0,0.0,0.0,1.7999999523162842,95.54999542236328,0,0,0,True,,,,
1776723397,298862231,,12.199999809265137,0.0,0.0,0.0,0.0,1.7999999523162842,94.43999481201172,0,0,0,True,,,,
1776723397,348854392,,12.219999313354492,0.0,0.0,0.0,0.0,1.7999999523162842,95.54999542236328,0,0,0,True,,,,
1776723397,398860423,,12.219999313354492,0.0,0.0,0.0,0.0,1.7999999523162842,95.54999542236328,0,0,0,True,,,,
1776723397,448870639,,12.199999809265137,0.0,0.0,0.0,0.0,1.7999999523162842,94.43999481201172,0,0,0,True,,,,
1776723397,498884485,,12.199999809265137,0.0,0.0,0.0,0.0,1.7999999523162842,94.43999481201172,0,0,0,True,,,,
1776723397,548885497,,12.219999313354492,0.0,0.0,0.0,0.0,1.7999999523162842,95.54999542236328,0,0,0,True,,,,
1776723397,598855955,,12.199999809265137,0.0,0.0,0.0,0.0,1.7999999523162842,94.43999481201172,0,0,0,True,,,,
1776723397,648860337,,12.199999809265137,0.0,0.0,0.0,0.0,1.7999999523162842,94.43999481201172,0,0,0,True,,,,
1776723397,698932071,,12.199999809265137,0.0,0.0,0.0,0.0,1.7999999523162842,94.43999481201172,0,0,0,True,,,,
1776723397,748875399,,12.199999809265137,0.0,0.0,0.0,0.0,1.7999999523162842,94.43999481201172,0,0,0,True,,,,
1776723397,798877727,,12.219999313354492,0.0,0.0,0.0,0.0,1.7999999523162842,95.54999542236328,0,0,0,True,,,,
1776723397,848864573,,12.199999809265137,0.0,0.0,0.0,0.0,1.7999999523162842,94.43999481201172,0,0,0,True,,,,
1776723397,898811383,,12.199999809265137,0.0,0.0,0.0,0.0,1.7999999523162842,94.43999481201172,0,0,0,True,,,,
1776723397,948819266,,12.219999313354492,0.0,0.0,0.0,0.0,1.7999999523162842,95.54999542236328,0,0,0,True,,,,
1776723397,998889555,,12.219999313354492,0.0,0.0,0.0,0.0,1.7999999523162842,95.54999542236328,0,0,0,True,,,,
1776723398,48851494,,12.219999313354492,0.0,0.0,0.0,0.0,1.7999999523162842,95.54999542236328,0,0,0,True,,,,
1776723398,98821248,,12.199999809265137,0.0,0.0,0.0,0.0,1.7999999523162842,94.43999481201172,0,0,0,True,,,,
1776723398,148819464,,12.199999809265137,0.0,0.0,0.0,0.0,1.7999999523162842,94.43999481201172,0,0,0,True,,,,
1776723398,198859809,,12.199999809265137,0.0,0.0,0.0,0.0,1.7999999523162842,94.43999481201172,0,0,0,True,,,,
1776723398,248829970,,12.199999809265137,0.0,0.0,0.0,0.0,1.7999999523162842,94.43999481201172,0,0,0,True,,,,
1776723398,298814594,,12.199999809265137,0.0,0.0,0.0,0.0,1.7999999523162842,94.43999481201172,0,0,0,True,,,,
1776723398,348825218,,12.199999809265137,0.0,0.0,0.0,0.0,1.7999999523162842,94.43999481201172,0,0,0,True,,,,
1776723398,398903359,,12.199999809265137,0.0,0.0,0.0,0.0,1.7999999523162842,94.43999481201172,0,0,0,True,,,,
1776723398,448829262,,12.1899995803833,0.0,0.0,0.0,0.0,1.7999999523162842,93.87999725341797,0,0,0,True,,,,
1776723398,498877755,,12.1899995803833,0.0,0.0,0.0,0.0,1.7999999523162842,93.87999725341797,0,0,0,True,,,,
1776723398,548882138,,12.199999809265137,0.0,0.0,0.0,0.0,1.7999999523162842,94.43999481201172,0,0,0,True,,,,
1776723398,598812633,,12.199999809265137,0.0,0.0,0.0,0.0,1.7999999523162842,94.43999481201172,0,0,0,True,,,,
1776723398,648827182,,12.199999809265137,0.0,0.0,0.0,0.0,1.7999999523162842,94.43999481201172,0,0,0,True,,,,
1776723398,698852009,,12.199999809265137,0.0,0.0,0.0,0.0,1.7999999523162842,94.43999481201172,0,0,0,True,,,,
1776723398,748840911,,12.1899995803833,0.0,0.0,0.0,0.0,1.7999999523162842,93.87999725341797,0,0,0,True,,,,
1776723398,798809480,,12.1899995803833,0.0,0.0,0.0,0.0,1.7999999523162842,93.87999725341797,0,0,0,True,,,,
1776723398,848932416,,12.1899995803833,0.0,0.0,0.0,0.0,1.7999999523162842,93.87999725341797,0,0,0,True,,,,
1776723398,898860245,,12.199999809265137,0.0,0.0,0.0,0.0,1.7999999523162842,94.43999481201172,0,0,0,True,,,,
1776723398,948802017,,12.199999809265137,0.0,0.0,0.0,0.0,1.7999999523162842,94.43999481201172,0,0,0,True,,,,
1776723398,998837233,,12.219999313354492,0.0,0.0,0.0,0.0,1.7999999523162842,95.54999542236328,0,0,0,True,,,,
1776723399,48925189,,12.199999809265137,0.0,0.0,0.0,0.0,1.7999999523162842,94.43999481201172,0,0,0,True,,,,
1776723399,98822092,,12.199999809265137,0.0,0.0,0.0,0.0,1.7999999523162842,94.43999481201172,0,0,0,True,,,,
1776723399,148856900,,12.199999809265137,0.0,0.0,0.0,0.0,1.7999999523162842,94.43999481201172,0,0,0,True,,,,
1776723399,198851302,,12.1899995803833,0.0,0.0,0.0,0.0,1.7999999523162842,93.87999725341797,0,0,0,True,,,,
1776723399,248845259,,12.199999809265137,0.0,0.0,0.0,0.0,1.7999999523162842,94.43999481201172,0,0,0,True,,,,
1776723399,298838531,,12.199999809265137,0.0,0.0,0.0,0.0,1.7999999523162842,94.43999481201172,0,0,0,True,,,,
1776723399,348844025,,12.199999809265137,0.0,0.0,0.0,0.0,1.7999999523162842,94.43999481201172,0,0,0,True,,,,
1776723399,398880240,,12.199999809265137,0.0,0.0,0.0,0.0,1.7999999523162842,94.43999481201172,0,0,0,True,,,,
1776723399,448791810,,12.199999809265137,0.0,0.0,0.0,0.0,1.7999999523162842,94.43999481201172,0,0,0,True,,,,
1776723399,498852044,,12.1899995803833,0.0,0.0,0.0,0.0,1.7999999523162842,93.87999725341797,0,0,0,True,,,,
1776723399,548823075,,12.199999809265137,0.0,0.0,0.0,0.0,1.7999999523162842,94.43999481201172,0,0,0,True,,,,
1776723399,598903142,,12.1899995803833,0.0,0.0,0.0,0.0,1.7999999523162842,93.87999725341797,0,0,0,True,,,,
1776723399,648880877,,12.199999809265137,0.0,0.0,0.0,0.0,1.7999999523162842,94.43999481201172,0,0,0,True,,,,
1776723399,698846150,,12.199999809265137,0.0,0.0,0.0,0.0,1.7999999523162842,94.43999481201172,0,0,0,True,,,,
1776723399,748774571,,12.199999809265137,0.0,0.0,0.0,0.0,1.7999999523162842,94.43999481201172,0,0,0,True,,,,
1776723399,798868397,,12.199999809265137,0.0,0.0,0.0,0.0,1.7999999523162842,94.43999481201172,0,0,0,True,,,,
1776723399,848826855,,12.199999809265137,0.0,0.0,0.0,0.0,1.7999999523162842,94.43999481201172,0,0,0,True,,,,
1776723399,898799256,,12.219999313354492,0.0,0.0,0.0,0.0,1.7999999523162842,95.54999542236328,0,0,0,True,,,,
1776723399,948816898,,12.1899995803833,0.0,0.0,0.0,0.0,1.7999999523162842,93.87999725341797,0,0,0,True,,,,
1776723399,998834355,,12.219999313354492,0.0,0.0,0.0,0.0,1.7999999523162842,95.54999542236328,0,0,0,True,,,,
1776723400,48845497,,12.199999809265137,0.0,0.0,0.0,0.0,1.7999999523162842,94.43999481201172,0,0,0,True,,,,
1776723400,98861454,,12.199999809265137,0.0,0.0,0.0,0.0,1.7999999523162842,94.43999481201172,0,0,0,True,,,,
1776723400,148791375,,12.199999809265137,0.0,0.0,0.0,0.0,1.7999999523162842,94.43999481201172,0,0,0,True,,,,
1776723400,198811147,,12.1899995803833,0.0,0.0,0.0,0.0,1.7999999523162842,93.87999725341797,0,0,0,True,,,,
1776723400,248825752,,12.199999809265137,0.0,0.0,0.0,0.0,1.7999999523162842,94.43999481201172,0,0,0,True,,,,
1776723400,298788080,,12.199999809265137,0.0,0.0,0.0,0.0,1.7999999523162842,94.43999481201172,0,0,0,True,,,,
1776723400,348786814,,12.199999809265137,0.0,0.0,0.0,0.0,1.7999999523162842,94.43999481201172,0,0,0,True,,,,
1776723400,398798290,,12.199999809265137,0.0,0.0,0.0,0.0,1.7999999523162842,94.43999481201172,0,0,0,True,,,,
1776723400,448812580,,12.199999809265137,0.0,0.0,0.0,0.0,1.7999999523162842,94.43999481201172,0,0,0,True,,,,
1776723400,498811370,,12.199999809265137,0.0,0.0,0.0,0.0,1.7999999523162842,94.43999481201172,0,0,0,True,,,,
1776723400,548806013,,12.199999809265137,0.0,0.0,0.0,0.0,1.7999999523162842,94.43999481201172,0,0,0,True,,,,
1776723400,598757544,,12.219999313354492,0.0,0.0,0.0,0.0,1.7999999523162842,95.54999542236328,0,0,0,True,,,,
1776723400,648808482,,12.199999809265137,0.0,0.0,0.0,0.0,1.7999999523162842,94.43999481201172,0,0,0,True,,,,
1776723400,698787088,,12.1899995803833,0.0,0.0,0.0,0.0,1.7999999523162842,93.87999725341797,0,0,0,True,,,,
1776723400,748775452,,12.199999809265137,0.0,0.0,0.0,0.0,1.7999999523162842,94.43999481201172,0,0,0,True,,,,
1776723400,798780002,,12.219999313354492,0.0,0.0,0.0,0.0,1.7999999523162842,95.54999542236328,0,0,0,True,,,,
1776723400,848853106,,12.219999313354492,0.0,0.0,0.0,0.0,1.7999999523162842,95.54999542236328,0,0,0,True,,,,
1776723400,898871062,,12.199999809265137,0.0,0.0,0.0,0.0,1.7999999523162842,94.43999481201172,0,0,0,True,,,,
1776723400,948799169,,12.1899995803833,0.0,0.0,0.0,0.0,1.7999999523162842,93.87999725341797,0,0,0,True,,,,
1776723400,998789515,,12.199999809265137,0.0,0.0,0.0,0.0,1.7999999523162842,94.43999481201172,0,0,0,True,,,,
1776723401,48749565,,12.199999809265137,0.0,0.0,0.0,0.0,1.7999999523162842,94.43999481201172,0,0,0,True,,,,
1776723401,98811354,,12.199999809265137,0.0,0.0,0.0,0.0,1.7999999523162842,94.43999481201172,0,0,0,True,,,,
1776723401,152173791,,12.1899995803833,0.0,0.0,0.0,0.0,1.7999999523162842,93.87999725341797,0,0,0,True,,,,
1776723401,198787528,,12.1899995803833,0.0,0.0,0.0,0.0,1.7999999523162842,93.87999725341797,0,0,0,True,,,,
1776723401,248786263,,12.1899995803833,0.0,0.0,0.0,0.0,1.7999999523162842,93.87999725341797,0,0,0,True,,,,
1776723401,298782924,,12.199999809265137,0.0,0.0,0.0,0.0,1.7999999523162842,94.43999481201172,0,0,0,True,,,,
1776723401,348809251,,12.199999809265137,0.0,0.0,0.0,0.0,1.7999999523162842,94.43999481201172,0,0,0,True,,,,
1776723401,398769838,,12.1899995803833,0.0,0.0,0.0,0.0,1.7999999523162842,93.87999725341797,0,0,0,True,,,,
1776723401,448866034,,12.199999809265137,0.0,0.0,0.0,0.0,1.7999999523162842,94.43999481201172,0,0,0,True,,,,
1776723401,498761549,,12.199999809265137,0.0,0.0,0.0,0.0,1.7999999523162842,94.43999481201172,0,0,0,True,,,,
1776723401,548791431,,12.1899995803833,0.0,0.0,0.0,0.0,1.7999999523162842,93.87999725341797,0,0,0,True,,,,
1776723401,598762000,,12.199999809265137,0.0,0.0,0.0,0.0,1.7999999523162842,94.43999481201172,0,0,0,True,,,,
1776723401,648765846,,12.1899995803833,0.0,0.0,0.0,0.0,1.7999999523162842,93.87999725341797,0,0,0,True,,,,
1776723401,699058686,,12.1899995803833,0.0,0.0,0.0,0.0,1.7999999523162842,93.87999725341797,0,0,0,True,,,,
1776723401,748783648,,12.1899995803833,0.0,0.0,0.0,0.0,1.7999999523162842,93.87999725341797,0,0,0,True,,,,
1776723401,798749847,,12.219999313354492,0.0,0.0,0.0,0.0,1.7999999523162842,95.54999542236328,0,0,0,True,,,,
1776723401,848766100,,12.219999313354492,0.0,0.0,0.0,0.0,1.7999999523162842,95.54999542236328,0,0,0,True,,,,
1776723401,898768094,,12.1899995803833,0.0,0.0,0.0,0.0,1.7999999523162842,93.87999725341797,0,0,0,True,,,,
1776723401,948766217,,12.1899995803833,0.0,0.0,0.0,0.0,1.7999999523162842,93.87999725341797,0,0,0,True,,,,
1776723401,998782063,,12.199999809265137,0.0,0.0,0.0,0.0,1.7999999523162842,94.43999481201172,0,0,0,True,,,,
1776723402,48824927,,12.199999809265137,0.0,0.0,0.0,0.0,1.7999999523162842,94.43999481201172,0,0,0,True,,,,
1776723402,98761014,,12.199999809265137,0.0,0.0,0.0,0.0,1.7999999523162842,94.43999481201172,0,0,0,True,,,,
1776723402,148767934,,12.199999809265137,0.0,0.0,0.0,0.0,1.7999999523162842,94.43999481201172,0,0,0,True,,,,
1776723402,198795206,,12.199999809265137,0.0,0.0,0.0,0.0,1.7999999523162842,94.43999481201172,0,0,0,True,,,,
1776723402,248724553,,12.199999809265137,0.0,0.0,0.0,0.0,1.7999999523162842,94.43999481201172,0,0,0,True,,,,
1776723402,298755824,,12.199999809265137,0.0,0.0,0.0,0.0,1.7999999523162842,94.43999481201172,0,0,0,True,,,,
1776723402,348791429,,12.199999809265137,0.0,0.0,0.0,0.0,1.7999999523162842,94.43999481201172,0,0,0,True,,,,
1776723402,398800756,,12.219999313354492,0.0,0.0,0.0,0.0,1.7999999523162842,95.54999542236328,0,0,0,True,,,,
1776723402,448771991,,12.199999809265137,0.0,0.0,0.0,0.0,1.7999999523162842,94.43999481201172,0,0,0,True,,,,
1776723402,498785133,,12.219999313354492,0.0,0.0,0.0,0.0,1.7999999523162842,95.54999542236328,0,0,0,True,,,,
1776723402,548762813,,12.199999809265137,0.0,0.0,0.0,0.0,1.7999999523162842,94.43999481201172,0,0,0,True,,,,
1776723402,598794714,,12.199999809265137,0.0,0.0,0.0,0.0,1.7999999523162842,94.43999481201172,0,0,0,True,,,,
1776723402,648762523,,12.199999809265137,0.0,0.0,0.0,0.0,1.7999999523162842,94.43999481201172,0,0,0,True,,,,
1776723402,698791480,,12.199999809265137,0.0,0.0,0.0,0.0,1.7999999523162842,94.43999481201172,0,0,0,True,,,,
1776723402,748780770,,12.1899995803833,0.0,0.0,0.0,0.0,1.7999999523162842,93.87999725341797,0,0,0,True,,,,
1776723402,798760468,,12.199999809265137,0.0,0.0,0.0,0.0,1.7999999523162842,94.43999481201172,0,0,0,True,,,,
1776723402,848780555,,12.199999809265137,0.0,0.0,0.0,0.0,1.7999999523162842,94.43999481201172,0,0,0,True,,,,
1776723402,898854751,,12.199999809265137,0.0,0.0,0.0,0.0,1.7999999523162842,94.43999481201172,0,0,0,True,,,,
1776723402,948754488,,12.199999809265137,0.0,0.0,0.0,0.0,1.7999999523162842,94.43999481201172,0,0,0,True,,,,
1776723402,998776407,,12.199999809265137,0.0,0.0,0.0,0.0,1.7999999523162842,94.43999481201172,0,0,0,True,,,,
1776723403,48758735,,12.199999809265137,0.0,0.0,0.0,0.0,1.7999999523162842,94.43999481201172,0,0,0,True,,,,
1776723403,98757581,,12.1899995803833,0.0,0.0,0.0,0.0,1.7999999523162842,93.87999725341797,0,0,0,True,,,,
1776723403,148708817,,12.219999313354492,0.0,0.0,0.0,0.0,1.7999999523162842,95.54999542236328,0,0,0,True,,,,
1776723403,198774050,,12.199999809265137,0.0,0.0,0.0,0.0,1.7999999523162842,94.43999481201172,0,0,0,True,,,,
1776723403,248751100,,12.199999809265137,0.0,0.0,0.0,0.0,1.7999999523162842,94.43999481201172,0,0,0,True,,,,
1776723403,298773520,,12.1899995803833,0.0,0.0,0.0,0.0,1.7999999523162842,93.87999725341797,0,0,0,True,,,,
1776723403,348772866,,12.199999809265137,0.0,0.0,0.0,0.0,1.7999999523162842,94.43999481201172,0,0,0,True,,,,
1776723403,398786045,,12.199999809265137,0.0,0.0,0.0,0.0,1.7999999523162842,94.43999481201172,0,0,0,True,,,,
1776723403,448805390,,12.1899995803833,0.0,0.0,0.0,0.0,1.7999999523162842,93.87999725341797,0,0,0,True,,,,
1776723403,498738552,,12.199999809265137,0.0,0.0,0.0,0.0,1.7999999523162842,94.43999481201172,0,0,0,True,,,,
1776723403,548773601,,12.219999313354492,0.0,0.0,0.0,0.0,1.7999999523162842,95.54999542236328,0,0,0,True,,,,
1776723403,598720355,,12.199999809265137,0.0,0.0,0.0,0.0,1.7999999523162842,94.43999481201172,0,0,0,True,,,,
1776723403,648751349,,12.199999809265137,0.0,0.0,0.0,0.0,1.7999999523162842,94.43999481201172,0,0,0,True,,,,
1776723403,698762121,,12.219999313354492,0.0,0.0,0.0,0.0,1.7999999523162842,95.54999542236328,0,0,0,True,,,,
1776723403,748797188,,12.219999313354492,0.0,0.0,0.0,0.0,1.7999999523162842,95.54999542236328,0,0,0,True,,,,
1776723403,798765794,,12.199999809265137,0.0,0.0,0.0,0.0,1.7999999523162842,94.43999481201172,0,0,0,True,,,,
1776723403,848759677,,12.199999809265137,0.0,0.0,0.0,0.0,1.7999999523162842,94.43999481201172,0,0,0,True,,,,
1776723403,898779041,,12.219999313354492,0.0,0.0,0.0,0.0,1.7999999523162842,95.54999542236328,0,0,0,True,,,,
1776723403,948773109,,12.199999809265137,0.0,0.0,0.0,0.0,1.7999999523162842,94.43999481201172,0,0,0,True,,,,
1776723403,998748882,,12.199999809265137,0.0,0.0,0.0,0.0,1.7999999523162842,94.43999481201172,0,0,0,True,,,,
1776723404,48728524,,12.199999809265137,0.0,0.0,0.0,0.0,1.7999999523162842,94.43999481201172,0,0,0,True,,,,
1776723404,98756555,,12.219999313354492,0.0,0.0,0.0,0.0,1.7999999523162842,95.54999542236328,0,0,0,True,,,,
1776723404,148729697,,12.199999809265137,0.0,0.0,0.0,0.0,1.7999999523162842,94.43999481201172,0,0,0,True,,,,
1776723404,198726914,,12.199999809265137,0.0,0.0,0.0,0.0,1.7999999523162842,94.43999481201172,0,0,0,True,,,,
1776723404,248731574,,12.199999809265137,0.0,0.0,0.0,0.0,1.7999999523162842,94.43999481201172,0,0,0,True,,,,
1776723404,298704199,,12.199999809265137,0.0,0.0,0.0,0.0,1.7999999523162842,94.43999481201172,0,0,0,True,,,,
1776723404,348724118,,12.219999313354492,0.0,0.0,0.0,0.0,1.7999999523162842,95.54999542236328,0,0,0,True,,,,
1776723404,398744242,,12.199999809265137,0.0,0.0,0.0,0.0,1.7999999523162842,94.43999481201172,0,0,0,True,,,,
1776723404,448809086,,12.199999809265137,0.0,0.0,0.0,0.0,1.7999999523162842,94.43999481201172,0,0,0,True,,,,
1776723404,498755137,,12.199999809265137,0.0,0.0,0.0,0.0,1.7999999523162842,94.43999481201172,0,0,0,True,,,,
1776723404,548719706,,12.219999313354492,0.0,0.0,0.0,0.0,1.7999999523162842,95.54999542236328,0,0,0,True,,,,
1776723404,598765162,,12.1899995803833,0.0,0.0,0.0,0.0,1.7999999523162842,93.87999725341797,0,0,0,True,,,,
1776723404,648709453,,12.199999809265137,0.0,0.0,0.0,0.0,1.7999999523162842,94.43999481201172,0,0,0,True,,,,
1776723404,698747724,,12.199999809265137,0.0,0.0,0.0,0.0,1.7999999523162842,94.43999481201172,0,0,0,True,,,,
1776723404,748728978,,12.199999809265137,0.0,0.0,0.0,0.0,1.7999999523162842,94.43999481201172,0,0,0,True,,,,
1776723404,798724898,,12.199999809265137,0.0,0.0,0.0,0.0,1.7999999523162842,94.43999481201172,0,0,0,True,,,,
1776723404,848740410,,12.199999809265137,0.0,0.0,0.0,0.0,1.7999999523162842,94.43999481201172,0,0,0,True,,,,
1776723404,898745053,,12.199999809265137,0.0,0.0,0.0,0.0,1.7999999523162842,94.43999481201172,0,0,0,True,,,,
1776723404,948794972,,12.199999809265137,0.0,0.0,0.0,0.0,1.7999999523162842,94.43999481201172,0,0,0,True,,,,
1776723404,998747856,,12.219999313354492,0.0,0.0,0.0,0.0,1.7999999523162842,95.54999542236328,0,0,0,True,,,,
1776723405,48792293,,12.199999809265137,0.0,0.0,0.0,0.0,1.7999999523162842,94.43999481201172,0,0,0,True,,,,
1776723405,98734399,,12.219999313354492,0.0,0.0,0.0,0.0,1.7999999523162842,95.54999542236328,0,0,0,True,,,,
1776723405,148727931,,12.219999313354492,0.0,0.0,0.0,0.0,1.7999999523162842,95.54999542236328,0,0,0,True,,,,
1776723405,198744536,,12.199999809265137,0.0,0.0,0.0,0.0,1.7999999523162842,94.43999481201172,0,0,0,True,,,,
1776723405,248712863,,12.199999809265137,0.0,0.0,0.0,0.0,1.7999999523162842,94.43999481201172,0,0,0,True,,,,
1776723405,298723061,,12.199999809265137,0.0,0.0,0.0,0.0,1.7999999523162842,94.43999481201172,0,0,0,True,,,,
1776723405,348728592,,12.199999809265137,0.0,0.0,0.0,0.0,1.7999999523162842,94.43999481201172,0,0,0,True,,,,
1776723405,398757512,,12.199999809265137,0.0,0.0,0.0,0.0,1.7999999523162842,94.43999481201172,0,0,0,True,,,,
1776723405,448715599,,12.219999313354492,0.0,0.0,0.0,0.0,1.7999999523162842,95.54999542236328,0,0,0,True,,,,
1776723405,498755592,,12.1899995803833,0.0,0.0,0.0,0.0,1.7999999523162842,93.87999725341797,0,0,0,True,,,,
1776723405,548772031,,12.219999313354492,0.0,0.0,0.0,0.0,1.7999999523162842,95.54999542236328,0,0,0,True,,,,
1776723405,598729710,,12.219999313354492,0.0,0.0,0.0,0.0,1.7999999523162842,95.54999542236328,0,0,0,True,,,,
1776723405,648720279,,12.219999313354492,0.0,0.0,0.0,0.0,1.7999999523162842,95.54999542236328,0,0,0,True,,,,
1776723405,698756902,,12.239999771118164,0.0,0.0,0.0,0.0,1.7999999523162842,96.65999603271484,0,0,0,True,,,,
1776723405,748718471,,12.219999313354492,0.0,0.0,0.0,0.0,1.7999999523162842,95.54999542236328,0,0,0,True,,,,
1776723405,798683039,,12.199999809265137,0.0,0.0,0.0,0.0,1.7999999523162842,94.43999481201172,0,0,0,True,,,,
1776723405,848715181,,12.199999809265137,0.0,0.0,0.0,0.0,1.7999999523162842,94.43999481201172,0,0,0,True,,,,
1776723405,898690638,,12.199999809265137,0.0,0.0,0.0,0.0,1.7999999523162842,94.43999481201172,0,0,0,True,,,,
1776723405,948733854,,12.219999313354492,0.0,0.0,0.0,0.0,1.7999999523162842,95.54999542236328,0,0,0,True,,,,
1776723405,998705682,,12.199999809265137,0.0,0.0,0.0,0.0,1.7999999523162842,94.43999481201172,0,0,0,True,,,,
1776723406,48730861,,12.199999809265137,0.0,0.0,0.0,0.0,1.7999999523162842,94.43999481201172,0,0,0,True,,,,
1776723406,98730614,,12.219999313354492,0.0,0.0,0.0,0.0,1.7999999523162842,95.54999542236328,0,0,0,True,,,,
1776723406,148724886,,12.199999809265137,0.0,0.0,0.0,0.0,1.7999999523162842,94.43999481201172,0,0,0,True,,,,
1776723406,198721621,,12.219999313354492,0.0,0.0,0.0,0.0,1.7999999523162842,95.54999542236328,0,0,0,True,,,,
1776723406,248721356,,12.199999809265137,0.0,0.0,0.0,0.0,1.7999999523162842,94.43999481201172,0,0,0,True,,,,
1776723406,298679943,,12.199999809265137,0.0,0.0,0.0,0.0,1.7999999523162842,94.43999481201172,0,0,0,True,,,,
1776723406,348705511,,12.219999313354492,0.0,0.0,0.0,0.0,1.7999999523162842,95.54999542236328,0,0,0,True,,,,
1776723406,398667728,,12.219999313354492,0.0,0.0,0.0,0.0,1.7999999523162842,95.54999542236328,0,0,0,True,,,,
1776723406,448746665,,12.219999313354492,0.0,0.0,0.0,0.0,1.7999999523162842,95.54999542236328,0,0,0,True,,,,
1776723406,498719307,,12.199999809265137,0.0,0.0,0.0,0.0,1.7999999523162842,94.43999481201172,0,0,0,True,,,,
1776723406,548687395,,12.199999809265137,0.0,0.0,0.0,0.0,1.7999999523162842,94.43999481201172,0,0,0,True,,,,
1776723406,598697203,,12.219999313354492,0.0,0.0,0.0,0.0,1.7999999523162842,95.54999542236328,0,0,0,True,,,,
1776723406,648705179,,12.219999313354492,0.0,0.0,0.0,0.0,1.7999999523162842,95.54999542236328,0,0,0,True,,,,
1776723406,698738265,,12.219999313354492,0.0,0.0,0.0,0.0,1.7999999523162842,95.54999542236328,0,0,0,True,,,,
1776723406,748691389,,12.219999313354492,0.0,0.0,0.0,0.0,1.7999999523162842,95.54999542236328,0,0,0,True,,,,
1776723406,798682587,,12.199999809265137,0.0,0.0,0.0,0.0,1.7999999523162842,94.43999481201172,0,0,0,True,,,,
1776723406,848685952,,12.199999809265137,0.0,0.0,0.0,0.0,1.7999999523162842,94.43999481201172,0,0,0,True,,,,
1776723406,898691816,,12.219999313354492,0.0,0.0,0.0,0.0,1.7999999523162842,95.54999542236328,0,0,0,True,,,,
1776723406,948712254,,12.219999313354492,0.0,0.0,0.0,0.0,1.7999999523162842,95.54999542236328,0,0,0,True,,,,
1776723406,998711656,,12.199999809265137,0.0,0.0,0.0,0.0,1.7999999523162842,94.43999481201172,0,0,0,True,,,,
1776723407,48668428,,12.199999809265137,0.0,0.0,0.0,0.0,1.7999999523162842,94.43999481201172,0,0,0,True,,,,
1776723407,98662904,,12.219999313354492,0.0,0.0,0.0,0.0,1.7999999523162842,95.54999542236328,0,0,0,True,,,,
1776723407,148719952,,12.219999313354492,0.0,0.0,0.0,0.0,1.7999999523162842,95.54999542236328,0,0,0,True,,,,
1776723407,198763483,,12.199999809265137,0.0,0.0,0.0,0.0,1.7999999523162842,94.43999481201172,0,0,0,True,,,,
1776723407,248694219,,12.219999313354492,0.0,0.0,0.0,0.0,1.7999999523162842,95.54999542236328,0,0,0,True,,,,
1776723407,298667250,,12.199999809265137,0.0,0.0,0.0,0.0,1.7999999523162842,94.43999481201172,0,0,0,True,,,,
1776723407,348691263,,12.199999809265137,0.0,0.0,0.0,0.0,1.7999999523162842,94.43999481201172,0,0,0,True,,,,
1776723407,398676479,,12.219999313354492,0.0,0.0,0.0,0.0,1.7999999523162842,95.54999542236328,0,0,0,True,,,,
1776723407,448669103,,12.199999809265137,0.0,0.0,0.0,0.0,1.7999999523162842,94.43999481201172,0,0,0,True,,,,
1776723407,498714967,,12.199999809265137,0.0,0.0,0.0,0.0,1.7999999523162842,94.43999481201172,0,0,0,True,,,,
1776723407,548644277,,12.199999809265137,0.0,0.0,0.0,0.0,1.7999999523162842,94.43999481201172,0,0,0,True,,,,
1776723407,598672511,,12.219999313354492,0.0,0.0,0.0,0.0,1.7999999523162842,95.54999542236328,0,0,0,True,,,,
1776723407,648704004,,12.199999809265137,0.0,0.0,0.0,0.0,1.7999999523162842,94.43999481201172,0,0,0,True,,,,
1776723407,698770960,,12.199999809265137,0.0,0.0,0.0,0.0,1.7999999523162842,94.43999481201172,0,0,0,True,,,,
1776723407,748758788,,12.199999809265137,0.0,0.0,0.0,0.0,1.7999999523162842,94.43999481201172,0,0,0,True,,,,
1776723407,798721838,,12.199999809265137,0.0,0.0,0.0,0.0,1.7999999523162842,94.43999481201172,0,0,0,True,,,,
1776723407,848669629,,12.199999809265137,0.0,0.0,0.0,0.0,1.7999999523162842,94.43999481201172,0,0,0,True,,,,
1776723407,898645939,,12.219999313354492,0.0,0.0,0.0,0.0,1.7999999523162842,95.54999542236328,0,0,0,True,,,,
1776723407,948698469,,12.199999809265137,0.0,0.0,0.0,0.0,1.7999999523162842,94.43999481201172,0,0,0,True,,,,
1776723407,998714833,,12.199999809265137,0.0,0.0,0.0,0.0,1.7999999523162842,94.43999481201172,0,0,0,True,,,,
1776723408,48723012,,12.199999809265137,0.0,0.0,0.0,0.0,1.7999999523162842,94.43999481201172,0,0,0,True,,,,
1776723408,98625600,,12.219999313354492,0.0,0.0,0.0,0.0,1.7999999523162842,95.54999542236328,0,0,0,True,,,,
1776723408,148645946,,12.199999809265137,0.0,0.0,0.0,0.0,1.7999999523162842,94.43999481201172,0,0,0,True,,,,
1776723408,198691625,,12.199999809265137,0.0,0.0,0.0,0.0,1.7999999523162842,94.43999481201172,0,0,0,True,,,,
1776723408,248669267,,12.219999313354492,0.0,0.0,0.0,0.0,1.7999999523162842,95.54999542236328,0,0,0,True,,,,
1776723408,298644558,,12.219999313354492,0.0,0.0,0.0,0.0,1.7999999523162842,95.54999542236328,0,0,0,True,,,,
1776723408,348726347,,12.199999809265137,0.0,0.0,0.0,0.0,1.7999999523162842,94.43999481201172,0,0,0,True,,,,
1776723408,398624417,,12.199999809265137,0.0,0.0,0.0,0.0,1.7999999523162842,94.43999481201172,0,0,0,True,,,,
1776723408,448706280,,12.219999313354492,0.0,0.0,0.0,0.0,1.7999999523162842,95.54999542236328,0,0,0,True,,,,
1776723408,498759717,,12.199999809265137,0.0,0.0,0.0,0.0,1.7999999523162842,94.43999481201172,0,0,0,True,,,,
1776723408,548670176,,12.199999809265137,0.0,0.0,0.0,0.0,1.7999999523162842,94.43999481201172,0,0,0,True,,,,
1776723408,599084552,,12.199999809265137,0.0,0.0,0.0,0.0,1.7999999523162842,94.43999481201172,0,0,0,True,,,,
1776723408,648684923,,12.219999313354492,0.0,0.0,0.0,0.0,1.7999999523162842,95.54999542236328,0,0,0,True,,,,
1776723408,698659343,,12.219999313354492,0.0,0.0,0.0,0.0,1.7999999523162842,95.54999542236328,0,0,0,True,,,,
1776723408,748630357,,12.199999809265137,0.0,0.0,0.0,0.0,1.7999999523162842,94.43999481201172,0,0,0,True,,,,
1776723408,798639795,,12.219999313354492,0.0,0.0,0.0,0.0,1.7999999523162842,95.54999542236328,0,0,0,True,,,,
1776723408,848659011,,12.199999809265137,0.0,0.0,0.0,0.0,1.7999999523162842,94.43999481201172,0,0,0,True,,,,
1776723408,898622820,,12.199999809265137,0.0,0.0,0.0,0.0,1.7999999523162842,94.43999481201172,0,0,0,True,,,,
1776723408,948697239,,12.219999313354492,0.0,0.0,0.0,0.0,1.7999999523162842,95.54999542236328,0,0,0,True,,,,
1776723408,998663345,,12.219999313354492,0.0,0.0,0.0,0.0,1.7999999523162842,95.54999542236328,0,0,0,True,,,,
1776723409,48722060,,12.219999313354492,0.0,0.0,0.0,0.0,1.7999999523162842,95.54999542236328,0,0,0,True,,,,
1776723409,98659592,,12.199999809265137,0.0,0.0,0.0,0.0,1.7999999523162842,94.43999481201172,0,0,0,True,,,,
1776723409,148626568,,12.199999809265137,0.0,0.0,0.0,0.0,1.7999999523162842,94.43999481201172,0,0,0,True,,,,
1776723409,198657192,,12.199999809265137,0.0,0.0,0.0,0.0,1.7999999523162842,94.43999481201172,0,0,0,True,,,,
1776723409,248679481,,12.199999809265137,0.0,0.0,0.0,0.0,1.7999999523162842,94.43999481201172,0,0,0,True,,,,
1776723409,298666920,,12.219999313354492,0.0,0.0,0.0,0.0,1.7999999523162842,95.54999542236328,0,0,0,True,,,,
1776723409,348702340,,12.199999809265137,0.0,0.0,0.0,0.0,1.7999999523162842,94.43999481201172,0,0,0,True,,,,
1776723409,398669131,,12.199999809265137,0.0,0.0,0.0,0.0,1.7999999523162842,94.43999481201172,0,0,0,True,,,,
1776723409,448641551,,12.219999313354492,0.0,0.0,0.0,0.0,1.7999999523162842,95.54999542236328,0,0,0,True,,,,
1776723409,498707711,,12.219999313354492,0.0,0.0,0.0,0.0,1.7999999523162842,95.54999542236328,0,0,0,True,,,,
1776723409,548698890,,12.199999809265137,0.0,0.0,0.0,0.0,1.7999999523162842,94.43999481201172,0,0,0,True,,,,
1776723409,598636626,,12.199999809265137,0.0,0.0,0.0,0.0,1.7999999523162842,94.43999481201172,0,0,0,True,,,,
1776723409,648638231,,12.199999809265137,0.0,0.0,0.0,0.0,1.7999999523162842,94.43999481201172,0,0,0,True,,,,
1776723409,698632836,,12.219999313354492,0.0,0.0,0.0,0.0,1.7999999523162842,95.54999542236328,0,0,0,True,,,,
1776723409,748661385,,12.199999809265137,0.0,0.0,0.0,0.0,1.7999999523162842,94.43999481201172,0,0,0,True,,,,
1776723409,798573992,,12.199999809265137,0.0,0.0,0.0,0.0,1.7999999523162842,94.43999481201172,0,0,0,True,,,,
1776723409,848655096,,12.219999313354492,0.0,0.0,0.0,0.0,1.7999999523162842,95.54999542236328,0,0,0,True,,,,
1776723409,898666553,,12.219999313354492,0.0,0.0,0.0,0.0,1.7999999523162842,95.54999542236328,0,0,0,True,,,,
1776723409,948658880,,12.199999809265137,0.0,0.0,0.0,0.0,1.7999999523162842,94.43999481201172,0,0,0,True,,,,
1776723409,998641912,,12.1899995803833,0.0,0.0,0.0,0.0,1.7999999523162842,93.87999725341797,0,0,0,True,,,,
1776723410,48707016,,12.199999809265137,0.0,0.0,0.0,0.0,1.7999999523162842,94.43999481201172,0,0,0,True,,,,
1776723410,98608048,,12.219999313354492,0.0,0.0,0.0,0.0,1.7999999523162842,95.54999542236328,0,0,0,True,,,,
1776723410,148651190,,12.199999809265137,0.0,0.0,0.0,0.0,1.7999999523162842,94.43999481201172,0,0,0,True,,,,
1776723410,198610407,,12.199999809265137,0.0,0.0,0.0,0.0,1.7999999523162842,94.43999481201172,0,0,0,True,,,,
1776723410,248641289,,12.219999313354492,0.0,0.0,0.0,0.0,1.7999999523162842,95.54999542236328,0,0,0,True,,,,
1776723410,298636376,,12.199999809265137,0.0,0.0,0.0,0.0,1.7999999523162842,94.43999481201172,0,0,0,True,,,,
1776723410,348668573,,12.199999809265137,0.0,0.0,0.0,0.0,1.7999999523162842,94.43999481201172,0,0,0,True,,,,
1776723410,398666604,,12.219999313354492,0.0,0.0,0.0,0.0,1.7999999523162842,95.54999542236328,0,0,0,True,,,,
1776723410,448658673,,12.199999809265137,0.0,0.0,0.0,0.0,1.7999999523162842,94.43999481201172,0,0,0,True,,,,
1776723410,498708647,,12.199999809265137,0.0,0.0,0.0,0.0,1.7999999523162842,94.43999481201172,0,0,0,True,,,,
1776723410,548595680,,12.199999809265137,0.0,0.0,0.0,0.0,1.7999999523162842,94.43999481201172,0,0,0,True,,,,
1776723410,598630174,,12.219999313354492,0.0,0.0,0.0,0.0,1.7999999523162842,95.54999542236328,0,0,0,True,,,,
1776723410,648572761,,12.219999313354492,0.0,0.0,0.0,0.0,1.7999999523162842,95.54999542236328,0,0,0,True,,,,
1776723410,698658199,,12.199999809265137,0.0,0.0,0.0,0.0,1.7999999523162842,94.43999481201172,0,0,0,True,,,,
1776723410,748610230,,12.219999313354492,0.0,0.0,0.0,0.0,1.7999999523162842,95.54999542236328,0,0,0,True,,,,
1776723410,798610669,,12.199999809265137,0.0,0.0,0.0,0.0,1.7999999523162842,94.43999481201172,0,0,0,True,,,,
1776723410,848615218,,12.199999809265137,0.0,0.0,0.0,0.0,1.7999999523162842,94.43999481201172,0,0,0,True,,,,
1776723410,898651342,,12.199999809265137,0.0,0.0,0.0,0.0,1.7999999523162842,94.43999481201172,0,0,0,True,,,,
1776723410,948636410,,12.199999809265137,0.0,0.0,0.0,0.0,1.7999999523162842,94.43999481201172,0,0,0,True,,,,
1776723410,998589423,,12.199999809265137,0.0,0.0,0.0,0.0,1.7999999523162842,94.43999481201172,0,0,0,True,,,,
1776723411,48682675,,12.219999313354492,0.0,0.0,0.0,0.0,1.7999999523162842,95.54999542236328,0,0,0,True,,,,
1776723411,98620152,,12.199999809265137,0.0,0.0,0.0,0.0,1.7999999523162842,94.43999481201172,0,0,0,True,,,,
1776723411,148640627,,12.219999313354492,0.0,0.0,0.0,0.0,1.7999999523162842,95.54999542236328,0,0,0,True,,,,
1776723411,198625455,,12.199999809265137,0.0,0.0,0.0,0.0,1.7999999523162842,94.43999481201172,0,0,0,True,,,,
1776723411,248597856,,12.219999313354492,0.0,0.0,0.0,0.0,1.7999999523162842,95.54999542236328,0,0,0,True,,,,
1776723411,298620795,,12.199999809265137,0.0,0.0,0.0,0.0,1.7999999523162842,94.43999481201172,0,0,0,True,,,,
1776723411,348620159,,12.199999809265137,0.0,0.0,0.0,0.0,1.7999999523162842,94.43999481201172,0,0,0,True,,,,
1776723411,398646560,,12.199999809265137,0.0,0.0,0.0,0.0,1.7999999523162842,94.43999481201172,0,0,0,True,,,,
1776723411,448648110,,12.199999809265137,0.0,0.0,0.0,0.0,1.7999999523162842,94.43999481201172,0,0,0,True,,,,
1776723411,498586160,,12.1899995803833,0.0,0.0,0.0,0.0,1.7999999523162842,93.87999725341797,0,0,0,True,,,,
1776723411,548585006,,12.199999809265137,0.0,0.0,0.0,0.0,1.7999999523162842,94.43999481201172,0,0,0,True,,,,
1776723411,598595611,,12.199999809265137,0.0,0.0,0.0,0.0,1.7999999523162842,94.43999481201172,0,0,0,True,,,,
1776723411,648715937,,12.1899995803833,0.0,0.0,0.0,0.0,1.7999999523162842,93.87999725341797,0,0,0,True,,,,
1776723411,698586988,,12.199999809265137,0.0,0.0,0.0,0.0,1.7999999523162842,94.43999481201172,0,0,0,True,,,,
1776723411,748583112,,12.199999809265137,0.0,0.0,0.0,0.0,1.7999999523162842,94.43999481201172,0,0,0,True,,,,
1776723411,798572162,,12.1899995803833,0.0,0.0,0.0,0.0,1.7999999523162842,93.87999725341797,0,0,0,True,,,,
1776723411,848586471,,12.1899995803833,0.0,0.0,0.0,0.0,1.7999999523162842,93.87999725341797,0,0,0,True,,,,
1776723411,898570224,,12.199999809265137,0.0,0.0,0.0,0.0,1.7999999523162842,94.43999481201172,0,0,0,True,,,,
1776723411,948588329,,12.1899995803833,0.0,0.0,0.0,0.0,1.7999999523162842,93.87999725341797,0,0,0,True,,,,
1776723411,998593804,,12.199999809265137,0.0,0.0,0.0,0.0,1.7999999523162842,94.43999481201172,0,0,0,True,,,,
1776723412,48567095,,12.199999809265137,0.0,0.0,0.0,0.0,1.7999999523162842,94.43999481201172,0,0,0,True,,,,
1776723412,98650069,,12.199999809265137,0.0,0.0,0.0,0.0,1.7999999523162842,94.43999481201172,0,0,0,True,,,,
1776723412,148577287,,12.199999809265137,0.0,0.0,0.0,0.0,1.7999999523162842,94.43999481201172,0,0,0,True,,,,
1776723412,198601151,,12.199999809265137,0.0,0.0,0.0,0.0,1.7999999523162842,94.43999481201172,0,0,0,True,,,,
1776723412,248616997,,12.199999809265137,0.0,0.0,0.0,0.0,1.7999999523162842,94.43999481201172,0,0,0,True,,,,
1776723412,298549029,,12.199999809265137,0.0,0.0,0.0,0.0,1.7999999523162842,94.43999481201172,0,0,0,True,,,,
1776723412,348585985,,12.199999809265137,0.0,0.0,0.0,0.0,1.7999999523162842,94.43999481201172,0,0,0,True,,,,
1776723412,398598275,,12.219999313354492,0.0,0.0,0.0,0.0,1.7999999523162842,95.54999542236328,0,0,0,True,,,,
1776723412,448622843,,12.199999809265137,0.0,0.0,0.0,0.0,1.7999999523162842,94.43999481201172,0,0,0,True,,,,
1776723412,498597134,,12.219999313354492,0.0,0.0,0.0,0.0,1.7999999523162842,95.54999542236328,0,0,0,True,,,,
1776723412,548647331,,12.199999809265137,0.0,0.0,0.0,0.0,1.7999999523162842,94.43999481201172,0,0,0,True,,,,
1776723412,598597437,,12.199999809265137,0.0,0.0,0.0,0.0,1.7999999523162842,94.43999481201172,0,0,0,True,,,,
1776723412,648576672,,12.219999313354492,0.0,0.0,0.0,0.0,1.7999999523162842,95.54999542236328,0,0,0,True,,,,
1776723412,698642850,,12.1899995803833,0.0,0.0,0.0,0.0,1.7999999523162842,93.87999725341797,0,0,0,True,,,,
1776723412,748573253,,12.199999809265137,0.0,0.0,0.0,0.0,1.7999999523162842,94.43999481201172,0,0,0,True,,,,
1776723412,798592432,,12.219999313354492,0.0,0.0,0.0,0.0,1.7999999523162842,95.54999542236328,0,0,0,True,,,,
1776723412,848567889,,12.199999809265137,0.0,0.0,0.0,0.0,1.7999999523162842,94.43999481201172,0,0,0,True,,,,
1776723412,898574624,,12.199999809265137,0.0,0.0,0.0,0.0,1.7999999523162842,94.43999481201172,0,0,0,True,,,,
1776723412,948643043,,12.219999313354492,0.0,0.0,0.0,0.0,1.7999999523162842,95.54999542236328,0,0,0,True,,,,
1776723412,998606315,,12.219999313354492,0.0,0.0,0.0,0.0,1.7999999523162842,95.54999542236328,0,0,0,True,,,,
1776723413,48639123,,12.199999809265137,0.0,0.0,0.0,0.0,1.7999999523162842,94.43999481201172,0,0,0,True,,,,
1776723413,98602063,,12.219999313354492,0.0,0.0,0.0,0.0,1.7999999523162842,95.54999542236328,0,0,0,True,,,,
1776723413,148619279,,12.199999809265137,0.0,0.0,0.0,0.0,1.7999999523162842,94.43999481201172,0,0,0,True,,,,
1776723413,198569199,,12.199999809265137,0.0,0.0,0.0,0.0,1.7999999523162842,94.43999481201172,0,0,0,True,,,,
1776723413,248614563,,12.219999313354492,0.0,0.0,0.0,0.0,1.7999999523162842,95.54999542236328,0,0,0,True,,,,
1776723413,298577539,,12.199999809265137,0.0,0.0,0.0,0.0,1.7999999523162842,94.43999481201172,0,0,0,True,,,,
1776723413,348579459,,12.199999809265137,0.0,0.0,0.0,0.0,1.7999999523162842,94.43999481201172,0,0,0,True,,,,
1776723413,398604897,,12.1899995803833,0.0,0.0,0.0,0.0,1.7999999523162842,93.87999725341797,0,0,0,True,,,,
1776723413,448602854,,12.199999809265137,0.0,0.0,0.0,0.0,1.7999999523162842,94.43999481201172,0,0,0,True,,,,
1776723413,498599756,,12.219999313354492,0.0,0.0,0.0,0.0,1.7999999523162842,95.54999542236328,0,0,0,True,,,,
1776723413,548560899,,12.219999313354492,0.0,0.0,0.0,0.0,1.7999999523162842,95.54999542236328,0,0,0,True,,,,
1776723413,598579244,,12.219999313354492,0.0,0.0,0.0,0.0,1.7999999523162842,95.54999542236328,0,0,0,True,,,,
1776723413,648617367,,12.219999313354492,0.0,0.0,0.0,0.0,1.7999999523162842,95.54999542236328,0,0,0,True,,,,
1776723413,698595899,,12.219999313354492,0.0,0.0,0.0,0.0,1.7999999523162842,95.54999542236328,0,0,0,True,,,,
1776723413,748592671,,12.219999313354492,0.0,0.0,0.0,0.0,1.7999999523162842,95.54999542236328,0,0,0,True,,,,
1776723413,798595313,,12.199999809265137,0.0,0.0,0.0,0.0,1.7999999523162842,94.43999481201172,0,0,0,True,,,,
1776723413,848602214,,12.199999809265137,0.0,0.0,0.0,0.0,1.7999999523162842,94.43999481201172,0,0,0,True,,,,
1776723413,898573338,,12.199999809265137,0.0,0.0,0.0,0.0,1.7999999523162842,94.43999481201172,0,0,0,True,,,,
1776723413,948589258,,12.199999809265137,0.0,0.0,0.0,0.0,1.7999999523162842,94.43999481201172,0,0,0,True,,,,
1776723413,998571401,,12.1899995803833,0.0,0.0,0.0,0.0,1.7999999523162842,93.87999725341797,0,0,0,True,,,,
1776723414,48565006,,12.199999809265137,0.0,0.0,0.0,0.0,1.7999999523162842,94.43999481201172,0,0,0,True,,,,
1776723414,98593851,,12.1899995803833,0.0,0.0,0.0,0.0,1.7999999523162842,93.87999725341797,0,0,0,True,,,,
1776723414,148549235,,12.199999809265137,0.0,0.0,0.0,0.0,1.7999999523162842,94.43999481201172,0,0,0,True,,,,
1776723414,198549025,,12.199999809265137,0.0,0.0,0.0,0.0,1.7999999523162842,94.43999481201172,0,0,0,True,,,,
1776723414,248588037,,12.219999313354492,0.0,0.0,0.0,0.0,1.7999999523162842,95.54999542236328,0,0,0,True,,,,
1776723414,298549977,,12.199999809265137,0.0,0.0,0.0,0.0,1.7999999523162842,94.43999481201172,0,0,0,True,,,,
1776723414,348585581,,12.199999809265137,0.0,0.0,0.0,0.0,1.7999999523162842,94.43999481201172,0,0,0,True,,,,
1776723414,398544150,,12.199999809265137,0.0,0.0,0.0,0.0,1.7999999523162842,94.43999481201172,0,0,0,True,,,,
1776723414,448541126,,12.199999809265137,0.0,0.0,0.0,0.0,1.7999999523162842,94.43999481201172,0,0,0,True,,,,
1776723414,498527268,,12.199999809265137,0.0,0.0,0.0,0.0,1.7999999523162842,94.43999481201172,0,0,0,True,,,,
1776723414,548565613,,12.219999313354492,0.0,0.0,0.0,0.0,1.7999999523162842,95.54999542236328,0,0,0,True,,,,
1776723414,598563959,,12.199999809265137,0.0,0.0,0.0,0.0,1.7999999523162842,94.43999481201172,0,0,0,True,,,,
1776723414,648630508,,12.199999809265137,0.0,0.0,0.0,0.0,1.7999999523162842,94.43999481201172,0,0,0,True,,,,
1776723414,698557336,,12.199999809265137,0.0,0.0,0.0,0.0,1.7999999523162842,94.43999481201172,0,0,0,True,,,,
1776723414,748564201,,12.199999809265137,0.0,0.0,0.0,0.0,1.7999999523162842,94.43999481201172,0,0,0,True,,,,
1776723414,798553621,,12.199999809265137,0.0,0.0,0.0,0.0,1.7999999523162842,94.43999481201172,0,0,0,True,,,,
1776723414,848650724,,12.199999809265137,0.0,0.0,0.0,0.0,1.7999999523162842,94.43999481201172,0,0,0,True,,,,
1776723414,898570053,,12.199999809265137,0.0,0.0,0.0,0.0,1.7999999523162842,94.43999481201172,0,0,0,True,,,,
1776723414,948541233,,12.219999313354492,0.0,0.0,0.0,0.0,1.7999999523162842,95.54999542236328,0,0,0,True,,,,
1776723414,998565800,,12.199999809265137,0.0,0.0,0.0,0.0,1.7999999523162842,94.43999481201172,0,0,0,True,,,,
1776723415,48500481,,12.1899995803833,0.0,0.0,0.0,0.0,1.7999999523162842,93.87999725341797,0,0,0,True,,,,
1776723415,98526771,,12.219999313354492,0.0,0.0,0.0,0.0,1.7999999523162842,95.54999542236328,0,0,0,True,,,,
1776723415,148599949,,12.199999809265137,0.0,0.0,0.0,0.0,1.7999999523162842,94.43999481201172,0,0,0,True,,,,
1776723415,198546981,,12.199999809265137,0.0,0.0,0.0,0.0,1.7999999523162842,94.43999481201172,0,0,0,True,,,,
1776723415,248524660,,12.219999313354492,0.0,0.0,0.0,0.0,1.7999999523162842,95.54999542236328,0,0,0,True,,,,
1776723415,298625505,,12.199999809265137,0.0,0.0,0.0,0.0,1.7999999523162842,94.43999481201172,0,0,0,True,,,,
1776723415,348564777,,12.199999809265137,0.0,0.0,0.0,0.0,1.7999999523162842,94.43999481201172,0,0,0,True,,,,
1776723415,398515180,,12.219999313354492,0.0,0.0,0.0,0.0,1.7999999523162842,95.54999542236328,0,0,0,True,,,,
1776723415,448595635,,12.199999809265137,0.0,0.0,0.0,0.0,1.7999999523162842,94.43999481201172,0,0,0,True,,,,
1776723415,498529020,,12.199999809265137,0.0,0.0,0.0,0.0,1.7999999523162842,94.43999481201172,0,0,0,True,,,,
1776723415,548569754,,12.199999809265137,0.0,0.0,0.0,0.0,1.7999999523162842,94.43999481201172,0,0,0,True,,,,
1776723415,598618099,,12.199999809265137,0.0,0.0,0.0,0.0,1.7999999523162842,94.43999481201172,0,0,0,True,,,,
1776723415,648516724,,12.199999809265137,0.0,0.0,0.0,0.0,1.7999999523162842,94.43999481201172,0,0,0,True,,,,
1776723415,698590791,,12.199999809265137,0.0,0.0,0.0,0.0,1.7999999523162842,94.43999481201172,0,0,0,True,,,,
1776723415,748615081,,12.219999313354492,0.0,0.0,0.0,0.0,1.7999999523162842,95.54999542236328,0,0,0,True,,,,
1776723415,798560613,,12.199999809265137,0.0,0.0,0.0,0.0,1.7999999523162842,94.43999481201172,0,0,0,True,,,,
1776723415,848587088,,12.1899995803833,0.0,0.0,0.0,0.0,1.7999999523162842,93.87999725341797,0,0,0,True,,,,
1776723415,898533842,,12.199999809265137,0.0,0.0,0.0,0.0,1.7999999523162842,94.43999481201172,0,0,0,True,,,,
1776723415,948522207,,12.199999809265137,0.0,0.0,0.0,0.0,1.7999999523162842,94.43999481201172,0,0,0,True,,,,
1776723415,998570219,,12.199999809265137,0.0,0.0,0.0,0.0,1.7999999523162842,94.43999481201172,0,0,0,True,,,,
1776723416,48564176,,12.199999809265137,0.0,0.0,0.0,0.0,1.7999999523162842,94.43999481201172,0,0,0,True,,,,
1776723416,98489838,,12.219999313354492,0.0,0.0,0.0,0.0,1.7999999523162842,95.54999542236328,0,0,0,True,,,,
1776723416,148535090,,12.219999313354492,0.0,0.0,0.0,0.0,1.7999999523162842,95.54999542236328,0,0,0,True,,,,
1776723416,198500604,,12.1899995803833,0.0,0.0,0.0,0.0,1.7999999523162842,93.87999725341797,0,0,0,True,,,,
1776723416,248573245,,12.199999809265137,0.0,0.0,0.0,0.0,1.7999999523162842,94.43999481201172,0,0,0,True,,,,
1776723416,298557406,,12.219999313354492,0.0,0.0,0.0,0.0,1.7999999523162842,95.54999542236328,0,0,0,True,,,,
1776723416,348516585,,12.219999313354492,0.0,0.0,0.0,0.0,1.7999999523162842,95.54999542236328,0,0,0,True,,,,
1776723416,398505339,,12.1899995803833,0.0,0.0,0.0,0.0,1.7999999523162842,93.87999725341797,0,0,0,True,,,,
1776723416,448518944,,12.199999809265137,0.0,0.0,0.0,0.0,1.7999999523162842,94.43999481201172,0,0,0,True,,,,
1776723416,498503216,,12.199999809265137,0.0,0.0,0.0,0.0,1.7999999523162842,94.43999481201172,0,0,0,True,,,,
1776723416,548513580,,12.199999809265137,0.0,0.0,0.0,0.0,1.7999999523162842,94.43999481201172,0,0,0,True,,,,
1776723416,598575110,,12.1899995803833,0.0,0.0,0.0,0.0,1.7999999523162842,93.87999725341797,0,0,0,True,,,,
1776723416,648507124,,12.199999809265137,0.0,0.0,0.0,0.0,1.7999999523162842,94.43999481201172,0,0,0,True,,,,
1776723416,698560728,,12.219999313354492,0.0,0.0,0.0,0.0,1.7999999523162842,95.54999542236328,0,0,0,True,,,,
1776723416,748529593,,12.199999809265137,0.0,0.0,0.0,0.0,1.7999999523162842,94.43999481201172,0,0,0,True,,,,
1776723416,798517106,,12.219999313354492,0.0,0.0,0.0,0.0,1.7999999523162842,95.54999542236328,0,0,0,True,,,,
1776723416,848543155,,12.1899995803833,0.0,0.0,0.0,0.0,1.7999999523162842,93.87999725341797,0,0,0,True,,,,
1776723416,898556205,,12.219999313354492,0.0,0.0,0.0,0.0,1.7999999523162842,95.54999542236328,0,0,0,True,,,,
1776723416,948537551,,12.219999313354492,0.0,0.0,0.0,0.0,1.7999999523162842,95.54999542236328,0,0,0,True,,,,
1776723416,998573822,,12.219999313354492,0.0,0.0,0.0,0.0,1.7999999523162842,95.54999542236328,0,0,0,True,,,,
1776723417,48564724,,12.219999313354492,0.0,0.0,0.0,0.0,1.7999999523162842,95.54999542236328,0,0,0,True,,,,
1776723417,98500589,,12.219999313354492,0.0,0.0,0.0,0.0,1.7999999523162842,95.54999542236328,0,0,0,True,,,,
1776723417,148516268,,12.219999313354492,0.0,0.0,0.0,0.0,1.7999999523162842,95.54999542236328,0,0,0,True,,,,
1776723417,198508855,,12.219999313354492,0.0,0.0,0.0,0.0,1.7999999523162842,95.54999542236328,0,0,0,True,,,,
1776723417,248519404,,12.219999313354492,0.0,0.0,0.0,0.0,1.7999999523162842,95.54999542236328,0,0,0,True,,,,
1776723417,298500214,,12.219999313354492,0.0,0.0,0.0,0.0,1.7999999523162842,95.54999542236328,0,0,0,True,,,,
1776723417,348497986,,12.199999809265137,0.0,0.0,0.0,0.0,1.7999999523162842,94.43999481201172,0,0,0,True,,,,
1776723417,398530257,,12.219999313354492,0.0,0.0,0.0,0.0,1.7999999523162842,95.54999542236328,0,0,0,True,,,,
1776723417,448489196,,12.199999809265137,0.0,0.0,0.0,0.0,1.7999999523162842,94.43999481201172,0,0,0,True,,,,
1776723417,498532356,,12.219999313354492,0.0,0.0,0.0,0.0,1.7999999523162842,95.54999542236328,0,0,0,True,,,,
1776723417,548504999,,12.199999809265137,0.0,0.0,0.0,0.0,1.7999999523162842,94.43999481201172,0,0,0,True,,,,
1776723417,598522641,,12.219999313354492,0.0,0.0,0.0,0.0,1.7999999523162842,95.54999542236328,0,0,0,True,,,,
1776723417,648569171,,12.219999313354492,0.0,0.0,0.0,0.0,1.7999999523162842,95.54999542236328,0,0,0,True,,,,
1776723417,698521499,,12.199999809265137,0.0,0.0,0.0,0.0,1.7999999523162842,94.43999481201172,0,0,0,True,,,,
1776723417,748538641,,12.199999809265137,0.0,0.0,0.0,0.0,1.7999999523162842,94.43999481201172,0,0,0,True,,,,
1776723417,798495765,,12.219999313354492,0.0,0.0,0.0,0.0,1.7999999523162842,95.54999542236328,0,0,0,True,,,,
1776723417,848485000,,12.199999809265137,0.0,0.0,0.0,0.0,1.7999999523162842,94.43999481201172,0,0,0,True,,,,
1776723417,898518864,,12.199999809265137,0.0,0.0,0.0,0.0,1.7999999523162842,94.43999481201172,0,0,0,True,,,,
1776723417,948506396,,12.219999313354492,0.0,0.0,0.0,0.0,1.7999999523162842,95.54999542236328,0,0,0,True,,,,
1776723417,998503093,,12.219999313354492,0.0,0.0,0.0,0.0,1.7999999523162842,95.54999542236328,0,0,0,True,,,,
1776723418,48536457,,12.199999809265137,0.0,0.0,0.0,0.0,1.7999999523162842,94.43999481201172,0,0,0,True,,,,
1776723418,98517600,,12.199999809265137,0.0,0.0,0.0,0.0,1.7999999523162842,94.43999481201172,0,0,0,True,,,,
1776723418,148502613,,12.199999809265137,0.0,0.0,0.0,0.0,1.7999999523162842,94.43999481201172,0,0,0,True,,,,
1776723418,198502292,,12.199999809265137,0.0,0.0,0.0,0.0,1.7999999523162842,94.43999481201172,0,0,0,True,,,,
1776723418,248540933,,12.219999313354492,0.0,0.0,0.0,0.0,1.7999999523162842,95.54999542236328,0,0,0,True,,,,
1776723418,298568427,,12.199999809265137,0.0,0.0,0.0,0.0,1.7999999523162842,94.43999481201172,0,0,0,True,,,,
1776723418,348508626,,12.219999313354492,0.0,0.0,0.0,0.0,1.7999999523162842,95.54999542236328,0,0,0,True,,,,
1776723418,398495824,,12.199999809265137,0.0,0.0,0.0,0.0,1.7999999523162842,94.43999481201172,0,0,0,True,,,,
1776723418,448521632,,12.199999809265137,0.0,0.0,0.0,0.0,1.7999999523162842,94.43999481201172,0,0,0,True,,,,
1776723418,498543589,,12.199999809265137,0.0,0.0,0.0,0.0,1.7999999523162842,94.43999481201172,0,0,0,True,,,,
1776723418,548504176,,12.219999313354492,0.0,0.0,0.0,0.0,1.7999999523162842,95.54999542236328,0,0,0,True,,,,
1776723418,598508633,,12.199999809265137,0.0,0.0,0.0,0.0,1.7999999523162842,94.43999481201172,0,0,0,True,,,,
1776723418,648468165,,12.219999313354492,0.0,0.0,0.0,0.0,1.7999999523162842,95.54999542236328,0,0,0,True,,,,
1776723418,698521214,,12.199999809265137,0.0,0.0,0.0,0.0,1.7999999523162842,94.43999481201172,0,0,0,True,,,,
1776723418,748542133,,12.199999809265137,0.0,0.0,0.0,0.0,1.7999999523162842,94.43999481201172,0,0,0,True,,,,
1776723418,798498221,,12.199999809265137,0.0,0.0,0.0,0.0,1.7999999523162842,94.43999481201172,0,0,0,True,,,,
1776723418,848486845,,12.1899995803833,0.0,0.0,0.0,0.0,1.7999999523162842,93.87999725341797,0,0,0,True,,,,
1776723418,898459450,,12.219999313354492,0.0,0.0,0.0,0.0,1.7999999523162842,95.54999542236328,0,0,0,True,,,,
1776723418,948480203,,12.199999809265137,0.0,0.0,0.0,0.0,1.7999999523162842,94.43999481201172,0,0,0,True,,,,
1776723418,998586529,,12.219999313354492,0.0,0.0,0.0,0.0,1.7999999523162842,95.54999542236328,0,0,0,True,,,,
1776723419,48538838,,12.219999313354492,0.0,0.0,0.0,0.0,1.7999999523162842,95.54999542236328,0,0,0,True,,,,
1776723419,98454093,,12.199999809265137,0.0,0.0,0.0,0.0,1.7999999523162842,94.43999481201172,0,0,0,True,,,,
1776723419,148504661,,12.219999313354492,0.0,0.0,0.0,0.0,1.7999999523162842,95.54999542236328,0,0,0,True,,,,
1776723419,198457711,,12.219999313354492,0.0,0.0,0.0,0.0,1.7999999523162842,95.54999542236328,0,0,0,True,,,,
1776723419,248501797,,12.199999809265137,0.0,0.0,0.0,0.0,1.7999999523162842,94.43999481201172,0,0,0,True,,,,
1776723419,298489847,,12.199999809265137,0.0,0.0,0.0,0.0,1.7999999523162842,94.43999481201172,0,0,0,True,,,,
1776723419,348457045,,12.219999313354492,0.0,0.0,0.0,0.0,1.7999999523162842,95.54999542236328,0,0,0,True,,,,
1776723419,398524575,,12.199999809265137,0.0,0.0,0.0,0.0,1.7999999523162842,94.43999481201172,0,0,0,True,,,,
1776723419,448617679,,12.199999809265137,0.0,0.0,0.0,0.0,1.7999999523162842,94.43999481201172,0,0,0,True,,,,
1776723419,498529193,,12.199999809265137,0.0,0.0,0.0,0.0,1.7999999523162842,94.43999481201172,0,0,0,True,,,,
1776723419,548484725,,12.219999313354492,0.0,0.0,0.0,0.0,1.7999999523162842,95.54999542236328,0,0,0,True,,,,
1776723419,598484700,,12.219999313354492,0.0,0.0,0.0,0.0,1.7999999523162842,95.54999542236328,0,0,0,True,,,,
1776723419,648473194,,12.219999313354492,0.0,0.0,0.0,0.0,1.7999999523162842,95.54999542236328,0,0,0,True,,,,
1776723419,698532095,,12.219999313354492,0.0,0.0,0.0,0.0,1.7999999523162842,95.54999542236328,0,0,0,True,,,,
1776723419,748499497,,12.219999313354492,0.0,0.0,0.0,0.0,1.7999999523162842,95.54999542236328,0,0,0,True,,,,
1776723419,798451584,,12.199999809265137,0.0,0.0,0.0,0.0,1.7999999523162842,94.43999481201172,0,0,0,True,,,,
1776723419,848473985,,12.199999809265137,0.0,0.0,0.0,0.0,1.7999999523162842,94.43999481201172,0,0,0,True,,,,
1776723419,898433962,,12.199999809265137,0.0,0.0,0.0,0.0,1.7999999523162842,94.43999481201172,0,0,0,True,,,,
1776723419,948464603,,12.219999313354492,0.0,0.0,0.0,0.0,1.7999999523162842,95.54999542236328,0,0,0,True,,,,
1776723419,998498356,,12.199999809265137,0.0,0.0,0.0,0.0,1.7999999523162842,94.43999481201172,0,0,0,True,,,,
1776723420,48497665,,12.199999809265137,0.0,0.0,0.0,0.0,1.7999999523162842,94.43999481201172,0,0,0,True,,,,
1776723420,98490029,,12.199999809265137,0.0,0.0,0.0,0.0,1.7999999523162842,94.43999481201172,0,0,0,True,,,,
1776723420,148443969,,12.219999313354492,0.0,0.0,0.0,0.0,1.7999999523162842,95.54999542236328,0,0,0,True,,,,
1776723420,198411112,,12.199999809265137,0.0,0.0,0.0,0.0,1.7999999523162842,94.43999481201172,0,0,0,True,,,,
1776723420,248470234,,12.199999809265137,0.0,0.0,0.0,0.0,1.7999999523162842,94.43999481201172,0,0,0,True,,,,
1776723420,298507820,,12.219999313354492,0.0,0.0,0.0,0.0,1.7999999523162842,95.54999542236328,0,0,0,True,,,,
1776723420,348478889,,12.219999313354492,0.0,0.0,0.0,0.0,1.7999999523162842,95.54999542236328,0,0,0,True,,,,
1776723420,398464717,,12.199999809265137,0.0,0.0,0.0,0.0,1.7999999523162842,94.43999481201172,0,0,0,True,,,,
1776723420,448485414,,12.219999313354492,0.0,0.0,0.0,0.0,1.7999999523162842,95.54999542236328,0,0,0,True,,,,
1776723420,498480130,,12.199999809265137,0.0,0.0,0.0,0.0,1.7999999523162842,94.43999481201172,0,0,0,True,,,,
1776723420,548469069,,12.219999313354492,0.0,0.0,0.0,0.0,1.7999999523162842,95.54999542236328,0,0,0,True,,,,
1776723420,598458619,,12.199999809265137,0.0,0.0,0.0,0.0,1.7999999523162842,94.43999481201172,0,0,0,True,,,,
1776723420,648475705,,12.199999809265137,0.0,0.0,0.0,0.0,1.7999999523162842,94.43999481201172,0,0,0,True,,,,
1776723420,698450089,,12.199999809265137,0.0,0.0,0.0,0.0,1.7999999523162842,94.43999481201172,0,0,0,True,,,,
1776723420,748492656,,12.199999809265137,0.0,0.0,0.0,0.0,1.7999999523162842,94.43999481201172,0,0,0,True,,,,
1776723420,798416040,,12.199999809265137,0.0,0.0,0.0,0.0,1.7999999523162842,94.43999481201172,0,0,0,True,,,,
1776723420,848478218,,12.199999809265137,0.0,0.0,0.0,0.0,1.7999999523162842,94.43999481201172,0,0,0,True,,,,
1776723420,898464990,,12.199999809265137,0.0,0.0,0.0,0.0,1.7999999523162842,94.43999481201172,0,0,0,True,,,,
1776723420,948462466,,12.199999809265137,0.0,0.0,0.0,0.0,1.7999999523162842,94.43999481201172,0,0,0,True,,,,
1776723420,998482108,,12.199999809265137,0.0,0.0,0.0,0.0,1.7999999523162842,94.43999481201172,0,0,0,True,,,,
1776723421,48463899,,12.199999809265137,0.0,0.0,0.0,0.0,1.7999999523162842,94.43999481201172,0,0,0,True,,,,
1776723421,98456245,,12.219999313354492,0.0,0.0,0.0,0.0,1.7999999523162842,95.54999542236328,0,0,0,True,,,,
1776723421,148415054,,12.219999313354492,0.0,0.0,0.0,0.0,1.7999999523162842,95.54999542236328,0,0,0,True,,,,
1776723421,198494788,,12.199999809265137,0.0,0.0,0.0,0.0,1.7999999523162842,94.43999481201172,0,0,0,True,,,,
1776723421,248431135,,12.219999313354492,0.0,0.0,0.0,0.0,1.7999999523162842,95.54999542236328,0,0,0,True,,,,
1776723421,298433610,,12.219999313354492,0.0,0.0,0.0,0.0,1.7999999523162842,95.54999542236328,0,0,0,True,,,,
1776723421,348473752,,12.199999809265137,0.0,0.0,0.0,0.0,1.7999999523162842,94.43999481201172,0,0,0,True,,,,
1776723421,398473227,,12.199999809265137,0.0,0.0,0.0,0.0,1.7999999523162842,94.43999481201172,0,0,0,True,,,,
1776723421,448521517,,12.199999809265137,0.0,0.0,0.0,0.0,1.7999999523162842,94.43999481201172,0,0,0,True,,,,
1776723421,498420327,,12.219999313354492,0.0,0.0,0.0,0.0,1.7999999523162842,95.54999542236328,0,0,0,True,,,,
1776723421,548431858,,12.199999809265137,0.0,0.0,0.0,0.0,1.7999999523162842,94.43999481201172,0,0,0,True,,,,
1776723421,598420353,,12.199999809265137,0.0,0.0,0.0,0.0,1.7999999523162842,94.43999481201172,0,0,0,True,,,,
1776723421,648411958,,12.1899995803833,0.0,0.0,0.0,0.0,1.7999999523162842,93.87999725341797,0,0,0,True,,,,
1776723421,698411119,,12.1899995803833,0.0,0.0,0.0,0.0,1.7999999523162842,93.87999725341797,0,0,0,True,,,,
1776723421,748429279,,12.199999809265137,0.0,0.0,0.0,0.0,1.7999999523162842,94.43999481201172,0,0,0,True,,,,
1776723421,798437884,,12.1899995803833,0.0,0.0,0.0,0.0,1.7999999523162842,93.87999725341797,0,0,0,True,,,,
1776723421,848407379,,12.199999809265137,0.0,0.0,0.0,0.0,1.7999999523162842,94.43999481201172,0,0,0,True,,,,
1776723421,898402206,,12.199999809265137,0.0,0.0,0.0,0.0,1.7999999523162842,94.43999481201172,0,0,0,True,,,,
1776723421,948509532,,12.199999809265137,0.0,0.0,0.0,0.0,1.7999999523162842,94.43999481201172,0,0,0,True,,,,
1776723421,998462860,,12.219999313354492,0.0,0.0,0.0,0.0,1.7999999523162842,95.54999542236328,0,0,0,True,,,,
1776723422,48401448,,12.219999313354492,0.0,0.0,0.0,0.0,1.7999999523162842,95.54999542236328,0,0,0,True,,,,
1776723422,98455367,,12.199999809265137,0.0,0.0,0.0,0.0,1.7999999523162842,94.43999481201172,0,0,0,True,,,,
1776723422,148419880,,12.219999313354492,0.0,0.0,0.0,0.0,1.7999999523162842,95.54999542236328,0,0,0,True,,,,
1776723422,198438411,,12.199999809265137,0.0,0.0,0.0,0.0,1.7999999523162842,94.43999481201172,0,0,0,True,,,,
1776723422,248424312,,12.219999313354492,0.0,0.0,0.0,0.0,1.7999999523162842,95.54999542236328,0,0,0,True,,,,
1776723422,298426658,,12.219999313354492,0.0,0.0,0.0,0.0,1.7999999523162842,95.54999542236328,0,0,0,True,,,,
1776723422,348480374,,12.219999313354492,0.0,0.0,0.0,0.0,1.7999999523162842,95.54999542236328,0,0,0,True,,,,
1776723422,398419258,,12.199999809265137,0.0,0.0,0.0,0.0,1.7999999523162842,94.43999481201172,0,0,0,True,,,,
1776723422,448457621,,12.1899995803833,0.0,0.0,0.0,0.0,1.7999999523162842,93.87999725341797,0,0,0,True,,,,
1776723422,498485337,,12.199999809265137,0.0,0.0,0.0,0.0,1.7999999523162842,94.43999481201172,0,0,0,True,,,,
1776723422,548430647,,12.199999809265137,0.0,0.0,0.0,0.0,1.7999999523162842,94.43999481201172,0,0,0,True,,,,
1776723422,598442567,,12.1899995803833,0.0,0.0,0.0,0.0,1.7999999523162842,93.87999725341797,0,0,0,True,,,,
1776723422,648435154,,12.219999313354492,0.0,0.0,0.0,0.0,1.7999999523162842,95.54999542236328,0,0,0,True,,,,
1776723422,698498758,,12.199999809265137,0.0,0.0,0.0,0.0,1.7999999523162842,94.43999481201172,0,0,0,True,,,,
1776723422,748470974,,12.219999313354492,0.0,0.0,0.0,0.0,1.7999999523162842,95.54999542236328,0,0,0,True,,,,
1776723422,798422821,,12.199999809265137,0.0,0.0,0.0,0.0,1.7999999523162842,94.43999481201172,0,0,0,True,,,,
1776723422,848410649,,12.199999809265137,0.0,0.0,0.0,0.0,1.7999999523162842,94.43999481201172,0,0,0,True,,,,
1776723422,898419198,,12.1899995803833,0.0,0.0,0.0,0.0,1.7999999523162842,93.87999725341797,0,0,0,True,,,,
1776723422,948426951,,12.199999809265137,0.0,0.0,0.0,0.0,1.7999999523162842,94.43999481201172,0,0,0,True,,,,
1776723422,998442241,,12.199999809265137,0.0,0.0,0.0,0.0,1.7999999523162842,94.43999481201172,0,0,0,True,,,,
1776723423,48421236,,12.199999809265137,0.0,0.0,0.0,0.0,1.7999999523162842,94.43999481201172,0,0,0,True,,,,
1776723423,98423211,,12.199999809265137,0.0,0.0,0.0,0.0,1.7999999523162842,94.43999481201172,0,0,0,True,,,,
1776723423,148420650,,12.219999313354492,0.0,0.0,0.0,0.0,1.7999999523162842,95.54999542236328,0,0,0,True,,,,
1776723423,198410959,,12.219999313354492,0.0,0.0,0.0,0.0,1.7999999523162842,95.54999542236328,0,0,0,True,,,,
1776723423,248441082,,12.199999809265137,0.0,0.0,0.0,0.0,1.7999999523162842,94.43999481201172,0,0,0,True,,,,
1776723423,298406466,,12.199999809265137,0.0,0.0,0.0,0.0,1.7999999523162842,94.43999481201172,0,0,0,True,,,,
1776723423,348393571,,12.199999809265137,0.0,0.0,0.0,0.0,1.7999999523162842,94.43999481201172,0,0,0,True,,,,
1776723423,398416065,,12.199999809265137,0.0,0.0,0.0,0.0,1.7999999523162842,94.43999481201172,0,0,0,True,,,,
1776723423,448388578,,12.199999809265137,0.0,0.0,0.0,0.0,1.7999999523162842,94.43999481201172,0,0,0,True,,,,
1776723423,498425071,,12.199999809265137,0.0,0.0,0.0,0.0,1.7999999523162842,94.43999481201172,0,0,0,True,,,,
1776723423,548407380,,12.199999809265137,0.0,0.0,0.0,0.0,1.7999999523162842,94.43999481201172,0,0,0,True,,,,
1776723423,598415578,,12.199999809265137,0.0,0.0,0.0,0.0,1.7999999523162842,94.43999481201172,0,0,0,True,,,,
1776723423,648469608,,12.199999809265137,0.0,0.0,0.0,0.0,1.7999999523162842,94.43999481201172,0,0,0,True,,,,
1776723423,698417807,,12.199999809265137,0.0,0.0,0.0,0.0,1.7999999523162842,94.43999481201172,0,0,0,True,,,,
1776723423,748462745,,12.199999809265137,0.0,0.0,0.0,0.0,1.7999999523162842,94.43999481201172,0,0,0,True,,,,
1776723423,798386573,,12.219999313354492,0.0,0.0,0.0,0.0,1.7999999523162842,95.54999542236328,0,0,0,True,,,,
1776723423,848428696,,12.199999809265137,0.0,0.0,0.0,0.0,1.7999999523162842,94.43999481201172,0,0,0,True,,,,
1776723423,898427116,,12.199999809265137,0.0,0.0,0.0,0.0,1.7999999523162842,94.43999481201172,0,0,0,True,,,,
1776723423,948417648,,12.219999313354492,0.0,0.0,0.0,0.0,1.7999999523162842,95.54999542236328,0,0,0,True,,,,
1776723423,998413345,,12.199999809265137,0.0,0.0,0.0,0.0,1.7999999523162842,94.43999481201172,0,0,0,True,,,,
1776723424,48430710,,12.199999809265137,0.0,0.0,0.0,0.0,1.7999999523162842,94.43999481201172,0,0,0,True,,,,
1776723424,98387797,,12.219999313354492,0.0,0.0,0.0,0.0,1.7999999523162842,95.54999542236328,0,0,0,True,,,,
1776723424,148464234,,12.199999809265137,0.0,0.0,0.0,0.0,1.7999999523162842,94.43999481201172,0,0,0,True,,,,
1776723424,198386915,,12.199999809265137,0.0,0.0,0.0,0.0,1.7999999523162842,94.43999481201172,0,0,0,True,,,,
1776723424,248412723,,12.219999313354492,0.0,0.0,0.0,0.0,1.7999999523162842,95.54999542236328,0,0,0,True,,,,
1776723424,298393125,,12.199999809265137,0.0,0.0,0.0,0.0,1.7999999523162842,94.43999481201172,0,0,0,True,,,,
1776723424,348435711,,12.219999313354492,0.0,0.0,0.0,0.0,1.7999999523162842,95.54999542236328,0,0,0,True,,,,
1776723424,398399761,,12.199999809265137,0.0,0.0,0.0,0.0,1.7999999523162842,94.43999481201172,0,0,0,True,,,,
1776723424,448406940,,12.219999313354492,0.0,0.0,0.0,0.0,1.7999999523162842,95.54999542236328,0,0,0,True,,,,
1776723424,498480692,,12.219999313354492,0.0,0.0,0.0,0.0,1.7999999523162842,95.54999542236328,0,0,0,True,,,,
1776723424,548359633,,12.219999313354492,0.0,0.0,0.0,0.0,1.7999999523162842,95.54999542236328,0,0,0,True,,,,
1776723424,598396071,,12.219999313354492,0.0,0.0,0.0,0.0,1.7999999523162842,95.54999542236328,0,0,0,True,,,,
1776723424,648504063,,12.219999313354492,0.0,0.0,0.0,0.0,1.7999999523162842,95.54999542236328,0,0,0,True,,,,
1776723424,698400059,,12.199999809265137,0.0,0.0,0.0,0.0,1.7999999523162842,94.43999481201172,0,0,0,True,,,,
1776723424,748385701,,12.219999313354492,0.0,0.0,0.0,0.0,1.7999999523162842,95.54999542236328,0,0,0,True,,,,
1776723424,798364788,,12.219999313354492,0.0,0.0,0.0,0.0,1.7999999523162842,95.54999542236328,0,0,0,True,,,,
1776723424,848357319,,12.219999313354492,0.0,0.0,0.0,0.0,1.7999999523162842,95.54999542236328,0,0,0,True,,,,
1776723424,898393943,,12.199999809265137,0.0,0.0,0.0,0.0,1.7999999523162842,94.43999481201172,0,0,0,True,,,,
1776723424,948397214,,12.199999809265137,0.0,0.0,0.0,0.0,1.7999999523162842,94.43999481201172,0,0,0,True,,,,
1776723424,998373561,,12.219999313354492,0.0,0.0,0.0,0.0,1.7999999523162842,95.54999542236328,0,0,0,True,,,,
1776723425,48370184,,12.199999809265137,0.0,0.0,0.0,0.0,1.7999999523162842,94.43999481201172,0,0,0,True,,,,
1776723425,98369790,,12.199999809265137,0.0,0.0,0.0,0.0,1.7999999523162842,94.43999481201172,0,0,0,True,,,,
1776723425,148395598,,12.199999809265137,0.0,0.0,0.0,0.0,1.7999999523162842,94.43999481201172,0,0,0,True,,,,
1776723425,198361019,,12.199999809265137,0.0,0.0,0.0,0.0,1.7999999523162842,94.43999481201172,0,0,0,True,,,,
1776723425,248393271,,12.199999809265137,0.0,0.0,0.0,0.0,1.7999999523162842,94.43999481201172,0,0,0,True,,,,
1776723425,298403487,,12.199999809265137,0.0,0.0,0.0,0.0,1.7999999523162842,94.43999481201172,0,0,0,True,,,,
1776723425,348400611,,12.199999809265137,0.0,0.0,0.0,0.0,1.7999999523162842,94.43999481201172,0,0,0,True,,,,
1776723425,398395309,,12.199999809265137,0.0,0.0,0.0,0.0,1.7999999523162842,94.43999481201172,0,0,0,True,,,,
1776723425,448382137,,12.199999809265137,0.0,0.0,0.0,0.0,1.7999999523162842,94.43999481201172,0,0,0,True,,,,
1776723425,498393501,,12.199999809265137,0.0,0.0,0.0,0.0,1.7999999523162842,94.43999481201172,0,0,0,True,,,,
1776723425,548384291,,12.199999809265137,0.0,0.0,0.0,0.0,1.7999999523162842,94.43999481201172,0,0,0,True,,,,
1776723425,598359749,,12.199999809265137,0.0,0.0,0.0,0.0,1.7999999523162842,94.43999481201172,0,0,0,True,,,,
1776723425,648473945,,12.199999809265137,0.0,0.0,0.0,0.0,1.7999999523162842,94.43999481201172,0,0,0,True,,,,
1776723425,698406329,,12.219999313354492,0.0,0.0,0.0,0.0,1.7999999523162842,95.54999542236328,0,0,0,True,,,,
1776723425,748378027,,12.199999809265137,0.0,0.0,0.0,0.0,1.7999999523162842,94.43999481201172,0,0,0,True,,,,
1776723425,798394002,,12.199999809265137,0.0,0.0,0.0,0.0,1.7999999523162842,94.43999481201172,0,0,0,True,,,,
1776723425,848361941,,12.199999809265137,0.0,0.0,0.0,0.0,1.7999999523162842,94.43999481201172,0,0,0,True,,,,
1776723425,898367250,,12.199999809265137,0.0,0.0,0.0,0.0,1.7999999523162842,94.43999481201172,0,0,0,True,,,,
1776723425,948436243,,12.199999809265137,0.0,0.0,0.0,0.0,1.7999999523162842,94.43999481201172,0,0,0,True,,,,
1776723425,998362201,,12.219999313354492,0.0,0.0,0.0,0.0,1.7999999523162842,95.54999542236328,0,0,0,True,,,,
1776723426,48402528,,12.219999313354492,0.0,0.0,0.0,0.0,1.7999999523162842,95.54999542236328,0,0,0,True,,,,
1776723426,98381652,,12.199999809265137,0.0,0.0,0.0,0.0,1.7999999523162842,94.43999481201172,0,0,0,True,,,,
1776723426,148382554,,12.199999809265137,0.0,0.0,0.0,0.0,1.7999999523162842,94.43999481201172,0,0,0,True,,,,
1776723426,198357733,,12.199999809265137,0.0,0.0,0.0,0.0,1.7999999523162842,94.43999481201172,0,0,0,True,,,,
1776723426,248387023,,12.1899995803833,0.0,0.0,0.0,0.0,1.7999999523162842,93.87999725341797,0,0,0,True,,,,
1776723426,298420572,,12.199999809265137,0.0,0.0,0.0,0.0,1.7999999523162842,94.43999481201172,0,0,0,True,,,,
1776723426,348380974,,12.219999313354492,0.0,0.0,0.0,0.0,1.7999999523162842,95.54999542236328,0,0,0,True,,,,
1776723426,398387913,,12.199999809265137,0.0,0.0,0.0,0.0,1.7999999523162842,94.43999481201172,0,0,0,True,,,,
1776723426,448319612,,12.1899995803833,0.0,0.0,0.0,0.0,1.7999999523162842,93.87999725341797,0,0,0,True,,,,
1776723426,498367105,,12.199999809265137,0.0,0.0,0.0,0.0,1.7999999523162842,94.43999481201172,0,0,0,True,,,,
1776723426,548356488,,12.199999809265137,0.0,0.0,0.0,0.0,1.7999999523162842,94.43999481201172,0,0,0,True,,,,
1776723426,598321890,,12.199999809265137,0.0,0.0,0.0,0.0,1.7999999523162842,94.43999481201172,0,0,0,True,,,,
1776723426,648316680,,12.199999809265137,0.0,0.0,0.0,0.0,1.7999999523162842,94.43999481201172,0,0,0,True,,,,
1776723426,698363785,,12.199999809265137,0.0,0.0,0.0,0.0,1.7999999523162842,94.43999481201172,0,0,0,True,,,,
1776723426,748330520,,12.1899995803833,0.0,0.0,0.0,0.0,1.7999999523162842,93.87999725341797,0,0,0,True,,,,
1776723426,798359088,,12.199999809265137,0.0,0.0,0.0,0.0,1.7999999523162842,94.43999481201172,0,0,0,True,,,,
1776723426,848377100,,12.199999809265137,0.0,0.0,0.0,0.0,1.7999999523162842,94.43999481201172,0,0,0,True,,,,
1776723426,898375057,,12.1899995803833,0.0,0.0,0.0,0.0,1.7999999523162842,93.87999725341797,0,0,0,True,,,,
1776723426,948351700,,12.199999809265137,0.0,0.0,0.0,0.0,1.7999999523162842,94.43999481201172,0,0,0,True,,,,
1776723426,998374453,,12.1899995803833,0.0,0.0,0.0,0.0,1.7999999523162842,93.87999725341797,0,0,0,True,,,,
1776723427,48362484,,12.199999809265137,0.0,0.0,0.0,0.0,1.7999999523162842,94.43999481201172,0,0,0,True,,,,
1776723427,98376145,,12.199999809265137,0.0,0.0,0.0,0.0,1.7999999523162842,94.43999481201172,0,0,0,True,,,,
1776723427,148393972,,12.199999809265137,0.0,0.0,0.0,0.0,1.7999999523162842,94.43999481201172,0,0,0,True,,,,
1776723427,198334856,,12.1899995803833,0.0,0.0,0.0,0.0,1.7999999523162842,93.87999725341797,0,0,0,True,,,,
1776723427,248310091,,12.199999809265137,0.0,0.0,0.0,0.0,1.7999999523162842,94.43999481201172,0,0,0,True,,,,
1776723427,298343492,,12.199999809265137,0.0,0.0,0.0,0.0,1.7999999523162842,94.43999481201172,0,0,0,True,,,,
1776723427,348360689,,12.1899995803833,0.0,0.0,0.0,0.0,1.7999999523162842,93.87999725341797,0,0,0,True,,,,
1776723427,398360757,,12.199999809265137,0.0,0.0,0.0,0.0,1.7999999523162842,94.43999481201172,0,0,0,True,,,,
1776723427,448380214,,12.1899995803833,0.0,0.0,0.0,0.0,1.7999999523162842,93.87999725341797,0,0,0,True,,,,
1776723427,498348875,,12.199999809265137,0.0,0.0,0.0,0.0,1.7999999523162842,94.43999481201172,0,0,0,True,,,,
1776723427,548360869,,12.1899995803833,0.0,0.0,0.0,0.0,1.7999999523162842,93.87999725341797,0,0,0,True,,,,
1776723427,598324642,,12.199999809265137,0.0,0.0,0.0,0.0,1.7999999523162842,94.43999481201172,0,0,0,True,,,,
1776723427,648391931,,12.1899995803833,0.0,0.0,0.0,0.0,1.7999999523162842,93.87999725341797,0,0,0,True,,,,
1776723427,698393758,,12.1899995803833,0.0,0.0,0.0,0.0,1.7999999523162842,93.87999725341797,0,0,0,True,,,,
1776723427,748386456,,12.1899995803833,0.0,0.0,0.0,0.0,1.7999999523162842,93.87999725341797,0,0,0,True,,,,
1776723427,798296063,,12.1899995803833,0.0,0.0,0.0,0.0,1.7999999523162842,93.87999725341797,0,0,0,True,,,,
1776723427,848347167,,12.1899995803833,0.0,0.0,0.0,0.0,1.7999999523162842,93.87999725341797,0,0,0,True,,,,
1776723427,898303940,,12.199999809265137,0.0,0.0,0.0,0.0,1.7999999523162842,94.43999481201172,0,0,0,True,,,,
1776723427,948376229,,12.199999809265137,0.0,0.0,0.0,0.0,1.7999999523162842,94.43999481201172,0,0,0,True,,,,
1776723427,998388963,,12.199999809265137,0.0,0.0,0.0,0.0,1.7999999523162842,94.43999481201172,0,0,0,True,,,,
1776723428,48313977,,12.1899995803833,0.0,0.0,0.0,0.0,1.7999999523162842,93.87999725341797,0,0,0,True,,,,
1776723428,98397785,,12.1899995803833,0.0,0.0,0.0,0.0,1.7999999523162842,93.87999725341797,0,0,0,True,,,,
1776723428,148324539,,12.199999809265137,0.0,0.0,0.0,0.0,1.7999999523162842,94.43999481201172,0,0,0,True,,,,
1776723428,198363551,,12.199999809265137,0.0,0.0,0.0,0.0,1.7999999523162842,94.43999481201172,0,0,0,True,,,,
1776723428,248344675,,12.199999809265137,0.0,0.0,0.0,0.0,1.7999999523162842,94.43999481201172,0,0,0,True,,,,
1776723428,298326410,,12.1899995803833,0.0,0.0,0.0,0.0,1.7999999523162842,93.87999725341797,0,0,0,True,,,,
1776723428,348331571,,12.1899995803833,0.0,0.0,0.0,0.0,1.7999999523162842,93.87999725341797,0,0,0,True,,,,
1776723428,398314454,,12.1899995803833,0.0,0.0,0.0,0.0,1.7999999523162842,93.87999725341797,0,0,0,True,,,,
1776723428,448324763,,12.1899995803833,0.0,0.0,0.0,0.0,1.7999999523162842,93.87999725341797,0,0,0,True,,,,
1776723428,498376163,,12.1899995803833,0.0,0.0,0.0,0.0,1.7999999523162842,93.87999725341797,0,0,0,True,,,,
1776723428,548333436,,12.1899995803833,0.0,0.0,0.0,0.0,1.7999999523162842,93.87999725341797,0,0,0,True,,,,
1776723428,598319467,,12.1899995803833,0.0,0.0,0.0,0.0,1.7999999523162842,93.87999725341797,0,0,0,True,,,,
1776723428,648284332,,12.1899995803833,0.0,0.0,0.0,0.0,1.7999999523162842,93.87999725341797,0,0,0,True,,,,
1776723428,698332326,,12.1899995803833,0.0,0.0,0.0,0.0,1.7999999523162842,93.87999725341797,0,0,0,True,,,,
1776723428,748430411,,12.1899995803833,0.0,0.0,0.0,0.0,1.7999999523162842,93.87999725341797,0,0,0,True,,,,
1776723428,798343554,,12.170000076293945,0.0,0.0,0.0,0.0,1.7999999523162842,92.7699966430664,0,0,0,True,,,,
1776723428,848331382,,12.1899995803833,0.0,0.0,0.0,0.0,1.7999999523162842,93.87999725341797,0,0,0,True,,,,
1776723428,898334635,,12.199999809265137,0.0,0.0,0.0,0.0,1.7999999523162842,94.43999481201172,0,0,0,True,,,,
1776723428,948336388,,12.199999809265137,0.0,0.0,0.0,0.0,1.7999999523162842,94.43999481201172,0,0,0,True,,,,
1776723428,998332494,,12.1899995803833,0.0,0.0,0.0,0.0,1.7999999523162842,93.87999725341797,0,0,0,True,,,,
1776723429,48390894,,12.199999809265137,0.0,0.0,0.0,0.0,1.7999999523162842,94.43999481201172,0,0,0,True,,,,
1776723429,98310908,,12.199999809265137,0.0,0.0,0.0,0.0,1.7999999523162842,94.43999481201172,0,0,0,True,,,,
1776723429,148329383,,12.199999809265137,0.0,0.0,0.0,0.0,1.7999999523162842,94.43999481201172,0,0,0,True,,,,
1776723429,198313378,,12.199999809265137,0.0,0.0,0.0,0.0,1.7999999523162842,94.43999481201172,0,0,0,True,,,,
1776723429,248311390,,12.199999809265137,0.0,0.0,0.0,0.0,1.7999999523162842,94.43999481201172,0,0,0,True,,,,
1776723429,298318199,,12.219999313354492,0.0,0.0,0.0,0.0,1.7999999523162842,95.54999542236328,0,0,0,True,,,,
1776723429,348332971,,12.199999809265137,0.0,0.0,0.0,0.0,1.7999999523162842,94.43999481201172,0,0,0,True,,,,
1776723429,398348261,,12.199999809265137,0.0,0.0,0.0,0.0,1.7999999523162842,94.43999481201172,0,0,0,True,,,,
1776723429,448279626,,12.199999809265137,0.0,0.0,0.0,0.0,1.7999999523162842,94.43999481201172,0,0,0,True,,,,
1776723429,498345878,,12.219999313354492,0.0,0.0,0.0,0.0,1.7999999523162842,95.54999542236328,0,0,0,True,,,,
1776723429,548336280,,12.219999313354492,0.0,0.0,0.0,0.0,1.7999999523162842,95.54999542236328,0,0,0,True,,,,
1776723429,598410551,,12.199999809265137,0.0,0.0,0.0,0.0,1.7999999523162842,94.43999481201172,0,0,0,True,,,,
1776723429,648296158,,12.219999313354492,0.0,0.0,0.0,0.0,1.7999999523162842,95.54999542236328,0,0,0,True,,,,
1776723429,698328911,,12.199999809265137,0.0,0.0,0.0,0.0,1.7999999523162842,94.43999481201172,0,0,0,True,,,,
1776723429,748328942,,12.199999809265137,0.0,0.0,0.0,0.0,1.7999999523162842,94.43999481201172,0,0,0,True,,,,
1776723429,798264548,,12.219999313354492,0.0,0.0,0.0,0.0,1.7999999523162842,95.54999542236328,0,0,0,True,,,,
1776723429,848314745,,12.199999809265137,0.0,0.0,0.0,0.0,1.7999999523162842,94.43999481201172,0,0,0,True,,,,
1776723429,898339053,,12.199999809265137,0.0,0.0,0.0,0.0,1.7999999523162842,94.43999481201172,0,0,0,True,,,,
1776723429,948299881,,12.219999313354492,0.0,0.0,0.0,0.0,1.7999999523162842,95.54999542236328,0,0,0,True,,,,
1776723429,998324079,,12.199999809265137,0.0,0.0,0.0,0.0,1.7999999523162842,94.43999481201172,0,0,0,True,,,,
1776723430,48314091,,12.1899995803833,0.0,0.0,0.0,0.0,1.7999999523162842,93.87999725341797,0,0,0,True,,,,
1776723430,98331067,,12.199999809265137,0.0,0.0,0.0,0.0,1.7999999523162842,94.43999481201172,0,0,0,True,,,,
1776723430,148270673,,12.219999313354492,0.0,0.0,0.0,0.0,1.7999999523162842,95.54999542236328,0,0,0,True,,,,
1776723430,198292667,,12.219999313354492,0.0,0.0,0.0,0.0,1.7999999523162842,95.54999542236328,0,0,0,True,,,,
1776723430,248318882,,12.219999313354492,0.0,0.0,0.0,0.0,1.7999999523162842,95.54999542236328,0,0,0,True,,,,
1776723430,298288173,,12.199999809265137,0.0,0.0,0.0,0.0,1.7999999523162842,94.43999481201172,0,0,0,True,,,,
1776723430,348314389,,12.199999809265137,0.0,0.0,0.0,0.0,1.7999999523162842,94.43999481201172,0,0,0,True,,,,
1776723430,398250718,,12.199999809265137,0.0,0.0,0.0,0.0,1.7999999523162842,94.43999481201172,0,0,0,True,,,,
1776723430,448275489,,12.219999313354492,0.0,0.0,0.0,0.0,1.7999999523162842,95.54999542236328,0,0,0,True,,,,
1776723430,498856695,,12.199999809265137,0.0,0.0,0.0,0.0,1.7999999523162842,94.43999481201172,0,0,0,True,,,,
1776723430,548252922,,12.199999809265137,0.0,0.0,0.0,0.0,1.7999999523162842,94.43999481201172,0,0,0,True,,,,
1776723430,598305823,,12.199999809265137,0.0,0.0,0.0,0.0,1.7999999523162842,94.43999481201172,0,0,0,True,,,,
1776723430,648307928,,12.199999809265137,0.0,0.0,0.0,0.0,1.7999999523162842,94.43999481201172,0,0,0,True,,,,
1776723430,698320903,,12.199999809265137,0.0,0.0,0.0,0.0,1.7999999523162842,94.43999481201172,0,0,0,True,,,,
1776723430,748329286,,12.199999809265137,0.0,0.0,0.0,0.0,1.7999999523162842,94.43999481201172,0,0,0,True,,,,
1776723430,798291855,,12.199999809265137,0.0,0.0,0.0,0.0,1.7999999523162842,94.43999481201172,0,0,0,True,,,,
1776723430,848262942,,12.199999809265137,0.0,0.0,0.0,0.0,1.7999999523162842,94.43999481201172,0,0,0,True,,,,
1776723430,898356082,,12.199999809265137,0.0,0.0,0.0,0.0,1.7999999523162842,94.43999481201172,0,0,0,True,,,,
1776723430,948248467,,12.219999313354492,0.0,0.0,0.0,0.0,1.7999999523162842,95.54999542236328,0,0,0,True,,,,
1776723430,998282035,,12.199999809265137,0.0,0.0,0.0,0.0,1.7999999523162842,94.43999481201172,0,0,0,True,,,,
1776723431,48278455,,12.199999809265137,0.0,0.0,0.0,0.0,1.7999999523162842,94.43999481201172,0,0,0,True,,,,
1776723431,98299189,,12.199999809265137,0.0,0.0,0.0,0.0,1.7999999523162842,94.43999481201172,0,0,0,True,,,,
1776723431,148253110,,12.199999809265137,0.0,0.0,0.0,0.0,1.7999999523162842,94.43999481201172,0,0,0,True,,,,
1776723431,198248938,,12.199999809265137,0.0,0.0,0.0,0.0,1.7999999523162842,94.43999481201172,0,0,0,True,,,,
1776723431,248251802,,12.199999809265137,0.0,0.0,0.0,0.0,1.7999999523162842,94.43999481201172,0,0,0,True,,,,
1776723431,298267370,,12.199999809265137,0.0,0.0,0.0,0.0,1.7999999523162842,94.43999481201172,0,0,0,True,,,,
1776723431,348282456,,12.199999809265137,0.0,0.0,0.0,0.0,1.7999999523162842,94.43999481201172,0,0,0,True,,,,
1776723431,398270876,,12.199999809265137,0.0,0.0,0.0,0.0,1.7999999523162842,94.43999481201172,0,0,0,True,,,,
1776723431,448362443,,12.199999809265137,0.0,0.0,0.0,0.0,1.7999999523162842,94.43999481201172,0,0,0,True,,,,
1776723431,498245272,,12.199999809265137,0.0,0.0,0.0,0.0,1.7999999523162842,94.43999481201172,0,0,0,True,,,,
1776723431,548256229,,12.1899995803833,0.0,0.0,0.0,0.0,1.7999999523162842,93.87999725341797,0,0,0,True,,,,
1776723431,598192391,,12.1899995803833,0.0,0.0,0.0,0.0,1.7999999523162842,93.87999725341797,0,0,0,True,,,,
1776723431,648229810,,12.199999809265137,0.0,0.0,0.0,0.0,1.7999999523162842,94.43999481201172,0,0,0,True,,,,
1776723431,698309914,,12.1899995803833,0.0,0.0,0.0,0.0,1.7999999523162842,93.87999725341797,0,0,0,True,,,,
1776723431,748229724,,12.199999809265137,0.0,0.0,0.0,0.0,1.7999999523162842,94.43999481201172,0,0,0,True,,,,
1776723431,798233255,,12.199999809265137,0.0,0.0,0.0,0.0,1.7999999523162842,94.43999481201172,0,0,0,True,,,,
1776723431,848226713,,12.1899995803833,0.0,0.0,0.0,0.0,1.7999999523162842,93.87999725341797,0,0,0,True,,,,
1776723431,898411963,,12.1899995803833,0.0,0.0,0.0,0.0,1.7999999523162842,93.87999725341797,0,0,0,True,,,,
1776723431,948242256,,12.1899995803833,0.0,0.0,0.0,0.0,1.7999999523162842,93.87999725341797,0,0,0,True,,,,
1776723431,998286620,,12.1899995803833,0.0,0.0,0.0,0.0,1.7999999523162842,93.87999725341797,0,0,0,True,,,,
1776723432,48321058,,12.219999313354492,0.0,0.0,0.0,0.0,1.7999999523162842,95.54999542236328,0,0,0,True,,,,
1776723432,98223498,,12.199999809265137,0.0,0.0,0.0,0.0,1.7999999523162842,94.43999481201172,0,0,0,True,,,,
1776723432,148241010,,12.199999809265137,0.0,0.0,0.0,0.0,1.7999999523162842,94.43999481201172,0,0,0,True,,,,
1776723432,198242652,,12.1899995803833,0.0,0.0,0.0,0.0,1.7999999523162842,93.87999725341797,0,0,0,True,,,,
1776723432,248283405,,12.199999809265137,0.0,0.0,0.0,0.0,1.7999999523162842,94.43999481201172,0,0,0,True,,,,
1776723432,298286047,,12.219999313354492,0.0,0.0,0.0,0.0,1.7999999523162842,95.54999542236328,0,0,0,True,,,,
1776723432,348255190,,12.219999313354492,0.0,0.0,0.0,0.0,1.7999999523162842,95.54999542236328,0,0,0,True,,,,
1776723432,398276906,,12.199999809265137,0.0,0.0,0.0,0.0,1.7999999523162842,94.43999481201172,0,0,0,True,,,,
1776723432,448262622,,12.199999809265137,0.0,0.0,0.0,0.0,1.7999999523162842,94.43999481201172,0,0,0,True,,,,
1776723432,498230765,,12.199999809265137,0.0,0.0,0.0,0.0,1.7999999523162842,94.43999481201172,0,0,0,True,,,,
1776723432,548309591,,12.199999809265137,0.0,0.0,0.0,0.0,1.7999999523162842,94.43999481201172,0,0,0,True,,,,
1776723432,598279956,,12.199999809265137,0.0,0.0,0.0,0.0,1.7999999523162842,94.43999481201172,0,0,0,True,,,,
1776723432,648247488,,12.199999809265137,0.0,0.0,0.0,0.0,1.7999999523162842,94.43999481201172,0,0,0,True,,,,
1776723432,700036858,,12.199999809265137,0.0,0.0,0.0,0.0,1.7999999523162842,94.43999481201172,0,0,0,True,,,,
1776723432,748307067,,12.219999313354492,0.0,0.0,0.0,0.0,1.7999999523162842,95.54999542236328,0,0,0,True,,,,
1776723432,798259747,,12.219999313354492,0.0,0.0,0.0,0.0,1.7999999523162842,95.54999542236328,0,0,0,True,,,,
1776723432,848269815,,12.219999313354492,0.0,0.0,0.0,0.0,1.7999999523162842,95.54999542236328,0,0,0,True,,,,
1776723432,898230347,,12.219999313354492,0.0,0.0,0.0,0.0,1.7999999523162842,95.54999542236328,0,0,0,True,,,,
1776723432,948237841,,12.199999809265137,0.0,0.0,0.0,0.0,1.7999999523162842,94.43999481201172,0,0,0,True,,,,
1776723432,998258946,,12.219999313354492,0.0,0.0,0.0,0.0,1.7999999523162842,95.54999542236328,0,0,0,True,,,,
1776723433,48281680,,12.219999313354492,0.0,0.0,0.0,0.0,1.7999999523162842,95.54999542236328,0,0,0,True,,,,
1776723433,98285915,,12.219999313354492,0.0,0.0,0.0,0.0,1.7999999523162842,95.54999542236328,0,0,0,True,,,,
1776723433,148295538,,12.199999809265137,0.0,0.0,0.0,0.0,1.7999999523162842,94.43999481201172,0,0,0,True,,,,
1776723433,198232034,,12.199999809265137,0.0,0.0,0.0,0.0,1.7999999523162842,94.43999481201172,0,0,0,True,,,,
1776723433,248188788,,12.219999313354492,0.0,0.0,0.0,0.0,1.7999999523162842,95.54999542236328,0,0,0,True,,,,
1776723433,298228244,,12.219999313354492,0.0,0.0,0.0,0.0,1.7999999523162842,95.54999542236328,0,0,0,True,,,,
1776723433,348248775,,12.199999809265137,0.0,0.0,0.0,0.0,1.7999999523162842,94.43999481201172,0,0,0,True,,,,
1776723433,398268213,,12.199999809265137,0.0,0.0,0.0,0.0,1.7999999523162842,94.43999481201172,0,0,0,True,,,,
1776723433,448285188,,12.219999313354492,0.0,0.0,0.0,0.0,1.7999999523162842,95.54999542236328,0,0,0,True,,,,
1776723433,498220998,,12.199999809265137,0.0,0.0,0.0,0.0,1.7999999523162842,94.43999481201172,0,0,0,True,,,,
1776723433,548259936,,12.199999809265137,0.0,0.0,0.0,0.0,1.7999999523162842,94.43999481201172,0,0,0,True,,,,
1776723433,598302466,,12.199999809265137,0.0,0.0,0.0,0.0,1.7999999523162842,94.43999481201172,0,0,0,True,,,,
1776723433,648261869,,12.219999313354492,0.0,0.0,0.0,0.0,1.7999999523162842,95.54999542236328,0,0,0,True,,,,
1776723433,698240937,,12.219999313354492,0.0,0.0,0.0,0.0,1.7999999523162842,95.54999542236328,0,0,0,True,,,,
1776723433,748187765,,12.219999313354492,0.0,0.0,0.0,0.0,1.7999999523162842,95.54999542236328,0,0,0,True,,,,
1776723433,798239166,,12.219999313354492,0.0,0.0,0.0,0.0,1.7999999523162842,95.54999542236328,0,0,0,True,,,,
1776723433,848243771,,12.219999313354492,0.0,0.0,0.0,0.0,1.7999999523162842,95.54999542236328,0,0,0,True,,,,
1776723433,898255432,,12.199999809265137,0.0,0.0,0.0,0.0,1.7999999523162842,94.43999481201172,0,0,0,True,,,,
1776723433,948418515,,12.219999313354492,0.0,0.0,0.0,0.0,1.7999999523162842,95.54999542236328,0,0,0,True,,,,
1776723433,998241661,,12.219999313354492,0.0,0.0,0.0,0.0,1.7999999523162842,95.54999542236328,0,0,0,True,,,,
1776723434,48267265,,12.199999809265137,0.0,0.0,0.0,0.0,1.7999999523162842,94.43999481201172,0,0,0,True,,,,
1776723434,98182946,,12.219999313354492,0.0,0.0,0.0,0.0,1.7999999523162842,95.54999542236328,0,0,0,True,,,,
1776723434,148242402,,12.219999313354492,0.0,0.0,0.0,0.0,1.7999999523162842,95.54999542236328,0,0,0,True,,,,
1776723434,198206156,,12.219999313354492,0.0,0.0,0.0,0.0,1.7999999523162842,95.54999542236328,0,0,0,True,,,,
1776723434,248208946,,12.219999313354492,0.0,0.0,0.0,0.0,1.7999999523162842,95.54999542236328,0,0,0,True,,,,
1776723434,298234329,,12.219999313354492,0.0,0.0,0.0,0.0,1.7999999523162842,95.54999542236328,0,0,0,True,,,,
1776723434,348256934,,12.219999313354492,0.0,0.0,0.0,0.0,1.7999999523162842,95.54999542236328,0,0,0,True,,,,
1776723434,398250076,,12.199999809265137,0.0,0.0,0.0,0.0,1.7999999523162842,94.43999481201172,0,0,0,True,,,,
1776723434,448201701,,12.219999313354492,0.0,0.0,0.0,0.0,1.7999999523162842,95.54999542236328,0,0,0,True,,,,
1776723434,498219528,,12.219999313354492,0.0,0.0,0.0,0.0,1.7999999523162842,95.54999542236328,0,0,0,True,,,,
1776723434,548224707,,12.219999313354492,0.0,0.0,0.0,0.0,1.7999999523162842,95.54999542236328,0,0,0,True,,,,
1776723434,598213849,,12.219999313354492,0.0,0.0,0.0,0.0,1.7999999523162842,95.54999542236328,0,0,0,True,,,,
1776723434,648231232,,12.199999809265137,0.0,0.0,0.0,0.0,1.7999999523162842,94.43999481201172,0,0,0,True,,,,
1776723434,698251874,,12.199999809265137,0.0,0.0,0.0,0.0,1.7999999523162842,94.43999481201172,0,0,0,True,,,,
1776723434,748211683,,12.199999809265137,0.0,0.0,0.0,0.0,1.7999999523162842,94.43999481201172,0,0,0,True,,,,
1776723434,798232492,,12.219999313354492,0.0,0.0,0.0,0.0,1.7999999523162842,95.54999542236328,0,0,0,True,,,,
1776723434,848188968,,12.219999313354492,0.0,0.0,0.0,0.0,1.7999999523162842,95.54999542236328,0,0,0,True,,,,
1776723434,898235184,,12.199999809265137,0.0,0.0,0.0,0.0,1.7999999523162842,94.43999481201172,0,0,0,True,,,,
1776723434,948194919,,12.219999313354492,0.0,0.0,0.0,0.0,1.7999999523162842,95.54999542236328,0,0,0,True,,,,
1776723434,998231690,,12.219999313354492,0.0,0.0,0.0,0.0,1.7999999523162842,95.54999542236328,0,0,0,True,,,,
1776723435,48242573,,12.199999809265137,0.0,0.0,0.0,0.0,1.7999999523162842,94.43999481201172,0,0,0,True,,,,
1776723435,98246586,,12.199999809265137,0.0,0.0,0.0,0.0,1.7999999523162842,94.43999481201172,0,0,0,True,,,,
1776723435,148250746,,12.219999313354492,0.0,0.0,0.0,0.0,1.7999999523162842,95.54999542236328,0,0,0,True,,,,
1776723435,198209982,,12.199999809265137,0.0,0.0,0.0,0.0,1.7999999523162842,94.43999481201172,0,0,0,True,,,,
1776723435,248254456,,12.199999809265137,0.0,0.0,0.0,0.0,1.7999999523162842,94.43999481201172,0,0,0,True,,,,
1776723435,298199118,,12.219999313354492,0.0,0.0,0.0,0.0,1.7999999523162842,95.54999542236328,0,0,0,True,,,,
1776723435,348232945,,12.219999313354492,0.0,0.0,0.0,0.0,1.7999999523162842,95.54999542236328,0,0,0,True,,,,
1776723435,398220402,,12.219999313354492,0.0,0.0,0.0,0.0,1.7999999523162842,95.54999542236328,0,0,0,True,,,,
1776723435,448243100,,12.199999809265137,0.0,0.0,0.0,0.0,1.7999999523162842,94.43999481201172,0,0,0,True,,,,
1776723435,498200224,,12.219999313354492,0.0,0.0,0.0,0.0,1.7999999523162842,95.54999542236328,0,0,0,True,,,,
1776723435,548174941,,12.219999313354492,0.0,0.0,0.0,0.0,1.7999999523162842,95.54999542236328,0,0,0,True,,,,
1776723435,598208286,,12.219999313354492,0.0,0.0,0.0,0.0,1.7999999523162842,95.54999542236328,0,0,0,True,,,,
1776723435,648162911,,12.219999313354492,0.0,0.0,0.0,0.0,1.7999999523162842,95.54999542236328,0,0,0,True,,,,
1776723435,698257829,,12.219999313354492,0.0,0.0,0.0,0.0,1.7999999523162842,95.54999542236328,0,0,0,True,,,,
1776723435,748224472,,12.199999809265137,0.0,0.0,0.0,0.0,1.7999999523162842,94.43999481201172,0,0,0,True,,,,
1776723435,798192781,,12.199999809265137,0.0,0.0,0.0,0.0,1.7999999523162842,94.43999481201172,0,0,0,True,,,,
1776723435,848216941,,12.199999809265137,0.0,0.0,0.0,0.0,1.7999999523162842,94.43999481201172,0,0,0,True,,,,
1776723435,898194658,,12.199999809265137,0.0,0.0,0.0,0.0,1.7999999523162842,94.43999481201172,0,0,0,True,,,,
1776723435,948188782,,12.219999313354492,0.0,0.0,0.0,0.0,1.7999999523162842,95.54999542236328,0,0,0,True,,,,
1776723435,998182795,,12.199999809265137,0.0,0.0,0.0,0.0,1.7999999523162842,94.43999481201172,0,0,0,True,,,,
1776723436,48179548,,12.199999809265137,0.0,0.0,0.0,0.0,1.7999999523162842,94.43999481201172,0,0,0,True,,,,
1776723436,98185746,,12.199999809265137,0.0,0.0,0.0,0.0,1.7999999523162842,94.43999481201172,0,0,0,True,,,,
1776723436,148210832,,12.199999809265137,0.0,0.0,0.0,0.0,1.7999999523162842,94.43999481201172,0,0,0,True,,,,
1776723436,198194882,,12.219999313354492,0.0,0.0,0.0,0.0,1.7999999523162842,95.54999542236328,0,0,0,True,,,,
1776723436,248148932,,12.239999771118164,0.0,0.0,0.0,0.0,1.7999999523162842,96.65999603271484,0,0,0,True,,,,
1776723436,298215833,,12.199999809265137,0.0,0.0,0.0,0.0,1.7999999523162842,94.43999481201172,0,0,0,True,,,,
1776723436,348202938,,12.199999809265137,0.0,0.0,0.0,0.0,1.7999999523162842,94.43999481201172,0,0,0,True,,,,
1776723436,398262727,,12.199999809265137,0.0,0.0,0.0,0.0,1.7999999523162842,94.43999481201172,0,0,0,True,,,,
1776723436,448153668,,12.199999809265137,0.0,0.0,0.0,0.0,1.7999999523162842,94.43999481201172,0,0,0,True,,,,
1776723436,498284585,,12.199999809265137,0.0,0.0,0.0,0.0,1.7999999523162842,94.43999481201172,0,0,0,True,,,,
1776723436,548190248,,12.199999809265137,0.0,0.0,0.0,0.0,1.7999999523162842,94.43999481201172,0,0,0,True,,,,
1776723436,598196927,,12.199999809265137,0.0,0.0,0.0,0.0,1.7999999523162842,94.43999481201172,0,0,0,True,,,,
1776723436,648165977,,12.219999313354492,0.0,0.0,0.0,0.0,1.7999999523162842,95.54999542236328,0,0,0,True,,,,
1776723436,698178434,,12.199999809265137,0.0,0.0,0.0,0.0,1.7999999523162842,94.43999481201172,0,0,0,True,,,,
1776723436,748167187,,12.219999313354492,0.0,0.0,0.0,0.0,1.7999999523162842,95.54999542236328,0,0,0,True,,,,
1776723436,798203403,,12.199999809265137,0.0,0.0,0.0,0.0,1.7999999523162842,94.43999481201172,0,0,0,True,,,,
1776723436,848215712,,12.219999313354492,0.0,0.0,0.0,0.0,1.7999999523162842,95.54999542236328,0,0,0,True,,,,
1776723436,898179669,,12.199999809265137,0.0,0.0,0.0,0.0,1.7999999523162842,94.43999481201172,0,0,0,True,,,,
1776723436,948207330,,12.219999313354492,0.0,0.0,0.0,0.0,1.7999999523162842,95.54999542236328,0,0,0,True,,,,
1776723436,998179787,,12.219999313354492,0.0,0.0,0.0,0.0,1.7999999523162842,95.54999542236328,0,0,0,True,,,,
1776723437,48279872,,12.219999313354492,0.0,0.0,0.0,0.0,1.7999999523162842,95.54999542236328,0,0,0,True,,,,
1776723437,98212478,,12.219999313354492,0.0,0.0,0.0,0.0,1.7999999523162842,95.54999542236328,0,0,0,True,,,,
1776723437,148208806,,12.199999809265137,0.0,0.0,0.0,0.0,1.7999999523162842,94.43999481201172,0,0,0,True,,,,
1776723437,198151727,,12.199999809265137,0.0,0.0,0.0,0.0,1.7999999523162842,94.43999481201172,0,0,0,True,,,,
1776723437,248210831,,12.199999809265137,0.0,0.0,0.0,0.0,1.7999999523162842,94.43999481201172,0,0,0,True,,,,
1776723437,298165733,,12.199999809265137,0.0,0.0,0.0,0.0,1.7999999523162842,94.43999481201172,0,0,0,True,,,,
1776723437,348201634,,12.199999809265137,0.0,0.0,0.0,0.0,1.7999999523162842,94.43999481201172,0,0,0,True,,,,
1776723437,398193202,,12.199999809265137,0.0,0.0,0.0,0.0,1.7999999523162842,94.43999481201172,0,0,0,True,,,,
1776723437,448180419,,12.219999313354492,0.0,0.0,0.0,0.0,1.7999999523162842,95.54999542236328,0,0,0,True,,,,
1776723437,498171913,,12.219999313354492,0.0,0.0,0.0,0.0,1.7999999523162842,95.54999542236328,0,0,0,True,,,,
1776723437,548177148,,12.199999809265137,0.0,0.0,0.0,0.0,1.7999999523162842,94.43999481201172,0,0,0,True,,,,
1776723437,598135365,,12.199999809265137,0.0,0.0,0.0,0.0,1.7999999523162842,94.43999481201172,0,0,0,True,,,,
1776723437,648183673,,12.199999809265137,0.0,0.0,0.0,0.0,1.7999999523162842,94.43999481201172,0,0,0,True,,,,
1776723437,698305387,,12.199999809265137,0.0,0.0,0.0,0.0,1.7999999523162842,94.43999481201172,0,0,0,True,,,,
1776723437,748235493,,12.199999809265137,0.0,0.0,0.0,0.0,1.7999999523162842,94.43999481201172,0,0,0,True,,,,
1776723437,798179840,,12.199999809265137,0.0,0.0,0.0,0.0,1.7999999523162842,94.43999481201172,0,0,0,True,,,,
1776723437,848192667,,12.219999313354492,0.0,0.0,0.0,0.0,1.7999999523162842,95.54999542236328,0,0,0,True,,,,
1776723437,898190606,,12.219999313354492,0.0,0.0,0.0,0.0,1.7999999523162842,95.54999542236328,0,0,0,True,,,,
1776723437,948141860,,12.219999313354492,0.0,0.0,0.0,0.0,1.7999999523162842,95.54999542236328,0,0,0,True,,,,
1776723437,998153447,,12.199999809265137,0.0,0.0,0.0,0.0,1.7999999523162842,94.43999481201172,0,0,0,True,,,,
1776723438,48213458,,12.219999313354492,0.0,0.0,0.0,0.0,1.7999999523162842,95.54999542236328,0,0,0,True,,,,
1776723438,98174231,,12.219999313354492,0.0,0.0,0.0,0.0,1.7999999523162842,95.54999542236328,0,0,0,True,,,,
1776723438,148168003,,12.199999809265137,0.0,0.0,0.0,0.0,1.7999999523162842,94.43999481201172,0,0,0,True,,,,
1776723438,198135645,,12.199999809265137,0.0,0.0,0.0,0.0,1.7999999523162842,94.43999481201172,0,0,0,True,,,,
1776723438,248151769,,12.219999313354492,0.0,0.0,0.0,0.0,1.7999999523162842,95.54999542236328,0,0,0,True,,,,
1776723438,298164985,,12.199999809265137,0.0,0.0,0.0,0.0,1.7999999523162842,94.43999481201172,0,0,0,True,,,,
1776723438,348174923,,12.199999809265137,0.0,0.0,0.0,0.0,1.7999999523162842,94.43999481201172,0,0,0,True,,,,
1776723438,398164880,,12.199999809265137,0.0,0.0,0.0,0.0,1.7999999523162842,94.43999481201172,0,0,0,True,,,,
1776723438,448154430,,12.199999809265137,0.0,0.0,0.0,0.0,1.7999999523162842,94.43999481201172,0,0,0,True,,,,
1776723438,498138128,,12.199999809265137,0.0,0.0,0.0,0.0,1.7999999523162842,94.43999481201172,0,0,0,True,,,,
1776723438,548179029,,12.199999809265137,0.0,0.0,0.0,0.0,1.7999999523162842,94.43999481201172,0,0,0,True,,,,
1776723438,598116839,,12.199999809265137,0.0,0.0,0.0,0.0,1.7999999523162842,94.43999481201172,0,0,0,True,,,,
1776723438,648136240,,12.199999809265137,0.0,0.0,0.0,0.0,1.7999999523162842,94.43999481201172,0,0,0,True,,,,
1776723438,698234862,,12.199999809265137,0.0,0.0,0.0,0.0,1.7999999523162842,94.43999481201172,0,0,0,True,,,,
1776723438,748183450,,12.199999809265137,0.0,0.0,0.0,0.0,1.7999999523162842,94.43999481201172,0,0,0,True,,,,
1776723438,798164425,,12.199999809265137,0.0,0.0,0.0,0.0,1.7999999523162842,94.43999481201172,0,0,0,True,,,,
1776723438,848123994,,12.1899995803833,0.0,0.0,0.0,0.0,1.7999999523162842,93.87999725341797,0,0,0,True,,,,
1776723438,898152969,,12.199999809265137,0.0,0.0,0.0,0.0,1.7999999523162842,94.43999481201172,0,0,0,True,,,,
1776723438,948165315,,12.199999809265137,0.0,0.0,0.0,0.0,1.7999999523162842,94.43999481201172,0,0,0,True,,,,
1776723438,998146532,,12.199999809265137,0.0,0.0,0.0,0.0,1.7999999523162842,94.43999481201172,0,0,0,True,,,,
1776723439,48195988,,12.219999313354492,0.0,0.0,0.0,0.0,1.7999999523162842,95.54999542236328,0,0,0,True,,,,
1776723439,98169038,,12.199999809265137,0.0,0.0,0.0,0.0,1.7999999523162842,94.43999481201172,0,0,0,True,,,,
1776723439,148131533,,12.199999809265137,0.0,0.0,0.0,0.0,1.7999999523162842,94.43999481201172,0,0,0,True,,,,
1776723439,198255099,,12.199999809265137,0.0,0.0,0.0,0.0,1.7999999523162842,94.43999481201172,0,0,0,True,,,,
1776723439,248149113,,12.199999809265137,0.0,0.0,0.0,0.0,1.7999999523162842,94.43999481201172,0,0,0,True,,,,
1776723439,298109849,,12.199999809265137,0.0,0.0,0.0,0.0,1.7999999523162842,94.43999481201172,0,0,0,True,,,,
1776723439,348134472,,12.199999809265137,0.0,0.0,0.0,0.0,1.7999999523162842,94.43999481201172,0,0,0,True,,,,
1776723439,398097948,,12.199999809265137,0.0,0.0,0.0,0.0,1.7999999523162842,94.43999481201172,0,0,0,True,,,,
1776723439,448146941,,12.199999809265137,0.0,0.0,0.0,0.0,1.7999999523162842,94.43999481201172,0,0,0,True,,,,
1776723439,498176472,,12.199999809265137,0.0,0.0,0.0,0.0,1.7999999523162842,94.43999481201172,0,0,0,True,,,,
1776723439,548177244,,12.199999809265137,0.0,0.0,0.0,0.0,1.7999999523162842,94.43999481201172,0,0,0,True,,,,
1776723439,598142868,,12.199999809265137,0.0,0.0,0.0,0.0,1.7999999523162842,94.43999481201172,0,0,0,True,,,,
1776723439,648188509,,12.199999809265137,0.0,0.0,0.0,0.0,1.7999999523162842,94.43999481201172,0,0,0,True,,,,
1776723439,698151708,,12.199999809265137,0.0,0.0,0.0,0.0,1.7999999523162842,94.43999481201172,0,0,0,True,,,,
1776723439,748165702,,12.199999809265137,0.0,0.0,0.0,0.0,1.7999999523162842,94.43999481201172,0,0,0,True,,,,
1776723439,798108197,,12.199999809265137,0.0,0.0,0.0,0.0,1.7999999523162842,94.43999481201172,0,0,0,True,,,,
1776723439,848139783,,12.199999809265137,0.0,0.0,0.0,0.0,1.7999999523162842,94.43999481201172,0,0,0,True,,,,
1776723439,898123592,,12.199999809265137,0.0,0.0,0.0,0.0,1.7999999523162842,94.43999481201172,0,0,0,True,,,,
1776723439,948152400,,12.199999809265137,0.0,0.0,0.0,0.0,1.7999999523162842,94.43999481201172,0,0,0,True,,,,
1776723439,998120932,,12.199999809265137,0.0,0.0,0.0,0.0,1.7999999523162842,94.43999481201172,0,0,0,True,,,,
1776723440,48197554,,12.1899995803833,0.0,0.0,0.0,0.0,1.7999999523162842,93.87999725341797,0,0,0,True,,,,
1776723440,98170604,,12.199999809265137,0.0,0.0,0.0,0.0,1.7999999523162842,94.43999481201172,0,0,0,True,,,,
1776723440,148138895,,12.199999809265137,0.0,0.0,0.0,0.0,1.7999999523162842,94.43999481201172,0,0,0,True,,,,
1776723440,198104186,,12.1899995803833,0.0,0.0,0.0,0.0,1.7999999523162842,93.87999725341797,0,0,0,True,,,,
1776723440,248131013,,12.199999809265137,0.0,0.0,0.0,0.0,1.7999999523162842,94.43999481201172,0,0,0,True,,,,
1776723440,298127211,,12.1899995803833,0.0,0.0,0.0,0.0,1.7999999523162842,93.87999725341797,0,0,0,True,,,,
1776723440,348130668,,12.199999809265137,0.0,0.0,0.0,0.0,1.7999999523162842,94.43999481201172,0,0,0,True,,,,
1776723440,398101811,,12.199999809265137,0.0,0.0,0.0,0.0,1.7999999523162842,94.43999481201172,0,0,0,True,,,,
1776723440,448114564,,12.199999809265137,0.0,0.0,0.0,0.0,1.7999999523162842,94.43999481201172,0,0,0,True,,,,
1776723440,498131817,,12.199999809265137,0.0,0.0,0.0,0.0,1.7999999523162842,94.43999481201172,0,0,0,True,,,,
1776723440,548140607,,12.199999809265137,0.0,0.0,0.0,0.0,1.7999999523162842,94.43999481201172,0,0,0,True,,,,
1776723440,598141453,,12.1899995803833,0.0,0.0,0.0,0.0,1.7999999523162842,93.87999725341797,0,0,0,True,,,,
1776723440,648111262,,12.199999809265137,0.0,0.0,0.0,0.0,1.7999999523162842,94.43999481201172,0,0,0,True,,,,
1776723440,698122571,,12.199999809265137,0.0,0.0,0.0,0.0,1.7999999523162842,94.43999481201172,0,0,0,True,,,,
1776723440,748181601,,12.199999809265137,0.0,0.0,0.0,0.0,1.7999999523162842,94.43999481201172,0,0,0,True,,,,
1776723440,798095504,,12.199999809265137,0.0,0.0,0.0,0.0,1.7999999523162842,94.43999481201172,0,0,0,True,,,,
1776723440,848140053,,12.199999809265137,0.0,0.0,0.0,0.0,1.7999999523162842,94.43999481201172,0,0,0,True,,,,
1776723440,898161343,,12.199999809265137,0.0,0.0,0.0,0.0,1.7999999523162842,94.43999481201172,0,0,0,True,,,,
1776723440,948135837,,12.199999809265137,0.0,0.0,0.0,0.0,1.7999999523162842,94.43999481201172,0,0,0,True,,,,
1776723440,998105480,,12.199999809265137,0.0,0.0,0.0,0.0,1.7999999523162842,94.43999481201172,0,0,0,True,,,,
1776723441,48160936,,12.199999809265137,0.0,0.0,0.0,0.0,1.7999999523162842,94.43999481201172,0,0,0,True,,,,
1776723441,98101672,,12.199999809265137,0.0,0.0,0.0,0.0,1.7999999523162842,94.43999481201172,0,0,0,True,,,,
1776723441,148100110,,12.199999809265137,0.0,0.0,0.0,0.0,1.7999999523162842,94.43999481201172,0,0,0,True,,,,
1776723441,198114141,,12.199999809265137,0.0,0.0,0.0,0.0,1.7999999523162842,94.43999481201172,0,0,0,True,,,,
1776723441,248124357,,12.199999809265137,0.0,0.0,0.0,0.0,1.7999999523162842,94.43999481201172,0,0,0,True,,,,
1776723441,298114259,,12.199999809265137,0.0,0.0,0.0,0.0,1.7999999523162842,94.43999481201172,0,0,0,True,,,,
1776723441,348118179,,12.199999809265137,0.0,0.0,0.0,0.0,1.7999999523162842,94.43999481201172,0,0,0,True,,,,
1776723441,398118025,,12.199999809265137,0.0,0.0,0.0,0.0,1.7999999523162842,94.43999481201172,0,0,0,True,,,,
1776723441,448169537,,12.199999809265137,0.0,0.0,0.0,0.0,1.7999999523162842,94.43999481201172,0,0,0,True,,,,
1776723441,498071347,,12.199999809265137,0.0,0.0,0.0,0.0,1.7999999523162842,94.43999481201172,0,0,0,True,,,,
1776723441,548009120,,12.1899995803833,0.0,0.0,0.0,0.0,1.7999999523162842,93.87999725341797,0,0,0,True,,,,
1776723441,598031817,,12.1899995803833,0.0,0.0,0.0,0.0,1.7999999523162842,93.87999725341797,0,0,0,True,,,,
1776723441,648073829,,12.1899995803833,0.0,0.0,0.0,0.0,1.7999999523162842,93.87999725341797,0,0,0,True,,,,
1776723441,698069212,,12.1899995803833,0.0,0.0,0.0,0.0,1.7999999523162842,93.87999725341797,0,0,0,True,,,,
1776723441,748071614,,12.1899995803833,0.0,0.0,0.0,0.0,1.7999999523162842,93.87999725341797,0,0,0,True,,,,
1776723441,798068589,,12.1899995803833,0.0,0.0,0.0,0.0,1.7999999523162842,93.87999725341797,0,0,0,True,,,,
1776723441,848062509,,12.1899995803833,0.0,0.0,0.0,0.0,1.7999999523162842,93.87999725341797,0,0,0,True,,,,
1776723441,898070151,,12.1899995803833,0.0,0.0,0.0,0.0,1.7999999523162842,93.87999725341797,0,0,0,True,,,,
1776723441,948068831,,12.199999809265137,0.0,0.0,0.0,0.0,1.7999999523162842,94.43999481201172,0,0,0,True,,,,
1776723441,998195193,,12.219999313354492,0.0,0.0,0.0,0.0,1.7999999523162842,95.54999542236328,0,0,0,True,,,,
1776723442,48086263,,12.219999313354492,0.0,0.0,0.0,0.0,1.7999999523162842,95.54999542236328,0,0,0,True,,,,
1776723442,98110775,,12.199999809265137,0.0,0.0,0.0,0.0,1.7999999523162842,94.43999481201172,0,0,0,True,,,,
1776723442,148143861,,12.199999809265137,0.0,0.0,0.0,0.0,1.7999999523162842,94.43999481201172,0,0,0,True,,,,
1776723442,198062468,,12.199999809265137,0.0,0.0,0.0,0.0,1.7999999523162842,94.43999481201172,0,0,0,True,,,,
1776723442,248072425,,12.199999809265137,0.0,0.0,0.0,0.0,1.7999999523162842,94.43999481201172,0,0,0,True,,,,
1776723442,298092733,,12.199999809265137,0.0,0.0,0.0,0.0,1.7999999523162842,94.43999481201172,0,0,0,True,,,,
1776723442,348064931,,12.199999809265137,0.0,0.0,0.0,0.0,1.7999999523162842,94.43999481201172,0,0,0,True,,,,
1776723442,398075296,,12.199999809265137,0.0,0.0,0.0,0.0,1.7999999523162842,94.43999481201172,0,0,0,True,,,,
1776723442,448069994,,12.199999809265137,0.0,0.0,0.0,0.0,1.7999999523162842,94.43999481201172,0,0,0,True,,,,
1776723442,498065877,,12.199999809265137,0.0,0.0,0.0,0.0,1.7999999523162842,94.43999481201172,0,0,0,True,,,,
1776723442,548101481,,12.199999809265137,0.0,0.0,0.0,0.0,1.7999999523162842,94.43999481201172,0,0,0,True,,,,
1776723442,598115253,,12.199999809265137,0.0,0.0,0.0,0.0,1.7999999523162842,94.43999481201172,0,0,0,True,,,,
1776723442,648069599,,12.199999809265137,0.0,0.0,0.0,0.0,1.7999999523162842,94.43999481201172,0,0,0,True,,,,
1776723442,698240183,,12.199999809265137,0.0,0.0,0.0,0.0,1.7999999523162842,94.43999481201172,0,0,0,True,,,,
1776723442,748062477,,12.199999809265137,0.0,0.0,0.0,0.0,1.7999999523162842,94.43999481201172,0,0,0,True,,,,
1776723442,798101674,,12.199999809265137,0.0,0.0,0.0,0.0,1.7999999523162842,94.43999481201172,0,0,0,True,,,,
1776723442,848132723,,12.199999809265137,0.0,0.0,0.0,0.0,1.7999999523162842,94.43999481201172,0,0,0,True,,,,
1776723442,898100162,,12.219999313354492,0.0,0.0,0.0,0.0,1.7999999523162842,95.54999542236328,0,0,0,True,,,,
1776723442,948059860,,12.199999809265137,0.0,0.0,0.0,0.0,1.7999999523162842,94.43999481201172,0,0,0,True,,,,
1776723442,998057965,,12.199999809265137,0.0,0.0,0.0,0.0,1.7999999523162842,94.43999481201172,0,0,0,True,,,,
1776723443,48086385,,12.1899995803833,0.0,0.0,0.0,0.0,1.7999999523162842,93.87999725341797,0,0,0,True,,,,
1776723443,98079268,,12.219999313354492,0.0,0.0,0.0,0.0,1.7999999523162842,95.54999542236328,0,0,0,True,,,,
1776723443,148085595,,12.199999809265137,0.0,0.0,0.0,0.0,1.7999999523162842,94.43999481201172,0,0,0,True,,,,
1776723443,198069256,,12.1899995803833,0.0,0.0,0.0,0.0,1.7999999523162842,93.87999725341797,0,0,0,True,,,,
1776723443,248091713,,12.199999809265137,0.0,0.0,0.0,0.0,1.7999999523162842,94.43999481201172,0,0,0,True,,,,
1776723443,298091374,,12.199999809265137,0.0,0.0,0.0,0.0,1.7999999523162842,94.43999481201172,0,0,0,True,,,,
1776723443,348140108,,12.199999809265137,0.0,0.0,0.0,0.0,1.7999999523162842,94.43999481201172,0,0,0,True,,,,
1776723443,398076418,,12.1899995803833,0.0,0.0,0.0,0.0,1.7999999523162842,93.87999725341797,0,0,0,True,,,,
1776723443,448049727,,12.1899995803833,0.0,0.0,0.0,0.0,1.7999999523162842,93.87999725341797,0,0,0,True,,,,
1776723443,498066387,,12.199999809265137,0.0,0.0,0.0,0.0,1.7999999523162842,94.43999481201172,0,0,0,True,,,,
1776723443,548049622,,12.199999809265137,0.0,0.0,0.0,0.0,1.7999999523162842,94.43999481201172,0,0,0,True,,,,
1776723443,598004117,,12.199999809265137,0.0,0.0,0.0,0.0,1.7999999523162842,94.43999481201172,0,0,0,True,,,,
1776723443,648056407,,12.199999809265137,0.0,0.0,0.0,0.0,1.7999999523162842,94.43999481201172,0,0,0,True,,,,
1776723443,698074826,,12.1899995803833,0.0,0.0,0.0,0.0,1.7999999523162842,93.87999725341797,0,0,0,True,,,,
1776723443,748070876,,12.199999809265137,0.0,0.0,0.0,0.0,1.7999999523162842,94.43999481201172,0,0,0,True,,,,
1776723443,798044297,,12.199999809265137,0.0,0.0,0.0,0.0,1.7999999523162842,94.43999481201172,0,0,0,True,,,,
1776723443,848092753,,12.199999809265137,0.0,0.0,0.0,0.0,1.7999999523162842,94.43999481201172,0,0,0,True,,,,
1776723443,898035044,,12.1899995803833,0.0,0.0,0.0,0.0,1.7999999523162842,93.87999725341797,0,0,0,True,,,,
1776723443,948104093,,12.199999809265137,0.0,0.0,0.0,0.0,1.7999999523162842,94.43999481201172,0,0,0,True,,,,
1776723443,998050847,,12.199999809265137,0.0,0.0,0.0,0.0,1.7999999523162842,94.43999481201172,0,0,0,True,,,,
1776723444,48113914,,12.199999809265137,0.0,0.0,0.0,0.0,1.7999999523162842,94.43999481201172,0,0,0,True,,,,
1776723444,98081242,,12.199999809265137,0.0,0.0,0.0,0.0,1.7999999523162842,94.43999481201172,0,0,0,True,,,,
1776723444,148034996,,12.199999809265137,0.0,0.0,0.0,0.0,1.7999999523162842,94.43999481201172,0,0,0,True,,,,
1776723444,198070952,,12.199999809265137,0.0,0.0,0.0,0.0,1.7999999523162842,94.43999481201172,0,0,0,True,,,,
1776723444,248058076,,12.199999809265137,0.0,0.0,0.0,0.0,1.7999999523162842,94.43999481201172,0,0,0,True,,,,
1776723444,298092940,,12.199999809265137,0.0,0.0,0.0,0.0,1.7999999523162842,94.43999481201172,0,0,0,True,,,,
1776723444,348029546,,12.199999809265137,0.0,0.0,0.0,0.0,1.7999999523162842,94.43999481201172,0,0,0,True,,,,
1776723444,398064595,,12.199999809265137,0.0,0.0,0.0,0.0,1.7999999523162842,94.43999481201172,0,0,0,True,,,,
1776723444,448086589,,12.199999809265137,0.0,0.0,0.0,0.0,1.7999999523162842,94.43999481201172,0,0,0,True,,,,
1776723444,498060287,,12.199999809265137,0.0,0.0,0.0,0.0,1.7999999523162842,94.43999481201172,0,0,0,True,,,,
1776723444,548125262,,12.199999809265137,0.0,0.0,0.0,0.0,1.7999999523162842,94.43999481201172,0,0,0,True,,,,
1776723444,598031998,,12.199999809265137,0.0,0.0,0.0,0.0,1.7999999523162842,94.43999481201172,0,0,0,True,,,,
1776723444,648010863,,12.199999809265137,0.0,0.0,0.0,0.0,1.7999999523162842,94.43999481201172,0,0,0,True,,,,
1776723444,698101337,,12.199999809265137,0.0,0.0,0.0,0.0,1.7999999523162842,94.43999481201172,0,0,0,True,,,,
1776723444,748024258,,12.199999809265137,0.0,0.0,0.0,0.0,1.7999999523162842,94.43999481201172,0,0,0,True,,,,
1776723444,798084362,,12.199999809265137,0.0,0.0,0.0,0.0,1.7999999523162842,94.43999481201172,0,0,0,True,,,,
1776723444,848041802,,12.199999809265137,0.0,0.0,0.0,0.0,1.7999999523162842,94.43999481201172,0,0,0,True,,,,
1776723444,898065591,,12.1899995803833,0.0,0.0,0.0,0.0,1.7999999523162842,93.87999725341797,0,0,0,True,,,,
1776723444,948040456,,12.199999809265137,0.0,0.0,0.0,0.0,1.7999999523162842,94.43999481201172,0,0,0,True,,,,
1776723444,998030339,,12.1899995803833,0.0,0.0,0.0,0.0,1.7999999523162842,93.87999725341797,0,0,0,True,,,,
1776723445,48041018,,12.199999809265137,0.0,0.0,0.0,0.0,1.7999999523162842,94.43999481201172,0,0,0,True,,,,
1776723445,98024531,,12.199999809265137,0.0,0.0,0.0,0.0,1.7999999523162842,94.43999481201172,0,0,0,True,,,,
1776723445,148002933,,12.199999809265137,0.0,0.0,0.0,0.0,1.7999999523162842,94.43999481201172,0,0,0,True,,,,
1776723445,197981335,,12.1899995803833,0.0,0.0,0.0,0.0,1.7999999523162842,93.87999725341797,0,0,0,True,,,,
1776723445,248032550,,12.199999809265137,0.0,0.0,0.0,0.0,1.7999999523162842,94.43999481201172,0,0,0,True,,,,
1776723445,298012341,,12.199999809265137,0.0,0.0,0.0,0.0,1.7999999523162842,94.43999481201172,0,0,0,True,,,,
1776723445,348059371,,12.1899995803833,0.0,0.0,0.0,0.0,1.7999999523162842,93.87999725341797,0,0,0,True,,,,
1776723445,397987830,,12.1899995803833,0.0,0.0,0.0,0.0,1.7999999523162842,93.87999725341797,0,0,0,True,,,,
1776723445,448043638,,12.199999809265137,0.0,0.0,0.0,0.0,1.7999999523162842,94.43999481201172,0,0,0,True,,,,
1776723445,498052724,,12.199999809265137,0.0,0.0,0.0,0.0,1.7999999523162842,94.43999481201172,0,0,0,True,,,,
1776723445,548048959,,12.199999809265137,0.0,0.0,0.0,0.0,1.7999999523162842,94.43999481201172,0,0,0,True,,,,
1776723445,598062860,,12.219999313354492,0.0,0.0,0.0,0.0,1.7999999523162842,95.54999542236328,0,0,0,True,,,,
1776723445,647979448,,12.199999809265137,0.0,0.0,0.0,0.0,1.7999999523162842,94.43999481201172,0,0,0,True,,,,
1776723445,698076830,,12.199999809265137,0.0,0.0,0.0,0.0,1.7999999523162842,94.43999481201172,0,0,0,True,,,,
1776723445,748007566,,12.199999809265137,0.0,0.0,0.0,0.0,1.7999999523162842,94.43999481201172,0,0,0,True,,,,
1776723445,798008578,,12.219999313354492,0.0,0.0,0.0,0.0,1.7999999523162842,95.54999542236328,0,0,0,True,,,,
1776723445,848051683,,12.199999809265137,0.0,0.0,0.0,0.0,1.7999999523162842,94.43999481201172,0,0,0,True,,,,
1776723445,898044695,,12.199999809265137,0.0,0.0,0.0,0.0,1.7999999523162842,94.43999481201172,0,0,0,True,,,,
1776723445,948044097,,12.199999809265137,0.0,0.0,0.0,0.0,1.7999999523162842,94.43999481201172,0,0,0,True,,,,
1776723445,998025443,,12.199999809265137,0.0,0.0,0.0,0.0,1.7999999523162842,94.43999481201172,0,0,0,True,,,,
1776723446,48050214,,12.1899995803833,0.0,0.0,0.0,0.0,1.7999999523162842,93.87999725341797,0,0,0,True,,,,
1776723446,98060949,,12.219999313354492,0.0,0.0,0.0,0.0,1.7999999523162842,95.54999542236328,0,0,0,True,,,,
1776723446,148033203,,12.199999809265137,0.0,0.0,0.0,0.0,1.7999999523162842,94.43999481201172,0,0,0,True,,,,
1776723446,198032975,,12.199999809265137,0.0,0.0,0.0,0.0,1.7999999523162842,94.43999481201172,0,0,0,True,,,,
1776723446,248046839,,12.199999809265137,0.0,0.0,0.0,0.0,1.7999999523162842,94.43999481201172,0,0,0,True,,,,
1776723446,297996186,,12.199999809265137,0.0,0.0,0.0,0.0,1.7999999523162842,94.43999481201172,0,0,0,True,,,,
1776723446,348012513,,12.219999313354492,0.0,0.0,0.0,0.0,1.7999999523162842,95.54999542236328,0,0,0,True,,,,
1776723446,398065191,,12.199999809265137,0.0,0.0,0.0,0.0,1.7999999523162842,94.43999481201172,0,0,0,True,,,,
1776723446,448031371,,12.219999313354492,0.0,0.0,0.0,0.0,1.7999999523162842,95.54999542236328,0,0,0,True,,,,
1776723446,497978570,,12.219999313354492,0.0,0.0,0.0,0.0,1.7999999523162842,95.54999542236328,0,0,0,True,,,,
1776723446,547957897,,12.219999313354492,0.0,0.0,0.0,0.0,1.7999999523162842,95.54999542236328,0,0,0,True,,,,
1776723446,597989817,,12.199999809265137,0.0,0.0,0.0,0.0,1.7999999523162842,94.43999481201172,0,0,0,True,,,,
1776723446,648031532,,12.199999809265137,0.0,0.0,0.0,0.0,1.7999999523162842,94.43999481201172,0,0,0,True,,,,
1776723446,698058007,,12.199999809265137,0.0,0.0,0.0,0.0,1.7999999523162842,94.43999481201172,0,0,0,True,,,,
1776723446,748022317,,12.199999809265137,0.0,0.0,0.0,0.0,1.7999999523162842,94.43999481201172,0,0,0,True,,,,
1776723446,798054403,,12.199999809265137,0.0,0.0,0.0,0.0,1.7999999523162842,94.43999481201172,0,0,0,True,,,,
1776723446,848003954,,12.199999809265137,0.0,0.0,0.0,0.0,1.7999999523162842,94.43999481201172,0,0,0,True,,,,
1776723446,898024781,,12.199999809265137,0.0,0.0,0.0,0.0,1.7999999523162842,94.43999481201172,0,0,0,True,,,,
1776723446,948001145,,12.199999809265137,0.0,0.0,0.0,0.0,1.7999999523162842,94.43999481201172,0,0,0,True,,,,
1776723446,997976140,,12.219999313354492,0.0,0.0,0.0,0.0,1.7999999523162842,95.54999542236328,0,0,0,True,,,,
1776723447,48022318,,12.199999809265137,0.0,0.0,0.0,0.0,1.7999999523162842,94.43999481201172,0,0,0,True,,,,
1776723447,98031423,,12.199999809265137,0.0,0.0,0.0,0.0,1.7999999523162842,94.43999481201172,0,0,0,True,,,,
1776723447,147967956,,12.199999809265137,0.0,0.0,0.0,0.0,1.7999999523162842,94.43999481201172,0,0,0,True,,,,
1776723447,198018986,,12.219999313354492,0.0,0.0,0.0,0.0,1.7999999523162842,95.54999542236328,0,0,0,True,,,,
1776723447,248021609,,12.199999809265137,0.0,0.0,0.0,0.0,1.7999999523162842,94.43999481201172,0,0,0,True,,,,
1776723447,297978956,,12.199999809265137,0.0,0.0,0.0,0.0,1.7999999523162842,94.43999481201172,0,0,0,True,,,,
1776723447,348017357,,12.199999809265137,0.0,0.0,0.0,0.0,1.7999999523162842,94.43999481201172,0,0,0,True,,,,
1776723447,398048480,,12.199999809265137,0.0,0.0,0.0,0.0,1.7999999523162842,94.43999481201172,0,0,0,True,,,,
1776723447,448032974,,12.199999809265137,0.0,0.0,0.0,0.0,1.7999999523162842,94.43999481201172,0,0,0,True,,,,
1776723447,498006117,,12.219999313354492,0.0,0.0,0.0,0.0,1.7999999523162842,95.54999542236328,0,0,0,True,,,,
1776723447,548135164,,12.199999809265137,0.0,0.0,0.0,0.0,1.7999999523162842,94.43999481201172,0,0,0,True,,,,
1776723447,598015216,,12.199999809265137,0.0,0.0,0.0,0.0,1.7999999523162842,94.43999481201172,0,0,0,True,,,,
1776723447,647971248,,12.199999809265137,0.0,0.0,0.0,0.0,1.7999999523162842,94.43999481201172,0,0,0,True,,,,
1776723447,700776731,,12.199999809265137,0.0,0.0,0.0,0.0,1.7999999523162842,94.43999481201172,0,0,0,True,,,,
1776723447,747916681,,12.1899995803833,0.0,0.0,0.0,0.0,1.7999999523162842,93.87999725341797,0,0,0,True,,,,
1776723447,798022711,,12.1899995803833,0.0,0.0,0.0,0.0,1.7999999523162842,93.87999725341797,0,0,0,True,,,,
1776723447,848093815,,12.1899995803833,0.0,0.0,0.0,0.0,1.7999999523162842,93.87999725341797,0,0,0,True,,,,
1776723447,898021995,,12.219999313354492,0.0,0.0,0.0,0.0,1.7999999523162842,95.54999542236328,0,0,0,True,,,,
1776723447,948085155,,12.199999809265137,0.0,0.0,0.0,0.0,1.7999999523162842,94.43999481201172,0,0,0,True,,,,
1776723447,997985725,,12.199999809265137,0.0,0.0,0.0,0.0,1.7999999523162842,94.43999481201172,0,0,0,True,,,,
1776723448,48024477,,12.199999809265137,0.0,0.0,0.0,0.0,1.7999999523162842,94.43999481201172,0,0,0,True,,,,
1776723448,98002231,,12.199999809265137,0.0,0.0,0.0,0.0,1.7999999523162842,94.43999481201172,0,0,0,True,,,,
1776723448,148006910,,12.199999809265137,0.0,0.0,0.0,0.0,1.7999999523162842,94.43999481201172,0,0,0,True,,,,
1776723448,197959312,,12.199999809265137,0.0,0.0,0.0,0.0,1.7999999523162842,94.43999481201172,0,0,0,True,,,,
1776723448,247988917,,12.219999313354492,0.0,0.0,0.0,0.0,1.7999999523162842,95.54999542236328,0,0,0,True,,,,
1776723448,297978726,,12.219999313354492,0.0,0.0,0.0,0.0,1.7999999523162842,95.54999542236328,0,0,0,True,,,,
1776723448,347974831,,12.219999313354492,0.0,0.0,0.0,0.0,1.7999999523162842,95.54999542236328,0,0,0,True,,,,
1776723448,397979974,,12.219999313354492,0.0,0.0,0.0,0.0,1.7999999523162842,95.54999542236328,0,0,0,True,,,,
1776723448,447962412,,12.199999809265137,0.0,0.0,0.0,0.0,1.7999999523162842,94.43999481201172,0,0,0,True,,,,
1776723448,498025535,,12.199999809265137,0.0,0.0,0.0,0.0,1.7999999523162842,94.43999481201172,0,0,0,True,,,,
1776723448,547969048,,12.219999313354492,0.0,0.0,0.0,0.0,1.7999999523162842,95.54999542236328,0,0,0,True,,,,
1776723448,597956098,,12.199999809265137,0.0,0.0,0.0,0.0,1.7999999523162842,94.43999481201172,0,0,0,True,,,,
1776723448,647996629,,12.199999809265137,0.0,0.0,0.0,0.0,1.7999999523162842,94.43999481201172,0,0,0,True,,,,
1776723448,697972494,,12.199999809265137,0.0,0.0,0.0,0.0,1.7999999523162842,94.43999481201172,0,0,0,True,,,,
1776723448,747987358,,12.199999809265137,0.0,0.0,0.0,0.0,1.7999999523162842,94.43999481201172,0,0,0,True,,,,
1776723448,798076276,,12.219999313354492,0.0,0.0,0.0,0.0,1.7999999523162842,95.54999542236328,0,0,0,True,,,,
1776723448,847980735,,12.1899995803833,0.0,0.0,0.0,0.0,1.7999999523162842,93.87999725341797,0,0,0,True,,,,
1776723448,897962211,,12.219999313354492,0.0,0.0,0.0,0.0,1.7999999523162842,95.54999542236328,0,0,0,True,,,,
1776723448,947957464,,12.199999809265137,0.0,0.0,0.0,0.0,1.7999999523162842,94.43999481201172,0,0,0,True,,,,
1776723448,997990309,,12.219999313354492,0.0,0.0,0.0,0.0,1.7999999523162842,95.54999542236328,0,0,0,True,,,,
1776723449,47997563,,12.199999809265137,0.0,0.0,0.0,0.0,1.7999999523162842,94.43999481201172,0,0,0,True,,,,
1776723449,97995372,,12.199999809265137,0.0,0.0,0.0,0.0,1.7999999523162842,94.43999481201172,0,0,0,True,,,,
1776723449,147963829,,12.219999313354492,0.0,0.0,0.0,0.0,1.7999999523162842,95.54999542236328,0,0,0,True,,,,
1776723449,197972619,,12.199999809265137,0.0,0.0,0.0,0.0,1.7999999523162842,94.43999481201172,0,0,0,True,,,,
1776723449,247951299,,12.199999809265137,0.0,0.0,0.0,0.0,1.7999999523162842,94.43999481201172,0,0,0,True,,,,
1776723449,297981478,,12.199999809265137,0.0,0.0,0.0,0.0,1.7999999523162842,94.43999481201172,0,0,0,True,,,,
1776723449,347955051,,12.199999809265137,0.0,0.0,0.0,0.0,1.7999999523162842,94.43999481201172,0,0,0,True,,,,
1776723449,397978954,,12.199999809265137,0.0,0.0,0.0,0.0,1.7999999523162842,94.43999481201172,0,0,0,True,,,,
1776723449,447978561,,12.199999809265137,0.0,0.0,0.0,0.0,1.7999999523162842,94.43999481201172,0,0,0,True,,,,
1776723449,498008538,,12.199999809265137,0.0,0.0,0.0,0.0,1.7999999523162842,94.43999481201172,0,0,0,True,,,,
1776723449,548083051,,12.219999313354492,0.0,0.0,0.0,0.0,1.7999999523162842,95.54999542236328,0,0,0,True,,,,
1776723449,597964252,,12.199999809265137,0.0,0.0,0.0,0.0,1.7999999523162842,94.43999481201172,0,0,0,True,,,,
1776723449,647937230,,12.199999809265137,0.0,0.0,0.0,0.0,1.7999999523162842,94.43999481201172,0,0,0,True,,,,
1776723449,697982596,,12.199999809265137,0.0,0.0,0.0,0.0,1.7999999523162842,94.43999481201172,0,0,0,True,,,,
1776723449,748032721,,12.199999809265137,0.0,0.0,0.0,0.0,1.7999999523162842,94.43999481201172,0,0,0,True,,,,
1776723449,797966273,,12.1899995803833,0.0,0.0,0.0,0.0,1.7999999523162842,93.87999725341797,0,0,0,True,,,,
1776723449,847956288,,12.199999809265137,0.0,0.0,0.0,0.0,1.7999999523162842,94.43999481201172,0,0,0,True,,,,
1776723449,897949802,,12.199999809265137,0.0,0.0,0.0,0.0,1.7999999523162842,94.43999481201172,0,0,0,True,,,,
1776723449,947977150,,12.1899995803833,0.0,0.0,0.0,0.0,1.7999999523162842,93.87999725341797,0,0,0,True,,,,
1776723449,998093274,,12.199999809265137,0.0,0.0,0.0,0.0,1.7999999523162842,94.43999481201172,0,0,0,True,,,,
1776723450,48036752,,12.1899995803833,0.0,0.0,0.0,0.0,1.7999999523162842,93.87999725341797,0,0,0,True,,,,
1776723450,98030785,,12.199999809265137,0.0,0.0,0.0,0.0,1.7999999523162842,94.43999481201172,0,0,0,True,,,,
1776723450,147973134,,12.199999809265137,0.0,0.0,0.0,0.0,1.7999999523162842,94.43999481201172,0,0,0,True,,,,
1776723450,198013184,,12.219999313354492,0.0,0.0,0.0,0.0,1.7999999523162842,95.54999542236328,0,0,0,True,,,,
1776723450,247991495,,12.199999809265137,0.0,0.0,0.0,0.0,1.7999999523162842,94.43999481201172,0,0,0,True,,,,
1776723450,297975547,,12.199999809265137,0.0,0.0,0.0,0.0,1.7999999523162842,94.43999481201172,0,0,0,True,,,,
1776723450,348002376,,12.199999809265137,0.0,0.0,0.0,0.0,1.7999999523162842,94.43999481201172,0,0,0,True,,,,
1776723450,397973391,,12.199999809265137,0.0,0.0,0.0,0.0,1.7999999523162842,94.43999481201172,0,0,0,True,,,,
1776723450,447968868,,12.199999809265137,0.0,0.0,0.0,0.0,1.7999999523162842,94.43999481201172,0,0,0,True,,,,
1776723450,498004049,,12.1899995803833,0.0,0.0,0.0,0.0,1.7999999523162842,93.87999725341797,0,0,0,True,,,,
1776723450,548002712,,12.199999809265137,0.0,0.0,0.0,0.0,1.7999999523162842,94.43999481201172,0,0,0,True,,,,
1776723450,597927098,,12.199999809265137,0.0,0.0,0.0,0.0,1.7999999523162842,94.43999481201172,0,0,0,True,,,,
1776723450,647952501,,12.199999809265137,0.0,0.0,0.0,0.0,1.7999999523162842,94.43999481201172,0,0,0,True,,,,
1776723450,697972941,,12.1899995803833,0.0,0.0,0.0,0.0,1.7999999523162842,93.87999725341797,0,0,0,True,,,,
1776723450,747974288,,12.199999809265137,0.0,0.0,0.0,0.0,1.7999999523162842,94.43999481201172,0,0,0,True,,,,
1776723450,797968784,,12.1899995803833,0.0,0.0,0.0,0.0,1.7999999523162842,93.87999725341797,0,0,0,True,,,,
1776723450,847957706,,12.199999809265137,0.0,0.0,0.0,0.0,1.7999999523162842,94.43999481201172,0,0,0,True,,,,
1776723450,897913888,,12.199999809265137,0.0,0.0,0.0,0.0,1.7999999523162842,94.43999481201172,0,0,0,True,,,,
1776723450,947945236,,12.1899995803833,0.0,0.0,0.0,0.0,1.7999999523162842,93.87999725341797,0,0,0,True,,,,
1776723450,997963565,,12.1899995803833,0.0,0.0,0.0,0.0,1.7999999523162842,93.87999725341797,0,0,0,True,,,,
1776723451,47962838,,12.199999809265137,0.0,0.0,0.0,0.0,1.7999999523162842,94.43999481201172,0,0,0,True,,,,
1776723451,97944612,,12.1899995803833,0.0,0.0,0.0,0.0,1.7999999523162842,93.87999725341797,0,0,0,True,,,,
1776723451,147942886,,12.199999809265137,0.0,0.0,0.0,0.0,1.7999999523162842,94.43999481201172,0,0,0,True,,,,
1776723451,197972530,,12.1899995803833,0.0,0.0,0.0,0.0,1.7999999523162842,93.87999725341797,0,0,0,True,,,,
1776723451,247932008,,12.199999809265137,0.0,0.0,0.0,0.0,1.7999999523162842,94.43999481201172,0,0,0,True,,,,
1776723451,297950207,,12.199999809265137,0.0,0.0,0.0,0.0,1.7999999523162842,94.43999481201172,0,0,0,True,,,,
1776723451,347955370,,12.199999809265137,0.0,0.0,0.0,0.0,1.7999999523162842,94.43999481201172,0,0,0,True,,,,
1776723451,397896570,,12.199999809265137,0.0,0.0,0.0,0.0,1.7999999523162842,94.43999481201172,0,0,0,True,,,,
1776723451,447984750,,12.199999809265137,0.0,0.0,0.0,0.0,1.7999999523162842,94.43999481201172,0,0,0,True,,,,
1776723451,497936709,,12.1899995803833,0.0,0.0,0.0,0.0,1.7999999523162842,93.87999725341797,0,0,0,True,,,,
1776723451,547941205,,12.1899995803833,0.0,0.0,0.0,0.0,1.7999999523162842,93.87999725341797,0,0,0,True,,,,
1776723451,597915813,,12.1899995803833,0.0,0.0,0.0,0.0,1.7999999523162842,93.87999725341797,0,0,0,True,,,,
1776723451,647922290,,12.1899995803833,0.0,0.0,0.0,0.0,1.7999999523162842,93.87999725341797,0,0,0,True,,,,
1776723451,697901453,,12.1899995803833,0.0,0.0,0.0,0.0,1.7999999523162842,93.87999725341797,0,0,0,True,,,,
1776723451,747910986,,12.1899995803833,0.0,0.0,0.0,0.0,1.7999999523162842,93.87999725341797,0,0,0,True,,,,
1776723451,797937926,,12.1899995803833,0.0,0.0,0.0,0.0,1.7999999523162842,93.87999725341797,0,0,0,True,,,,
1776723451,847915811,,12.1899995803833,0.0,0.0,0.0,0.0,1.7999999523162842,93.87999725341797,0,0,0,True,,,,
1776723451,897913622,,12.1899995803833,0.0,0.0,0.0,0.0,1.7999999523162842,93.87999725341797,0,0,0,True,,,,
1776723451,947924673,,12.199999809265137,0.0,0.0,0.0,0.0,1.7999999523162842,94.43999481201172,0,0,0,True,,,,
1776723451,997904410,,12.199999809265137,0.0,0.0,0.0,0.0,1.7999999523162842,94.43999481201172,0,0,0,True,,,,
1776723452,48054237,,12.1899995803833,0.0,0.0,0.0,0.0,1.7999999523162842,93.87999725341797,0,0,0,True,,,,
1776723452,97967234,,12.199999809265137,0.0,0.0,0.0,0.0,1.7999999523162842,94.43999481201172,0,0,0,True,,,,
1776723452,147913675,,12.1899995803833,0.0,0.0,0.0,0.0,1.7999999523162842,93.87999725341797,0,0,0,True,,,,
1776723452,197912708,,12.199999809265137,0.0,0.0,0.0,0.0,1.7999999523162842,94.43999481201172,0,0,0,True,,,,
1776723452,247970852,,12.199999809265137,0.0,0.0,0.0,0.0,1.7999999523162842,94.43999481201172,0,0,0,True,,,,
1776723452,297857294,,12.1899995803833,0.0,0.0,0.0,0.0,1.7999999523162842,93.87999725341797,0,0,0,True,,,,
1776723452,347934585,,12.199999809265137,0.0,0.0,0.0,0.0,1.7999999523162842,94.43999481201172,0,0,0,True,,,,
1776723452,397981487,,12.199999809265137,0.0,0.0,0.0,0.0,1.7999999523162842,94.43999481201172,0,0,0,True,,,,
1776723452,447924762,,12.199999809265137,0.0,0.0,0.0,0.0,1.7999999523162842,94.43999481201172,0,0,0,True,,,,
1776723452,497919758,,12.1899995803833,0.0,0.0,0.0,0.0,1.7999999523162842,93.87999725341797,0,0,0,True,,,,
1776723452,547937365,,12.199999809265137,0.0,0.0,0.0,0.0,1.7999999523162842,94.43999481201172,0,0,0,True,,,,
1776723452,597937824,,12.199999809265137,0.0,0.0,0.0,0.0,1.7999999523162842,94.43999481201172,0,0,0,True,,,,
1776723452,647895320,,12.199999809265137,0.0,0.0,0.0,0.0,1.7999999523162842,94.43999481201172,0,0,0,True,,,,
1776723452,697960871,,12.1899995803833,0.0,0.0,0.0,0.0,1.7999999523162842,93.87999725341797,0,0,0,True,,,,
1776723452,747921349,,12.199999809265137,0.0,0.0,0.0,0.0,1.7999999523162842,94.43999481201172,0,0,0,True,,,,
1776723452,797920382,,12.199999809265137,0.0,0.0,0.0,0.0,1.7999999523162842,94.43999481201172,0,0,0,True,,,,
1776723452,847931637,,12.199999809265137,0.0,0.0,0.0,0.0,1.7999999523162842,94.43999481201172,0,0,0,True,,,,
1776723452,897961040,,12.1899995803833,0.0,0.0,0.0,0.0,1.7999999523162842,93.87999725341797,0,0,0,True,,,,
1776723452,947898944,,12.1899995803833,0.0,0.0,0.0,0.0,1.7999999523162842,93.87999725341797,0,0,0,True,,,,
1776723452,997930310,,12.219999313354492,0.0,0.0,0.0,0.0,1.7999999523162842,95.54999542236328,0,0,0,True,,,,
1776723453,47936695,,12.199999809265137,0.0,0.0,0.0,0.0,1.7999999523162842,94.43999481201172,0,0,0,True,,,,
1776723453,97936339,,12.199999809265137,0.0,0.0,0.0,0.0,1.7999999523162842,94.43999481201172,0,0,0,True,,,,
1776723453,148023204,,12.199999809265137,0.0,0.0,0.0,0.0,1.7999999523162842,94.43999481201172,0,0,0,True,,,,
1776723453,197925108,,12.199999809265137,0.0,0.0,0.0,0.0,1.7999999523162842,94.43999481201172,0,0,0,True,,,,
1776723453,247872401,,12.199999809265137,0.0,0.0,0.0,0.0,1.7999999523162842,94.43999481201172,0,0,0,True,,,,
1776723453,297906508,,12.199999809265137,0.0,0.0,0.0,0.0,1.7999999523162842,94.43999481201172,0,0,0,True,,,,
1776723453,347943670,,12.1899995803833,0.0,0.0,0.0,0.0,1.7999999523162842,93.87999725341797,0,0,0,True,,,,
1776723453,397977721,,12.199999809265137,0.0,0.0,0.0,0.0,1.7999999523162842,94.43999481201172,0,0,0,True,,,,
1776723453,447919551,,12.199999809265137,0.0,0.0,0.0,0.0,1.7999999523162842,94.43999481201172,0,0,0,True,,,,
1776723453,497908158,,12.199999809265137,0.0,0.0,0.0,0.0,1.7999999523162842,94.43999481201172,0,0,0,True,,,,
1776723453,547940135,,12.1899995803833,0.0,0.0,0.0,0.0,1.7999999523162842,93.87999725341797,0,0,0,True,,,,
1776723453,597958409,,12.199999809265137,0.0,0.0,0.0,0.0,1.7999999523162842,94.43999481201172,0,0,0,True,,,,
1776723453,647920220,,12.219999313354492,0.0,0.0,0.0,0.0,1.7999999523162842,95.54999542236328,0,0,0,True,,,,
1776723453,697864624,,12.199999809265137,0.0,0.0,0.0,0.0,1.7999999523162842,94.43999481201172,0,0,0,True,,,,
1776723453,747950897,,12.199999809265137,0.0,0.0,0.0,0.0,1.7999999523162842,94.43999481201172,0,0,0,True,,,,
1776723453,797921412,,12.199999809265137,0.0,0.0,0.0,0.0,1.7999999523162842,94.43999481201172,0,0,0,True,,,,
1776723453,847987443,,12.219999313354492,0.0,0.0,0.0,0.0,1.7999999523162842,95.54999542236328,0,0,0,True,,,,
1776723453,897886182,,12.219999313354492,0.0,0.0,0.0,0.0,1.7999999523162842,95.54999542236328,0,0,0,True,,,,
1776723453,947878141,,12.219999313354492,0.0,0.0,0.0,0.0,1.7999999523162842,95.54999542236328,0,0,0,True,,,,
1776723453,997897525,,12.199999809265137,0.0,0.0,0.0,0.0,1.7999999523162842,94.43999481201172,0,0,0,True,,,,
1776723454,47958391,,12.199999809265137,0.0,0.0,0.0,0.0,1.7999999523162842,94.43999481201172,0,0,0,True,,,,
1776723454,97932943,,12.199999809265137,0.0,0.0,0.0,0.0,1.7999999523162842,94.43999481201172,0,0,0,True,,,,
1776723454,147846958,,12.199999809265137,0.0,0.0,0.0,0.0,1.7999999523162842,94.43999481201172,0,0,0,True,,,,
1776723454,197905305,,12.1899995803833,0.0,0.0,0.0,0.0,1.7999999523162842,93.87999725341797,0,0,0,True,,,,
1776723454,247904931,,12.199999809265137,0.0,0.0,0.0,0.0,1.7999999523162842,94.43999481201172,0,0,0,True,,,,
1776723454,297888075,,12.199999809265137,0.0,0.0,0.0,0.0,1.7999999523162842,94.43999481201172,0,0,0,True,,,,
1776723454,347902515,,12.199999809265137,0.0,0.0,0.0,0.0,1.7999999523162842,94.43999481201172,0,0,0,True,,,,
1776723454,397889919,,12.219999313354492,0.0,0.0,0.0,0.0,1.7999999523162842,95.54999542236328,0,0,0,True,,,,
1776723454,447922136,,12.1899995803833,0.0,0.0,0.0,0.0,1.7999999523162842,93.87999725341797,0,0,0,True,,,,
1776723454,497906188,,12.199999809265137,0.0,0.0,0.0,0.0,1.7999999523162842,94.43999481201172,0,0,0,True,,,,
1776723454,547910573,,12.199999809265137,0.0,0.0,0.0,0.0,1.7999999523162842,94.43999481201172,0,0,0,True,,,,
1776723454,597993549,,12.219999313354492,0.0,0.0,0.0,0.0,1.7999999523162842,95.54999542236328,0,0,0,True,,,,
1776723454,647864343,,12.199999809265137,0.0,0.0,0.0,0.0,1.7999999523162842,94.43999481201172,0,0,0,True,,,,
1776723454,697861043,,12.199999809265137,0.0,0.0,0.0,0.0,1.7999999523162842,94.43999481201172,0,0,0,True,,,,
1776723454,747904538,,12.199999809265137,0.0,0.0,0.0,0.0,1.7999999523162842,94.43999481201172,0,0,0,True,,,,
1776723454,797884294,,12.219999313354492,0.0,0.0,0.0,0.0,1.7999999523162842,95.54999542236328,0,0,0,True,,,,
1776723454,847857623,,12.199999809265137,0.0,0.0,0.0,0.0,1.7999999523162842,94.43999481201172,0,0,0,True,,,,
1776723454,897867656,,12.199999809265137,0.0,0.0,0.0,0.0,1.7999999523162842,94.43999481201172,0,0,0,True,,,,
1776723454,947882800,,12.199999809265137,0.0,0.0,0.0,0.0,1.7999999523162842,94.43999481201172,0,0,0,True,,,,
1776723454,997894851,,12.219999313354492,0.0,0.0,0.0,0.0,1.7999999523162842,95.54999542236328,0,0,0,True,,,,
1776723455,47881199,,12.199999809265137,0.0,0.0,0.0,0.0,1.7999999523162842,94.43999481201172,0,0,0,True,,,,
1776723455,97935009,,12.199999809265137,0.0,0.0,0.0,0.0,1.7999999523162842,94.43999481201172,0,0,0,True,,,,
1776723455,147849303,,12.199999809265137,0.0,0.0,0.0,0.0,1.7999999523162842,94.43999481201172,0,0,0,True,,,,
1776723455,197890965,,12.219999313354492,0.0,0.0,0.0,0.0,1.7999999523162842,95.54999542236328,0,0,0,True,,,,
1776723455,247913553,,12.199999809265137,0.0,0.0,0.0,0.0,1.7999999523162842,94.43999481201172,0,0,0,True,,,,
1776723455,297889327,,12.199999809265137,0.0,0.0,0.0,0.0,1.7999999523162842,94.43999481201172,0,0,0,True,,,,
1776723455,347849027,,12.219999313354492,0.0,0.0,0.0,0.0,1.7999999523162842,95.54999542236328,0,0,0,True,,,,
1776723455,397848060,,12.1899995803833,0.0,0.0,0.0,0.0,1.7999999523162842,93.87999725341797,0,0,0,True,,,,
1776723455,447943147,,12.219999313354492,0.0,0.0,0.0,0.0,1.7999999523162842,95.54999542236328,0,0,0,True,,,,
1776723455,497891681,,12.199999809265137,0.0,0.0,0.0,0.0,1.7999999523162842,94.43999481201172,0,0,0,True,,,,
1776723455,547862307,,12.199999809265137,0.0,0.0,0.0,0.0,1.7999999523162842,94.43999481201172,0,0,0,True,,,,
1776723455,597854896,,12.1899995803833,0.0,0.0,0.0,0.0,1.7999999523162842,93.87999725341797,0,0,0,True,,,,
1776723455,647871521,,12.199999809265137,0.0,0.0,0.0,0.0,1.7999999523162842,94.43999481201172,0,0,0,True,,,,
1776723455,697854314,,12.199999809265137,0.0,0.0,0.0,0.0,1.7999999523162842,94.43999481201172,0,0,0,True,,,,
1776723455,747862661,,12.199999809265137,0.0,0.0,0.0,0.0,1.7999999523162842,94.43999481201172,0,0,0,True,,,,
1776723455,797867398,,12.199999809265137,0.0,0.0,0.0,0.0,1.7999999523162842,94.43999481201172,0,0,0,True,,,,
1776723455,847859931,,12.199999809265137,0.0,0.0,0.0,0.0,1.7999999523162842,94.43999481201172,0,0,0,True,,,,
1776723455,897846464,,12.199999809265137,0.0,0.0,0.0,0.0,1.7999999523162842,94.43999481201172,0,0,0,True,,,,
1776723455,947839849,,12.199999809265137,0.0,0.0,0.0,0.0,1.7999999523162842,94.43999481201172,0,0,0,True,,,,
1776723455,997865437,,12.199999809265137,0.0,0.0,0.0,0.0,1.7999999523162842,94.43999481201172,0,0,0,True,,,,
1776723456,47952506,,12.199999809265137,0.0,0.0,0.0,0.0,1.7999999523162842,94.43999481201172,0,0,0,True,,,,
1776723456,97878188,,12.199999809265137,0.0,0.0,0.0,0.0,1.7999999523162842,94.43999481201172,0,0,0,True,,,,
1776723456,147899924,,12.199999809265137,0.0,0.0,0.0,0.0,1.7999999523162842,94.43999481201172,0,0,0,True,,,,
1776723456,197874291,,12.1899995803833,0.0,0.0,0.0,0.0,1.7999999523162842,93.87999725341797,0,0,0,True,,,,
1776723456,247890620,,12.199999809265137,0.0,0.0,0.0,0.0,1.7999999523162842,94.43999481201172,0,0,0,True,,,,
1776723456,297853320,,12.219999313354492,0.0,0.0,0.0,0.0,1.7999999523162842,95.54999542236328,0,0,0,True,,,,
1776723456,347865538,,12.199999809265137,0.0,0.0,0.0,0.0,1.7999999523162842,94.43999481201172,0,0,0,True,,,,
1776723456,397870793,,12.199999809265137,0.0,0.0,0.0,0.0,1.7999999523162842,94.43999481201172,0,0,0,True,,,,
1776723456,447872160,,12.199999809265137,0.0,0.0,0.0,0.0,1.7999999523162842,94.43999481201172,0,0,0,True,,,,
1776723456,497826138,,12.199999809265137,0.0,0.0,0.0,0.0,1.7999999523162842,94.43999481201172,0,0,0,True,,,,
1776723456,547869337,,12.199999809265137,0.0,0.0,0.0,0.0,1.7999999523162842,94.43999481201172,0,0,0,True,,,,
1776723456,597979831,,12.199999809265137,0.0,0.0,0.0,0.0,1.7999999523162842,94.43999481201172,0,0,0,True,,,,
1776723456,647831811,,12.199999809265137,0.0,0.0,0.0,0.0,1.7999999523162842,94.43999481201172,0,0,0,True,,,,
1776723456,697836621,,12.219999313354492,0.0,0.0,0.0,0.0,1.7999999523162842,95.54999542236328,0,0,0,True,,,,
1776723456,747855284,,12.199999809265137,0.0,0.0,0.0,0.0,1.7999999523162842,94.43999481201172,0,0,0,True,,,,
1776723456,797891909,,12.219999313354492,0.0,0.0,0.0,0.0,1.7999999523162842,95.54999542236328,0,0,0,True,,,,
1776723456,851247650,,12.219999313354492,0.0,0.0,0.0,0.0,1.7999999523162842,95.54999542236328,0,0,0,True,,,,
1776723456,897842790,,12.199999809265137,0.0,0.0,0.0,0.0,1.7999999523162842,94.43999481201172,0,0,0,True,,,,
1776723456,947829120,,12.199999809265137,0.0,0.0,0.0,0.0,1.7999999523162842,94.43999481201172,0,0,0,True,,,,
1776723456,998226536,,12.199999809265137,0.0,0.0,0.0,0.0,1.7999999523162842,94.43999481201172,0,0,0,True,,,,
1776723457,47885444,,12.199999809265137,0.0,0.0,0.0,0.0,1.7999999523162842,94.43999481201172,0,0,0,True,,,,
1776723457,97862848,,12.199999809265137,0.0,0.0,0.0,0.0,1.7999999523162842,94.43999481201172,0,0,0,True,,,,
1776723457,147860733,,12.199999809265137,0.0,0.0,0.0,0.0,1.7999999523162842,94.43999481201172,0,0,0,True,,,,
1776723457,197874858,,12.199999809265137,0.0,0.0,0.0,0.0,1.7999999523162842,94.43999481201172,0,0,0,True,,,,
1776723457,247985686,,12.199999809265137,0.0,0.0,0.0,0.0,1.7999999523162842,94.43999481201172,0,0,0,True,,,,
1776723457,297835165,,12.199999809265137,0.0,0.0,0.0,0.0,1.7999999523162842,94.43999481201172,0,0,0,True,,,,
1776723457,347860587,,12.199999809265137,0.0,0.0,0.0,0.0,1.7999999523162842,94.43999481201172,0,0,0,True,,,,
1776723457,397859490,,12.1899995803833,0.0,0.0,0.0,0.0,1.7999999523162842,93.87999725341797,0,0,0,True,,,,
1776723457,447949855,,12.199999809265137,0.0,0.0,0.0,0.0,1.7999999523162842,94.43999481201172,0,0,0,True,,,,
1776723457,497797372,,12.199999809265137,0.0,0.0,0.0,0.0,1.7999999523162842,94.43999481201172,0,0,0,True,,,,
1776723457,547835663,,12.199999809265137,0.0,0.0,0.0,0.0,1.7999999523162842,94.43999481201172,0,0,0,True,,,,
1776723457,597864696,,12.199999809265137,0.0,0.0,0.0,0.0,1.7999999523162842,94.43999481201172,0,0,0,True,,,,
1776723457,647859173,,12.199999809265137,0.0,0.0,0.0,0.0,1.7999999523162842,94.43999481201172,0,0,0,True,,,,
1776723457,697956298,,12.199999809265137,0.0,0.0,0.0,0.0,1.7999999523162842,94.43999481201172,0,0,0,True,,,,
1776723457,747918146,,12.199999809265137,0.0,0.0,0.0,0.0,1.7999999523162842,94.43999481201172,0,0,0,True,,,,
1776723457,797920160,,12.199999809265137,0.0,0.0,0.0,0.0,1.7999999523162842,94.43999481201172,0,0,0,True,,,,
1776723457,847802436,,12.199999809265137,0.0,0.0,0.0,0.0,1.7999999523162842,94.43999481201172,0,0,0,True,,,,
1776723457,897828228,,12.199999809265137,0.0,0.0,0.0,0.0,1.7999999523162842,94.43999481201172,0,0,0,True,,,,
1776723457,947902130,,12.1899995803833,0.0,0.0,0.0,0.0,1.7999999523162842,93.87999725341797,0,0,0,True,,,,
1776723457,997839423,,12.199999809265137,0.0,0.0,0.0,0.0,1.7999999523162842,94.43999481201172,0,0,0,True,,,,
1776723458,47877900,,12.199999809265137,0.0,0.0,0.0,0.0,1.7999999523162842,94.43999481201172,0,0,0,True,,,,
1776723458,97821471,,12.199999809265137,0.0,0.0,0.0,0.0,1.7999999523162842,94.43999481201172,0,0,0,True,,,,
1776723458,147810189,,12.199999809265137,0.0,0.0,0.0,0.0,1.7999999523162842,94.43999481201172,0,0,0,True,,,,
1776723458,197767760,,12.199999809265137,0.0,0.0,0.0,0.0,1.7999999523162842,94.43999481201172,0,0,0,True,,,,
1776723458,247827366,,12.199999809265137,0.0,0.0,0.0,0.0,1.7999999523162842,94.43999481201172,0,0,0,True,,,,
1776723458,297826788,,12.219999313354492,0.0,0.0,0.0,0.0,1.7999999523162842,95.54999542236328,0,0,0,True,,,,
1776723458,347849394,,12.199999809265137,0.0,0.0,0.0,0.0,1.7999999523162842,94.43999481201172,0,0,0,True,,,,
1776723458,397898945,,12.199999809265137,0.0,0.0,0.0,0.0,1.7999999523162842,94.43999481201172,0,0,0,True,,,,
1776723458,447841053,,12.199999809265137,0.0,0.0,0.0,0.0,1.7999999523162842,94.43999481201172,0,0,0,True,,,,
1776723458,497819846,,12.199999809265137,0.0,0.0,0.0,0.0,1.7999999523162842,94.43999481201172,0,0,0,True,,,,
1776723458,547810471,,12.1899995803833,0.0,0.0,0.0,0.0,1.7999999523162842,93.87999725341797,0,0,0,True,,,,
1776723458,597850504,,12.199999809265137,0.0,0.0,0.0,0.0,1.7999999523162842,94.43999481201172,0,0,0,True,,,,
1776723458,647851722,,12.199999809265137,0.0,0.0,0.0,0.0,1.7999999523162842,94.43999481201172,0,0,0,True,,,,
1776723458,697873903,,12.199999809265137,0.0,0.0,0.0,0.0,1.7999999523162842,94.43999481201172,0,0,0,True,,,,
1776723458,747824085,,12.1899995803833,0.0,0.0,0.0,0.0,1.7999999523162842,93.87999725341797,0,0,0,True,,,,
1776723458,797858302,,12.199999809265137,0.0,0.0,0.0,0.0,1.7999999523162842,94.43999481201172,0,0,0,True,,,,
1776723458,847805373,,12.1899995803833,0.0,0.0,0.0,0.0,1.7999999523162842,93.87999725341797,0,0,0,True,,,,
1776723458,897837146,,12.1899995803833,0.0,0.0,0.0,0.0,1.7999999523162842,93.87999725341797,0,0,0,True,,,,
1776723458,947840846,,12.199999809265137,0.0,0.0,0.0,0.0,1.7999999523162842,94.43999481201172,0,0,0,True,,,,
1776723458,997813361,,12.199999809265137,0.0,0.0,0.0,0.0,1.7999999523162842,94.43999481201172,0,0,0,True,,,,
1776723459,47856282,,12.1899995803833,0.0,0.0,0.0,0.0,1.7999999523162842,93.87999725341797,0,0,0,True,,,,
1776723459,97840482,,12.199999809265137,0.0,0.0,0.0,0.0,1.7999999523162842,94.43999481201172,0,0,0,True,,,,
1776723459,147830978,,12.199999809265137,0.0,0.0,0.0,0.0,1.7999999523162842,94.43999481201172,0,0,0,True,,,,
1776723459,197804104,,12.199999809265137,0.0,0.0,0.0,0.0,1.7999999523162842,94.43999481201172,0,0,0,True,,,,
1776723459,247849747,,12.199999809265137,0.0,0.0,0.0,0.0,1.7999999523162842,94.43999481201172,0,0,0,True,,,,
1776723459,297789800,,12.199999809265137,0.0,0.0,0.0,0.0,1.7999999523162842,94.43999481201172,0,0,0,True,,,,
1776723459,347809777,,12.199999809265137,0.0,0.0,0.0,0.0,1.7999999523162842,94.43999481201172,0,0,0,True,,,,
1776723459,397822476,,12.199999809265137,0.0,0.0,0.0,0.0,1.7999999523162842,94.43999481201172,0,0,0,True,,,,
1776723459,447785528,,12.199999809265137,0.0,0.0,0.0,0.0,1.7999999523162842,94.43999481201172,0,0,0,True,,,,
1776723459,497825338,,12.199999809265137,0.0,0.0,0.0,0.0,1.7999999523162842,94.43999481201172,0,0,0,True,,,,
1776723459,547879963,,12.199999809265137,0.0,0.0,0.0,0.0,1.7999999523162842,94.43999481201172,0,0,0,True,,,,
1776723459,597791238,,12.199999809265137,0.0,0.0,0.0,0.0,1.7999999523162842,94.43999481201172,0,0,0,True,,,,
1776723459,647839493,,12.199999809265137,0.0,0.0,0.0,0.0,1.7999999523162842,94.43999481201172,0,0,0,True,,,,
1776723459,697777415,,12.199999809265137,0.0,0.0,0.0,0.0,1.7999999523162842,94.43999481201172,0,0,0,True,,,,
1776723459,747780245,,12.199999809265137,0.0,0.0,0.0,0.0,1.7999999523162842,94.43999481201172,0,0,0,True,,,,
1776723459,797764315,,12.199999809265137,0.0,0.0,0.0,0.0,1.7999999523162842,94.43999481201172,0,0,0,True,,,,
1776723459,847838032,,12.1899995803833,0.0,0.0,0.0,0.0,1.7999999523162842,93.87999725341797,0,0,0,True,,,,
1776723459,897780325,,12.1899995803833,0.0,0.0,0.0,0.0,1.7999999523162842,93.87999725341797,0,0,0,True,,,,
1776723459,947783191,,12.199999809265137,0.0,0.0,0.0,0.0,1.7999999523162842,94.43999481201172,0,0,0,True,,,,
1776723459,997783817,,12.1899995803833,0.0,0.0,0.0,0.0,1.7999999523162842,93.87999725341797,0,0,0,True,,,,
1776723460,47928348,,12.199999809265137,0.0,0.0,0.0,0.0,1.7999999523162842,94.43999481201172,0,0,0,True,,,,
1776723460,97853437,,12.199999809265137,0.0,0.0,0.0,0.0,1.7999999523162842,94.43999481201172,0,0,0,True,,,,
1776723460,147778675,,12.199999809265137,0.0,0.0,0.0,0.0,1.7999999523162842,94.43999481201172,0,0,0,True,,,,
1776723460,197813374,,12.199999809265137,0.0,0.0,0.0,0.0,1.7999999523162842,94.43999481201172,0,0,0,True,,,,
1776723460,247843796,,12.199999809265137,0.0,0.0,0.0,0.0,1.7999999523162842,94.43999481201172,0,0,0,True,,,,
1776723460,297821625,,12.199999809265137,0.0,0.0,0.0,0.0,1.7999999523162842,94.43999481201172,0,0,0,True,,,,
1776723460,347791992,,12.199999809265137,0.0,0.0,0.0,0.0,1.7999999523162842,94.43999481201172,0,0,0,True,,,,
1776723460,397789506,,12.199999809265137,0.0,0.0,0.0,0.0,1.7999999523162842,94.43999481201172,0,0,0,True,,,,
1776723460,447853761,,12.199999809265137,0.0,0.0,0.0,0.0,1.7999999523162842,94.43999481201172,0,0,0,True,,,,
1776723460,497817535,,12.199999809265137,0.0,0.0,0.0,0.0,1.7999999523162842,94.43999481201172,0,0,0,True,,,,
1776723460,547806624,,12.1899995803833,0.0,0.0,0.0,0.0,1.7999999523162842,93.87999725341797,0,0,0,True,,,,
1776723460,597769305,,12.199999809265137,0.0,0.0,0.0,0.0,1.7999999523162842,94.43999481201172,0,0,0,True,,,,
1776723460,647802375,,12.199999809265137,0.0,0.0,0.0,0.0,1.7999999523162842,94.43999481201172,0,0,0,True,,,,
1776723460,697913147,,12.199999809265137,0.0,0.0,0.0,0.0,1.7999999523162842,94.43999481201172,0,0,0,True,,,,
1776723460,747790385,,12.199999809265137,0.0,0.0,0.0,0.0,1.7999999523162842,94.43999481201172,0,0,0,True,,,,
1776723460,797800511,,12.199999809265137,0.0,0.0,0.0,0.0,1.7999999523162842,94.43999481201172,0,0,0,True,,,,
1776723460,847808729,,12.199999809265137,0.0,0.0,0.0,0.0,1.7999999523162842,94.43999481201172,0,0,0,True,,,,
1776723460,897771762,,12.199999809265137,0.0,0.0,0.0,0.0,1.7999999523162842,94.43999481201172,0,0,0,True,,,,
1776723460,947767592,,12.199999809265137,0.0,0.0,0.0,0.0,1.7999999523162842,94.43999481201172,0,0,0,True,,,,
1776723460,997776402,,12.199999809265137,0.0,0.0,0.0,0.0,1.7999999523162842,94.43999481201172,0,0,0,True,,,,
1776723461,47820027,,12.199999809265137,0.0,0.0,0.0,0.0,1.7999999523162842,94.43999481201172,0,0,0,True,,,,
1776723461,97796616,,12.199999809265137,0.0,0.0,0.0,0.0,1.7999999523162842,94.43999481201172,0,0,0,True,,,,
1776723461,147796186,,12.199999809265137,0.0,0.0,0.0,0.0,1.7999999523162842,94.43999481201172,0,0,0,True,,,,
1776723461,197828181,,12.199999809265137,0.0,0.0,0.0,0.0,1.7999999523162842,94.43999481201172,0,0,0,True,,,,
1776723461,247791641,,12.199999809265137,0.0,0.0,0.0,0.0,1.7999999523162842,94.43999481201172,0,0,0,True,,,,
1776723461,297819396,,12.199999809265137,0.0,0.0,0.0,0.0,1.7999999523162842,94.43999481201172,0,0,0,True,,,,
1776723461,347801522,,12.199999809265137,0.0,0.0,0.0,0.0,1.7999999523162842,94.43999481201172,0,0,0,True,,,,
1776723461,397828128,,12.199999809265137,0.0,0.0,0.0,0.0,1.7999999523162842,94.43999481201172,0,0,0,True,,,,
1776723461,447899197,,12.219999313354492,0.0,0.0,0.0,0.0,1.7999999523162842,95.54999542236328,0,0,0,True,,,,
1776723461,497732159,,12.199999809265137,0.0,0.0,0.0,0.0,1.7999999523162842,94.43999481201172,0,0,0,True,,,,
1776723461,547768432,,12.199999809265137,0.0,0.0,0.0,0.0,1.7999999523162842,94.43999481201172,0,0,0,True,,,,
1776723461,597762372,,12.1899995803833,0.0,0.0,0.0,0.0,1.7999999523162842,93.87999725341797,0,0,0,True,,,,
1776723461,647705887,,12.1899995803833,0.0,0.0,0.0,0.0,1.7999999523162842,93.87999725341797,0,0,0,True,,,,
1776723461,697757179,,12.199999809265137,0.0,0.0,0.0,0.0,1.7999999523162842,94.43999481201172,0,0,0,True,,,,
1776723461,747746601,,12.199999809265137,0.0,0.0,0.0,0.0,1.7999999523162842,94.43999481201172,0,0,0,True,,,,
1776723461,797754189,,12.1899995803833,0.0,0.0,0.0,0.0,1.7999999523162842,93.87999725341797,0,0,0,True,,,,
1776723461,847760482,,12.199999809265137,0.0,0.0,0.0,0.0,1.7999999523162842,94.43999481201172,0,0,0,True,,,,
1776723461,897762922,,12.1899995803833,0.0,0.0,0.0,0.0,1.7999999523162842,93.87999725341797,0,0,0,True,,,,
1776723461,947891416,,12.1899995803833,0.0,0.0,0.0,0.0,1.7999999523162842,93.87999725341797,0,0,0,True,,,,
1776723461,997762340,,12.199999809265137,0.0,0.0,0.0,0.0,1.7999999523162842,94.43999481201172,0,0,0,True,,,,
1776723462,47786132,,12.199999809265137,0.0,0.0,0.0,0.0,1.7999999523162842,94.43999481201172,0,0,0,True,,,,
1776723462,97904311,,12.199999809265137,0.0,0.0,0.0,0.0,1.7999999523162842,94.43999481201172,0,0,0,True,,,,
1776723462,147775735,,12.199999809265137,0.0,0.0,0.0,0.0,1.7999999523162842,94.43999481201172,0,0,0,True,,,,
1776723462,197777731,,12.199999809265137,0.0,0.0,0.0,0.0,1.7999999523162842,94.43999481201172,0,0,0,True,,,,
1776723462,247831559,,12.199999809265137,0.0,0.0,0.0,0.0,1.7999999523162842,94.43999481201172,0,0,0,True,,,,
1776723462,297726686,,12.199999809265137,0.0,0.0,0.0,0.0,1.7999999523162842,94.43999481201172,0,0,0,True,,,,
1776723462,347814792,,12.199999809265137,0.0,0.0,0.0,0.0,1.7999999523162842,94.43999481201172,0,0,0,True,,,,
1776723462,397748381,,12.199999809265137,0.0,0.0,0.0,0.0,1.7999999523162842,94.43999481201172,0,0,0,True,,,,
1776723462,447782395,,12.1899995803833,0.0,0.0,0.0,0.0,1.7999999523162842,93.87999725341797,0,0,0,True,,,,
1776723462,497784669,,12.199999809265137,0.0,0.0,0.0,0.0,1.7999999523162842,94.43999481201172,0,0,0,True,,,,
1776723462,547810535,,12.199999809265137,0.0,0.0,0.0,0.0,1.7999999523162842,94.43999481201172,0,0,0,True,,,,
1776723462,597897196,,12.199999809265137,0.0,0.0,0.0,0.0,1.7999999523162842,94.43999481201172,0,0,0,True,,,,
1776723462,647771287,,12.199999809265137,0.0,0.0,0.0,0.0,1.7999999523162842,94.43999481201172,0,0,0,True,,,,
1776723462,697802097,,12.199999809265137,0.0,0.0,0.0,0.0,1.7999999523162842,94.43999481201172,0,0,0,True,,,,
1776723462,747797963,,12.199999809265137,0.0,0.0,0.0,0.0,1.7999999523162842,94.43999481201172,0,0,0,True,,,,
1776723462,797812866,,12.199999809265137,0.0,0.0,0.0,0.0,1.7999999523162842,94.43999481201172,0,0,0,True,,,,
1776723462,847773307,,12.199999809265137,0.0,0.0,0.0,0.0,1.7999999523162842,94.43999481201172,0,0,0,True,,,,
1776723462,897768989,,12.199999809265137,0.0,0.0,0.0,0.0,1.7999999523162842,94.43999481201172,0,0,0,True,,,,
1776723462,947750337,,12.199999809265137,0.0,0.0,0.0,0.0,1.7999999523162842,94.43999481201172,0,0,0,True,,,,
1776723462,997758092,,12.219999313354492,0.0,0.0,0.0,0.0,1.7999999523162842,95.54999542236328,0,0,0,True,,,,
1776723463,47727384,,12.199999809265137,0.0,0.0,0.0,0.0,1.7999999523162842,94.43999481201172,0,0,0,True,,,,
1776723463,97797972,,12.199999809265137,0.0,0.0,0.0,0.0,1.7999999523162842,94.43999481201172,0,0,0,True,,,,
1776723463,147814764,,12.199999809265137,0.0,0.0,0.0,0.0,1.7999999523162842,94.43999481201172,0,0,0,True,,,,
1776723463,197769835,,12.199999809265137,0.0,0.0,0.0,0.0,1.7999999523162842,94.43999481201172,0,0,0,True,,,,
1776723463,247855829,,12.199999809265137,0.0,0.0,0.0,0.0,1.7999999523162842,94.43999481201172,0,0,0,True,,,,
1776723463,297778993,,12.1899995803833,0.0,0.0,0.0,0.0,1.7999999523162842,93.87999725341797,0,0,0,True,,,,
1776723463,347751934,,12.199999809265137,0.0,0.0,0.0,0.0,1.7999999523162842,94.43999481201172,0,0,0,True,,,,
1776723463,397738430,,12.199999809265137,0.0,0.0,0.0,0.0,1.7999999523162842,94.43999481201172,0,0,0,True,,,,
1776723463,447840869,,12.199999809265137,0.0,0.0,0.0,0.0,1.7999999523162842,94.43999481201172,0,0,0,True,,,,
1776723463,497790254,,12.219999313354492,0.0,0.0,0.0,0.0,1.7999999523162842,95.54999542236328,0,0,0,True,,,,
1776723463,547735344,,12.199999809265137,0.0,0.0,0.0,0.0,1.7999999523162842,94.43999481201172,0,0,0,True,,,,
1776723463,597782413,,12.199999809265137,0.0,0.0,0.0,0.0,1.7999999523162842,94.43999481201172,0,0,0,True,,,,
1776723463,647742872,,12.199999809265137,0.0,0.0,0.0,0.0,1.7999999523162842,94.43999481201172,0,0,0,True,,,,
1776723463,697758850,,12.199999809265137,0.0,0.0,0.0,0.0,1.7999999523162842,94.43999481201172,0,0,0,True,,,,
1776723463,747817234,,12.199999809265137,0.0,0.0,0.0,0.0,1.7999999523162842,94.43999481201172,0,0,0,True,,,,
1776723463,797783360,,12.219999313354492,0.0,0.0,0.0,0.0,1.7999999523162842,95.54999542236328,0,0,0,True,,,,
1776723463,847720394,,12.1899995803833,0.0,0.0,0.0,0.0,1.7999999523162842,93.87999725341797,0,0,0,True,,,,
1776723463,897733556,,12.199999809265137,0.0,0.0,0.0,0.0,1.7999999523162842,94.43999481201172,0,0,0,True,,,,
1776723463,947728385,,12.199999809265137,0.0,0.0,0.0,0.0,1.7999999523162842,94.43999481201172,0,0,0,True,,,,
1776723463,997740677,,12.199999809265137,0.0,0.0,0.0,0.0,1.7999999523162842,94.43999481201172,0,0,0,True,,,,
1776723464,47801561,,12.199999809265137,0.0,0.0,0.0,0.0,1.7999999523162842,94.43999481201172,0,0,0,True,,,,
1776723464,97751039,,12.1899995803833,0.0,0.0,0.0,0.0,1.7999999523162842,93.87999725341797,0,0,0,True,,,,
1776723464,147717258,,12.199999809265137,0.0,0.0,0.0,0.0,1.7999999523162842,94.43999481201172,0,0,0,True,,,,
1776723464,197748513,,12.199999809265137,0.0,0.0,0.0,0.0,1.7999999523162842,94.43999481201172,0,0,0,True,,,,
1776723464,247677102,,12.199999809265137,0.0,0.0,0.0,0.0,1.7999999523162842,94.43999481201172,0,0,0,True,,,,
1776723464,297712616,,12.199999809265137,0.0,0.0,0.0,0.0,1.7999999523162842,94.43999481201172,0,0,0,True,,,,
1776723464,347735982,,12.199999809265137,0.0,0.0,0.0,0.0,1.7999999523162842,94.43999481201172,0,0,0,True,,,,
1776723464,397680035,,12.199999809265137,0.0,0.0,0.0,0.0,1.7999999523162842,94.43999481201172,0,0,0,True,,,,
1776723464,447752955,,12.199999809265137,0.0,0.0,0.0,0.0,1.7999999523162842,94.43999481201172,0,0,0,True,,,,
1776723464,497748433,,12.199999809265137,0.0,0.0,0.0,0.0,1.7999999523162842,94.43999481201172,0,0,0,True,,,,
1776723464,547741725,,12.199999809265137,0.0,0.0,0.0,0.0,1.7999999523162842,94.43999481201172,0,0,0,True,,,,
1776723464,597744110,,12.199999809265137,0.0,0.0,0.0,0.0,1.7999999523162842,94.43999481201172,0,0,0,True,,,,
1776723464,647732514,,12.199999809265137,0.0,0.0,0.0,0.0,1.7999999523162842,94.43999481201172,0,0,0,True,,,,
1776723464,697750435,,12.1899995803833,0.0,0.0,0.0,0.0,1.7999999523162842,93.87999725341797,0,0,0,True,,,,
1776723464,747708561,,12.1899995803833,0.0,0.0,0.0,0.0,1.7999999523162842,93.87999725341797,0,0,0,True,,,,
1776723464,797725001,,12.199999809265137,0.0,0.0,0.0,0.0,1.7999999523162842,94.43999481201172,0,0,0,True,,,,
1776723464,847687961,,12.199999809265137,0.0,0.0,0.0,0.0,1.7999999523162842,94.43999481201172,0,0,0,True,,,,
1776723464,897745530,,12.199999809265137,0.0,0.0,0.0,0.0,1.7999999523162842,94.43999481201172,0,0,0,True,,,,
1776723464,947707286,,12.199999809265137,0.0,0.0,0.0,0.0,1.7999999523162842,94.43999481201172,0,0,0,True,,,,
1776723464,997768947,,12.1899995803833,0.0,0.0,0.0,0.0,1.7999999523162842,93.87999725341797,0,0,0,True,,,,
1776723465,47743296,,12.199999809265137,0.0,0.0,0.0,0.0,1.7999999523162842,94.43999481201172,0,0,0,True,,,,
1776723465,97759551,,12.1899995803833,0.0,0.0,0.0,0.0,1.7999999523162842,93.87999725341797,0,0,0,True,,,,
1776723465,147701881,,12.1899995803833,0.0,0.0,0.0,0.0,1.7999999523162842,93.87999725341797,0,0,0,True,,,,
1776723465,197692358,,12.199999809265137,0.0,0.0,0.0,0.0,1.7999999523162842,94.43999481201172,0,0,0,True,,,,
1776723465,247754668,,12.1899995803833,0.0,0.0,0.0,0.0,1.7999999523162842,93.87999725341797,0,0,0,True,,,,
1776723465,297705276,,12.1899995803833,0.0,0.0,0.0,0.0,1.7999999523162842,93.87999725341797,0,0,0,True,,,,
1776723465,347731420,,12.1899995803833,0.0,0.0,0.0,0.0,1.7999999523162842,93.87999725341797,0,0,0,True,,,,
1776723465,397728804,,12.1899995803833,0.0,0.0,0.0,0.0,1.7999999523162842,93.87999725341797,0,0,0,True,,,,
1776723465,447720523,,12.199999809265137,0.0,0.0,0.0,0.0,1.7999999523162842,94.43999481201172,0,0,0,True,,,,
1776723465,497753277,,12.199999809265137,0.0,0.0,0.0,0.0,1.7999999523162842,94.43999481201172,0,0,0,True,,,,
1776723465,547738385,,12.1899995803833,0.0,0.0,0.0,0.0,1.7999999523162842,93.87999725341797,0,0,0,True,,,,
1776723465,597753806,,12.1899995803833,0.0,0.0,0.0,0.0,1.7999999523162842,93.87999725341797,0,0,0,True,,,,
1776723465,647724080,,12.1899995803833,0.0,0.0,0.0,0.0,1.7999999523162842,93.87999725341797,0,0,0,True,,,,
1776723465,697697169,,12.199999809265137,0.0,0.0,0.0,0.0,1.7999999523162842,94.43999481201172,0,0,0,True,,,,
1776723465,747726776,,12.1899995803833,0.0,0.0,0.0,0.0,1.7999999523162842,93.87999725341797,0,0,0,True,,,,
1776723465,797694328,,12.199999809265137,0.0,0.0,0.0,0.0,1.7999999523162842,94.43999481201172,0,0,0,True,,,,
1776723465,847710268,,12.199999809265137,0.0,0.0,0.0,0.0,1.7999999523162842,94.43999481201172,0,0,0,True,,,,
1776723465,897720523,,12.199999809265137,0.0,0.0,0.0,0.0,1.7999999523162842,94.43999481201172,0,0,0,True,,,,
1776723465,947707390,,12.199999809265137,0.0,0.0,0.0,0.0,1.7999999523162842,94.43999481201172,0,0,0,True,,,,
1776723465,997713978,,12.199999809265137,0.0,0.0,0.0,0.0,1.7999999523162842,94.43999481201172,0,0,0,True,,,,
1776723466,47722400,,12.199999809265137,0.0,0.0,0.0,0.0,1.7999999523162842,94.43999481201172,0,0,0,True,,,,
1776723466,97743432,,12.199999809265137,0.0,0.0,0.0,0.0,1.7999999523162842,94.43999481201172,0,0,0,True,,,,
1776723466,147695374,,12.199999809265137,0.0,0.0,0.0,0.0,1.7999999523162842,94.43999481201172,0,0,0,True,,,,
1776723466,197683888,,12.1899995803833,0.0,0.0,0.0,0.0,1.7999999523162842,93.87999725341797,0,0,0,True,,,,
1776723466,247709976,,12.199999809265137,0.0,0.0,0.0,0.0,1.7999999523162842,94.43999481201172,0,0,0,True,,,,
1776723466,297677843,,12.199999809265137,0.0,0.0,0.0,0.0,1.7999999523162842,94.43999481201172,0,0,0,True,,,,
1776723466,347682469,,12.199999809265137,0.0,0.0,0.0,0.0,1.7999999523162842,94.43999481201172,0,0,0,True,,,,
1776723466,397748704,,12.1899995803833,0.0,0.0,0.0,0.0,1.7999999523162842,93.87999725341797,0,0,0,True,,,,
1776723466,447715164,,12.1899995803833,0.0,0.0,0.0,0.0,1.7999999523162842,93.87999725341797,0,0,0,True,,,,
1776723466,497683623,,12.199999809265137,0.0,0.0,0.0,0.0,1.7999999523162842,94.43999481201172,0,0,0,True,,,,
1776723466,547789506,,12.199999809265137,0.0,0.0,0.0,0.0,1.7999999523162842,94.43999481201172,0,0,0,True,,,,
1776723466,597699004,,12.199999809265137,0.0,0.0,0.0,0.0,1.7999999523162842,94.43999481201172,0,0,0,True,,,,
1776723466,647724981,,12.1899995803833,0.0,0.0,0.0,0.0,1.7999999523162842,93.87999725341797,0,0,0,True,,,,
1776723466,697683292,,12.1899995803833,0.0,0.0,0.0,0.0,1.7999999523162842,93.87999725341797,0,0,0,True,,,,
1776723466,747716139,,12.199999809265137,0.0,0.0,0.0,0.0,1.7999999523162842,94.43999481201172,0,0,0,True,,,,
1776723466,797698321,,12.1899995803833,0.0,0.0,0.0,0.0,1.7999999523162842,93.87999725341797,0,0,0,True,,,,
1776723466,847709724,,12.199999809265137,0.0,0.0,0.0,0.0,1.7999999523162842,94.43999481201172,0,0,0,True,,,,
1776723466,897729386,,12.1899995803833,0.0,0.0,0.0,0.0,1.7999999523162842,93.87999725341797,0,0,0,True,,,,
1776723466,947691327,,12.199999809265137,0.0,0.0,0.0,0.0,1.7999999523162842,94.43999481201172,0,0,0,True,,,,
1776723466,997683101,,12.199999809265137,0.0,0.0,0.0,0.0,1.7999999523162842,94.43999481201172,0,0,0,True,,,,
1776723467,47729837,,12.1899995803833,0.0,0.0,0.0,0.0,1.7999999523162842,93.87999725341797,0,0,0,True,,,,
1776723467,97742277,,12.1899995803833,0.0,0.0,0.0,0.0,1.7999999523162842,93.87999725341797,0,0,0,True,,,,
1776723467,147667626,,12.199999809265137,0.0,0.0,0.0,0.0,1.7999999523162842,94.43999481201172,0,0,0,True,,,,
1776723467,197666733,,12.199999809265137,0.0,0.0,0.0,0.0,1.7999999523162842,94.43999481201172,0,0,0,True,,,,
1776723467,247720765,,12.199999809265137,0.0,0.0,0.0,0.0,1.7999999523162842,94.43999481201172,0,0,0,True,,,,
1776723467,297692613,,12.199999809265137,0.0,0.0,0.0,0.0,1.7999999523162842,94.43999481201172,0,0,0,True,,,,
1776723467,347675924,,12.199999809265137,0.0,0.0,0.0,0.0,1.7999999523162842,94.43999481201172,0,0,0,True,,,,
1776723467,397679642,,12.1899995803833,0.0,0.0,0.0,0.0,1.7999999523162842,93.87999725341797,0,0,0,True,,,,
1776723467,447696101,,12.199999809265137,0.0,0.0,0.0,0.0,1.7999999523162842,94.43999481201172,0,0,0,True,,,,
1776723467,497633561,,12.199999809265137,0.0,0.0,0.0,0.0,1.7999999523162842,94.43999481201172,0,0,0,True,,,,
1776723467,547715722,,12.199999809265137,0.0,0.0,0.0,0.0,1.7999999523162842,94.43999481201172,0,0,0,True,,,,
1776723467,597826365,,12.199999809265137,0.0,0.0,0.0,0.0,1.7999999523162842,94.43999481201172,0,0,0,True,,,,
1776723467,647681789,,12.1899995803833,0.0,0.0,0.0,0.0,1.7999999523162842,93.87999725341797,0,0,0,True,,,,
1776723467,697757709,,12.199999809265137,0.0,0.0,0.0,0.0,1.7999999523162842,94.43999481201172,0,0,0,True,,,,
1776723467,747701410,,12.199999809265137,0.0,0.0,0.0,0.0,1.7999999523162842,94.43999481201172,0,0,0,True,,,,
1776723467,797705998,,12.199999809265137,0.0,0.0,0.0,0.0,1.7999999523162842,94.43999481201172,0,0,0,True,,,,
1776723467,847657865,,12.1899995803833,0.0,0.0,0.0,0.0,1.7999999523162842,93.87999725341797,0,0,0,True,,,,
1776723467,897708657,,12.1899995803833,0.0,0.0,0.0,0.0,1.7999999523162842,93.87999725341797,0,0,0,True,,,,
1776723467,947648617,,12.1899995803833,0.0,0.0,0.0,0.0,1.7999999523162842,93.87999725341797,0,0,0,True,,,,
1776723467,997699871,,12.1899995803833,0.0,0.0,0.0,0.0,1.7999999523162842,93.87999725341797,0,0,0,True,,,,
1776723468,47725941,,12.199999809265137,0.0,0.0,0.0,0.0,1.7999999523162842,94.43999481201172,0,0,0,True,,,,
1776723468,97710215,,12.199999809265137,0.0,0.0,0.0,0.0,1.7999999523162842,94.43999481201172,0,0,0,True,,,,
1776723468,147685841,,12.1899995803833,0.0,0.0,0.0,0.0,1.7999999523162842,93.87999725341797,0,0,0,True,,,,
1776723468,197696077,,12.1899995803833,0.0,0.0,0.0,0.0,1.7999999523162842,93.87999725341797,0,0,0,True,,,,
1776723468,247704425,,12.219999313354492,0.0,0.0,0.0,0.0,1.7999999523162842,95.54999542236328,0,0,0,True,,,,
1776723468,297628126,,12.1899995803833,0.0,0.0,0.0,0.0,1.7999999523162842,93.87999725341797,0,0,0,True,,,,
1776723468,347649473,,12.1899995803833,0.0,0.0,0.0,0.0,1.7999999523162842,93.87999725341797,0,0,0,True,,,,
1776723468,397656913,,12.1899995803833,0.0,0.0,0.0,0.0,1.7999999523162842,93.87999725341797,0,0,0,True,,,,
1776723468,447674353,,12.1899995803833,0.0,0.0,0.0,0.0,1.7999999523162842,93.87999725341797,0,0,0,True,,,,
1776723468,497659424,,12.199999809265137,0.0,0.0,0.0,0.0,1.7999999523162842,94.43999481201172,0,0,0,True,,,,
1776723468,547681067,,12.1899995803833,0.0,0.0,0.0,0.0,1.7999999523162842,93.87999725341797,0,0,0,True,,,,
1776723468,597701785,,12.1899995803833,0.0,0.0,0.0,0.0,1.7999999523162842,93.87999725341797,0,0,0,True,,,,
1776723468,647680763,,12.1899995803833,0.0,0.0,0.0,0.0,1.7999999523162842,93.87999725341797,0,0,0,True,,,,
1776723468,697671555,,12.1899995803833,0.0,0.0,0.0,0.0,1.7999999523162842,93.87999725341797,0,0,0,True,,,,
1776723468,747695273,,12.199999809265137,0.0,0.0,0.0,0.0,1.7999999523162842,94.43999481201172,0,0,0,True,,,,
1776723468,797716639,,12.1899995803833,0.0,0.0,0.0,0.0,1.7999999523162842,93.87999725341797,0,0,0,True,,,,
1776723468,847765653,,12.1899995803833,0.0,0.0,0.0,0.0,1.7999999523162842,93.87999725341797,0,0,0,True,,,,
1776723468,897663058,,12.199999809265137,0.0,0.0,0.0,0.0,1.7999999523162842,94.43999481201172,0,0,0,True,,,,
1776723468,947723627,,12.199999809265137,0.0,0.0,0.0,0.0,1.7999999523162842,94.43999481201172,0,0,0,True,,,,
1776723468,997663327,,12.1899995803833,0.0,0.0,0.0,0.0,1.7999999523162842,93.87999725341797,0,0,0,True,,,,
1776723469,47661064,,12.199999809265137,0.0,0.0,0.0,0.0,1.7999999523162842,94.43999481201172,0,0,0,True,,,,
1776723469,97674597,,12.1899995803833,0.0,0.0,0.0,0.0,1.7999999523162842,93.87999725341797,0,0,0,True,,,,
1776723469,147660149,,12.1899995803833,0.0,0.0,0.0,0.0,1.7999999523162842,93.87999725341797,0,0,0,True,,,,
1776723469,197640886,,12.1899995803833,0.0,0.0,0.0,0.0,1.7999999523162842,93.87999725341797,0,0,0,True,,,,
1776723469,247677770,,12.199999809265137,0.0,0.0,0.0,0.0,1.7999999523162842,94.43999481201172,0,0,0,True,,,,
1776723469,297662451,,12.1899995803833,0.0,0.0,0.0,0.0,1.7999999523162842,93.87999725341797,0,0,0,True,,,,
1776723469,347681113,,12.199999809265137,0.0,0.0,0.0,0.0,1.7999999523162842,94.43999481201172,0,0,0,True,,,,
1776723469,397627666,,12.1899995803833,0.0,0.0,0.0,0.0,1.7999999523162842,93.87999725341797,0,0,0,True,,,,
1776723469,447649939,,12.199999809265137,0.0,0.0,0.0,0.0,1.7999999523162842,94.43999481201172,0,0,0,True,,,,
1776723469,497647157,,12.199999809265137,0.0,0.0,0.0,0.0,1.7999999523162842,94.43999481201172,0,0,0,True,,,,
1776723469,547665431,,12.199999809265137,0.0,0.0,0.0,0.0,1.7999999523162842,94.43999481201172,0,0,0,True,,,,
1776723469,597639890,,12.1899995803833,0.0,0.0,0.0,0.0,1.7999999523162842,93.87999725341797,0,0,0,True,,,,
1776723469,647646164,,12.1899995803833,0.0,0.0,0.0,0.0,1.7999999523162842,93.87999725341797,0,0,0,True,,,,
1776723469,697651326,,12.1899995803833,0.0,0.0,0.0,0.0,1.7999999523162842,93.87999725341797,0,0,0,True,,,,
1776723469,747621471,,12.199999809265137,0.0,0.0,0.0,0.0,1.7999999523162842,94.43999481201172,0,0,0,True,,,,
1776723469,797730984,,12.199999809265137,0.0,0.0,0.0,0.0,1.7999999523162842,94.43999481201172,0,0,0,True,,,,
1776723469,847718776,,12.199999809265137,0.0,0.0,0.0,0.0,1.7999999523162842,94.43999481201172,0,0,0,True,,,,
1776723469,897668199,,12.199999809265137,0.0,0.0,0.0,0.0,1.7999999523162842,94.43999481201172,0,0,0,True,,,,
1776723469,947669694,,12.199999809265137,0.0,0.0,0.0,0.0,1.7999999523162842,94.43999481201172,0,0,0,True,,,,
1776723469,997651876,,12.1899995803833,0.0,0.0,0.0,0.0,1.7999999523162842,93.87999725341797,0,0,0,True,,,,
1776723470,47648964,,12.199999809265137,0.0,0.0,0.0,0.0,1.7999999523162842,94.43999481201172,0,0,0,True,,,,
1776723470,97658479,,12.1899995803833,0.0,0.0,0.0,0.0,1.7999999523162842,93.87999725341797,0,0,0,True,,,,
1776723470,147675289,,12.199999809265137,0.0,0.0,0.0,0.0,1.7999999523162842,94.43999481201172,0,0,0,True,,,,
1776723470,197616305,,12.1899995803833,0.0,0.0,0.0,0.0,1.7999999523162842,93.87999725341797,0,0,0,True,,,,
1776723470,247721669,,12.199999809265137,0.0,0.0,0.0,0.0,1.7999999523162842,94.43999481201172,0,0,0,True,,,,
1776723470,297627574,,12.1899995803833,0.0,0.0,0.0,0.0,1.7999999523162842,93.87999725341797,0,0,0,True,,,,
1776723470,347630422,,12.199999809265137,0.0,0.0,0.0,0.0,1.7999999523162842,94.43999481201172,0,0,0,True,,,,
1776723470,397662158,,12.199999809265137,0.0,0.0,0.0,0.0,1.7999999523162842,94.43999481201172,0,0,0,True,,,,
1776723470,447620599,,12.1899995803833,0.0,0.0,0.0,0.0,1.7999999523162842,93.87999725341797,0,0,0,True,,,,
1776723470,497645409,,12.199999809265137,0.0,0.0,0.0,0.0,1.7999999523162842,94.43999481201172,0,0,0,True,,,,
1776723470,547616609,,12.199999809265137,0.0,0.0,0.0,0.0,1.7999999523162842,94.43999481201172,0,0,0,True,,,,
1776723470,597693512,,12.199999809265137,0.0,0.0,0.0,0.0,1.7999999523162842,94.43999481201172,0,0,0,True,,,,
1776723470,647630101,,12.1899995803833,0.0,0.0,0.0,0.0,1.7999999523162842,93.87999725341797,0,0,0,True,,,,
1776723470,697610708,,12.199999809265137,0.0,0.0,0.0,0.0,1.7999999523162842,94.43999481201172,0,0,0,True,,,,
1776723470,747598871,,12.199999809265137,0.0,0.0,0.0,0.0,1.7999999523162842,94.43999481201172,0,0,0,True,,,,
1776723470,797634163,,12.1899995803833,0.0,0.0,0.0,0.0,1.7999999523162842,93.87999725341797,0,0,0,True,,,,
1776723470,847646788,,12.1899995803833,0.0,0.0,0.0,0.0,1.7999999523162842,93.87999725341797,0,0,0,True,,,,
1776723470,897612581,,12.1899995803833,0.0,0.0,0.0,0.0,1.7999999523162842,93.87999725341797,0,0,0,True,,,,
1776723470,947645373,,12.1899995803833,0.0,0.0,0.0,0.0,1.7999999523162842,93.87999725341797,0,0,0,True,,,,
1776723470,997639406,,12.199999809265137,0.0,0.0,0.0,0.0,1.7999999523162842,94.43999481201172,0,0,0,True,,,,
1776723471,47636365,,12.199999809265137,0.0,0.0,0.0,0.0,1.7999999523162842,94.43999481201172,0,0,0,True,,,,
1776723471,97664638,,12.1899995803833,0.0,0.0,0.0,0.0,1.7999999523162842,93.87999725341797,0,0,0,True,,,,
1776723471,147612468,,12.1899995803833,0.0,0.0,0.0,0.0,1.7999999523162842,93.87999725341797,0,0,0,True,,,,
1776723471,197613742,,12.199999809265137,0.0,0.0,0.0,0.0,1.7999999523162842,94.43999481201172,0,0,0,True,,,,
1776723471,247637811,,12.199999809265137,0.0,0.0,0.0,0.0,1.7999999523162842,94.43999481201172,0,0,0,True,,,,
1776723471,297614419,,12.1899995803833,0.0,0.0,0.0,0.0,1.7999999523162842,93.87999725341797,0,0,0,True,,,,
1776723471,347632229,,12.199999809265137,0.0,0.0,0.0,0.0,1.7999999523162842,94.43999481201172,0,0,0,True,,,,
1776723471,397624855,,12.199999809265137,0.0,0.0,0.0,0.0,1.7999999523162842,94.43999481201172,0,0,0,True,,,,
1776723471,447730960,,12.1899995803833,0.0,0.0,0.0,0.0,1.7999999523162842,93.87999725341797,0,0,0,True,,,,
1776723471,497614032,,12.1899995803833,0.0,0.0,0.0,0.0,1.7999999523162842,93.87999725341797,0,0,0,True,,,,
1776723471,547603676,,12.1899995803833,0.0,0.0,0.0,0.0,1.7999999523162842,93.87999725341797,0,0,0,True,,,,
1776723471,597609580,,12.1899995803833,0.0,0.0,0.0,0.0,1.7999999523162842,93.87999725341797,0,0,0,True,,,,
1776723471,647638668,,12.170000076293945,0.0,0.0,0.0,0.0,1.7999999523162842,92.7699966430664,0,0,0,True,,,,
1776723471,697601127,,12.1899995803833,0.0,0.0,0.0,0.0,1.7999999523162842,93.87999725341797,0,0,0,True,,,,
1776723471,747591309,,12.1899995803833,0.0,0.0,0.0,0.0,1.7999999523162842,93.87999725341797,0,0,0,True,,,,
1776723471,797585508,,12.1899995803833,0.0,0.0,0.0,0.0,1.7999999523162842,93.87999725341797,0,0,0,True,,,,
1776723471,847602078,,12.1899995803833,0.0,0.0,0.0,0.0,1.7999999523162842,93.87999725341797,0,0,0,True,,,,
1776723471,897614074,,12.1899995803833,0.0,0.0,0.0,0.0,1.7999999523162842,93.87999725341797,0,0,0,True,,,,
1776723471,947612718,,12.1899995803833,0.0,0.0,0.0,0.0,1.7999999523162842,93.87999725341797,0,0,0,True,,,,
1776723471,997608362,,12.1899995803833,0.0,0.0,0.0,0.0,1.7999999523162842,93.87999725341797,0,0,0,True,,,,
1776723472,47649968,,12.199999809265137,0.0,0.0,0.0,0.0,1.7999999523162842,94.43999481201172,0,0,0,True,,,,
1776723472,97668538,,12.1899995803833,0.0,0.0,0.0,0.0,1.7999999523162842,93.87999725341797,0,0,0,True,,,,
1776723472,147646997,,12.199999809265137,0.0,0.0,0.0,0.0,1.7999999523162842,94.43999481201172,0,0,0,True,,,,
1776723472,197578383,,12.199999809265137,0.0,0.0,0.0,0.0,1.7999999523162842,94.43999481201172,0,0,0,True,,,,
1776723472,247649767,,12.199999809265137,0.0,0.0,0.0,0.0,1.7999999523162842,94.43999481201172,0,0,0,True,,,,
1776723472,297635893,,12.199999809265137,0.0,0.0,0.0,0.0,1.7999999523162842,94.43999481201172,0,0,0,True,,,,
1776723472,347639370,,12.199999809265137,0.0,0.0,0.0,0.0,1.7999999523162842,94.43999481201172,0,0,0,True,,,,
1776723472,397599885,,12.1899995803833,0.0,0.0,0.0,0.0,1.7999999523162842,93.87999725341797,0,0,0,True,,,,
1776723472,447586307,,12.1899995803833,0.0,0.0,0.0,0.0,1.7999999523162842,93.87999725341797,0,0,0,True,,,,
1776723472,497604877,,12.199999809265137,0.0,0.0,0.0,0.0,1.7999999523162842,94.43999481201172,0,0,0,True,,,,
1776723472,547676446,,12.1899995803833,0.0,0.0,0.0,0.0,1.7999999523162842,93.87999725341797,0,0,0,True,,,,
1776723472,597595073,,12.199999809265137,0.0,0.0,0.0,0.0,1.7999999523162842,94.43999481201172,0,0,0,True,,,,
1776723472,647582254,,12.1899995803833,0.0,0.0,0.0,0.0,1.7999999523162842,93.87999725341797,0,0,0,True,,,,
1776723472,697573787,,12.199999809265137,0.0,0.0,0.0,0.0,1.7999999523162842,94.43999481201172,0,0,0,True,,,,
1776723472,747587616,,12.1899995803833,0.0,0.0,0.0,0.0,1.7999999523162842,93.87999725341797,0,0,0,True,,,,
1776723472,797595723,,12.199999809265137,0.0,0.0,0.0,0.0,1.7999999523162842,94.43999481201172,0,0,0,True,,,,
1776723472,847620608,,12.199999809265137,0.0,0.0,0.0,0.0,1.7999999523162842,94.43999481201172,0,0,0,True,,,,
1776723472,897590604,,12.1899995803833,0.0,0.0,0.0,0.0,1.7999999523162842,93.87999725341797,0,0,0,True,,,,
1776723472,947618562,,12.199999809265137,0.0,0.0,0.0,0.0,1.7999999523162842,94.43999481201172,0,0,0,True,,,,
1776723472,997587874,,12.199999809265137,0.0,0.0,0.0,0.0,1.7999999523162842,94.43999481201172,0,0,0,True,,,,
1776723473,47679053,,12.1899995803833,0.0,0.0,0.0,0.0,1.7999999523162842,93.87999725341797,0,0,0,True,,,,
1776723473,97613161,,12.1899995803833,0.0,0.0,0.0,0.0,1.7999999523162842,93.87999725341797,0,0,0,True,,,,
1776723473,147596343,,12.199999809265137,0.0,0.0,0.0,0.0,1.7999999523162842,94.43999481201172,0,0,0,True,,,,
1776723473,197625005,,12.199999809265137,0.0,0.0,0.0,0.0,1.7999999523162842,94.43999481201172,0,0,0,True,,,,
1776723473,247568150,,12.1899995803833,0.0,0.0,0.0,0.0,1.7999999523162842,93.87999725341797,0,0,0,True,,,,
1776723473,297647552,,12.1899995803833,0.0,0.0,0.0,0.0,1.7999999523162842,93.87999725341797,0,0,0,True,,,,
1776723473,347605863,,12.199999809265137,0.0,0.0,0.0,0.0,1.7999999523162842,94.43999481201172,0,0,0,True,,,,
1776723473,397629711,,12.199999809265137,0.0,0.0,0.0,0.0,1.7999999523162842,94.43999481201172,0,0,0,True,,,,
1776723473,447622022,,12.199999809265137,0.0,0.0,0.0,0.0,1.7999999523162842,94.43999481201172,0,0,0,True,,,,
1776723473,497628518,,12.1899995803833,0.0,0.0,0.0,0.0,1.7999999523162842,93.87999725341797,0,0,0,True,,,,
1776723473,547571033,,12.199999809265137,0.0,0.0,0.0,0.0,1.7999999523162842,94.43999481201172,0,0,0,True,,,,
1776723473,597643954,,12.199999809265137,0.0,0.0,0.0,0.0,1.7999999523162842,94.43999481201172,0,0,0,True,,,,
1776723473,647594191,,12.1899995803833,0.0,0.0,0.0,0.0,1.7999999523162842,93.87999725341797,0,0,0,True,,,,
1776723473,697676315,,12.1899995803833,0.0,0.0,0.0,0.0,1.7999999523162842,93.87999725341797,0,0,0,True,,,,
1776723473,747609146,,12.199999809265137,0.0,0.0,0.0,0.0,1.7999999523162842,94.43999481201172,0,0,0,True,,,,
1776723473,797579549,,12.1899995803833,0.0,0.0,0.0,0.0,1.7999999523162842,93.87999725341797,0,0,0,True,,,,
1776723473,847593953,,12.199999809265137,0.0,0.0,0.0,0.0,1.7999999523162842,94.43999481201172,0,0,0,True,,,,
1776723473,897556968,,12.199999809265137,0.0,0.0,0.0,0.0,1.7999999523162842,94.43999481201172,0,0,0,True,,,,
1776723473,947570093,,12.1899995803833,0.0,0.0,0.0,0.0,1.7999999523162842,93.87999725341797,0,0,0,True,,,,
1776723473,997645347,,12.199999809265137,0.0,0.0,0.0,0.0,1.7999999523162842,94.43999481201172,0,0,0,True,,,,
1776723474,47621251,,12.199999809265137,0.0,0.0,0.0,0.0,1.7999999523162842,94.43999481201172,0,0,0,True,,,,
1776723474,97654209,,12.199999809265137,0.0,0.0,0.0,0.0,1.7999999523162842,94.43999481201172,0,0,0,True,,,,
1776723474,147561077,,12.1899995803833,0.0,0.0,0.0,0.0,1.7999999523162842,93.87999725341797,0,0,0,True,,,,
1776723474,197597702,,12.1899995803833,0.0,0.0,0.0,0.0,1.7999999523162842,93.87999725341797,0,0,0,True,,,,
1776723474,247622864,,12.199999809265137,0.0,0.0,0.0,0.0,1.7999999523162842,94.43999481201172,0,0,0,True,,,,
1776723474,297605231,,12.199999809265137,0.0,0.0,0.0,0.0,1.7999999523162842,94.43999481201172,0,0,0,True,,,,
1776723474,347597356,,12.1899995803833,0.0,0.0,0.0,0.0,1.7999999523162842,93.87999725341797,0,0,0,True,,,,
1776723474,397569797,,12.199999809265137,0.0,0.0,0.0,0.0,1.7999999523162842,94.43999481201172,0,0,0,True,,,,
1776723474,447505109,,12.199999809265137,0.0,0.0,0.0,0.0,1.7999999523162842,94.43999481201172,0,0,0,True,,,,
1776723474,497610622,,12.199999809265137,0.0,0.0,0.0,0.0,1.7999999523162842,94.43999481201172,0,0,0,True,,,,
1776723474,547580266,,12.1899995803833,0.0,0.0,0.0,0.0,1.7999999523162842,93.87999725341797,0,0,0,True,,,,
1776723474,597617650,,12.199999809265137,0.0,0.0,0.0,0.0,1.7999999523162842,94.43999481201172,0,0,0,True,,,,
1776723474,647579073,,12.199999809265137,0.0,0.0,0.0,0.0,1.7999999523162842,94.43999481201172,0,0,0,True,,,,
1776723474,697599809,,12.1899995803833,0.0,0.0,0.0,0.0,1.7999999523162842,93.87999725341797,0,0,0,True,,,,
1776723474,747566269,,12.199999809265137,0.0,0.0,0.0,0.0,1.7999999523162842,94.43999481201172,0,0,0,True,,,,
1776723474,797617912,,12.1899995803833,0.0,0.0,0.0,0.0,1.7999999523162842,93.87999725341797,0,0,0,True,,,,
1776723474,847690370,,12.199999809265137,0.0,0.0,0.0,0.0,1.7999999523162842,94.43999481201172,0,0,0,True,,,,
1776723474,897565886,,12.1899995803833,0.0,0.0,0.0,0.0,1.7999999523162842,93.87999725341797,0,0,0,True,,,,
1776723474,947583011,,12.199999809265137,0.0,0.0,0.0,0.0,1.7999999523162842,94.43999481201172,0,0,0,True,,,,
1776723474,997579341,,12.1899995803833,0.0,0.0,0.0,0.0,1.7999999523162842,93.87999725341797,0,0,0,True,,,,
1776723475,47593392,,12.1899995803833,0.0,0.0,0.0,0.0,1.7999999523162842,93.87999725341797,0,0,0,True,,,,
1776723475,97662405,,12.1899995803833,0.0,0.0,0.0,0.0,1.7999999523162842,93.87999725341797,0,0,0,True,,,,
1776723475,147558421,,12.199999809265137,0.0,0.0,0.0,0.0,1.7999999523162842,94.43999481201172,0,0,0,True,,,,
1776723475,197521640,,12.199999809265137,0.0,0.0,0.0,0.0,1.7999999523162842,94.43999481201172,0,0,0,True,,,,
1776723475,247583580,,12.199999809265137,0.0,0.0,0.0,0.0,1.7999999523162842,94.43999481201172,0,0,0,True,,,,
1776723475,297593575,,12.199999809265137,0.0,0.0,0.0,0.0,1.7999999523162842,94.43999481201172,0,0,0,True,,,,
1776723475,347565794,,12.199999809265137,0.0,0.0,0.0,0.0,1.7999999523162842,94.43999481201172,0,0,0,True,,,,
1776723475,397543420,,12.199999809265137,0.0,0.0,0.0,0.0,1.7999999523162842,94.43999481201172,0,0,0,True,,,,
1776723475,447560767,,12.199999809265137,0.0,0.0,0.0,0.0,1.7999999523162842,94.43999481201172,0,0,0,True,,,,
1776723475,497557634,,12.199999809265137,0.0,0.0,0.0,0.0,1.7999999523162842,94.43999481201172,0,0,0,True,,,,
1776723475,547539408,,12.199999809265137,0.0,0.0,0.0,0.0,1.7999999523162842,94.43999481201172,0,0,0,True,,,,
1776723475,597578181,,12.1899995803833,0.0,0.0,0.0,0.0,1.7999999523162842,93.87999725341797,0,0,0,True,,,,
1776723475,647540585,,12.1899995803833,0.0,0.0,0.0,0.0,1.7999999523162842,93.87999725341797,0,0,0,True,,,,
1776723475,697544766,,12.1899995803833,0.0,0.0,0.0,0.0,1.7999999523162842,93.87999725341797,0,0,0,True,,,,
1776723475,747583743,,12.1899995803833,0.0,0.0,0.0,0.0,1.7999999523162842,93.87999725341797,0,0,0,True,,,,
1776723475,797561739,,12.199999809265137,0.0,0.0,0.0,0.0,1.7999999523162842,94.43999481201172,0,0,0,True,,,,
1776723475,847548383,,12.199999809265137,0.0,0.0,0.0,0.0,1.7999999523162842,94.43999481201172,0,0,0,True,,,,
1776723475,897532990,,12.199999809265137,0.0,0.0,0.0,0.0,1.7999999523162842,94.43999481201172,0,0,0,True,,,,
1776723475,947552060,,12.199999809265137,0.0,0.0,0.0,0.0,1.7999999523162842,94.43999481201172,0,0,0,True,,,,
1776723475,997617944,,12.1899995803833,0.0,0.0,0.0,0.0,1.7999999523162842,93.87999725341797,0,0,0,True,,,,
1776723476,47512090,,12.199999809265137,0.0,0.0,0.0,0.0,1.7999999523162842,94.43999481201172,0,0,0,True,,,,
1776723476,97567381,,12.1899995803833,0.0,0.0,0.0,0.0,1.7999999523162842,93.87999725341797,0,0,0,True,,,,
1776723476,147568136,,12.199999809265137,0.0,0.0,0.0,0.0,1.7999999523162842,94.43999481201172,0,0,0,True,,,,
1776723476,197581243,,12.199999809265137,0.0,0.0,0.0,0.0,1.7999999523162842,94.43999481201172,0,0,0,True,,,,
1776723476,247550462,,12.199999809265137,0.0,0.0,0.0,0.0,1.7999999523162842,94.43999481201172,0,0,0,True,,,,
1776723476,297563569,,12.1899995803833,0.0,0.0,0.0,0.0,1.7999999523162842,93.87999725341797,0,0,0,True,,,,
1776723476,347522843,,12.1899995803833,0.0,0.0,0.0,0.0,1.7999999523162842,93.87999725341797,0,0,0,True,,,,
1776723476,397528579,,12.199999809265137,0.0,0.0,0.0,0.0,1.7999999523162842,94.43999481201172,0,0,0,True,,,,
1776723476,447531520,,12.1899995803833,0.0,0.0,0.0,0.0,1.7999999523162842,93.87999725341797,0,0,0,True,,,,
1776723476,497592515,,12.199999809265137,0.0,0.0,0.0,0.0,1.7999999523162842,94.43999481201172,0,0,0,True,,,,
1776723476,547567567,,12.1899995803833,0.0,0.0,0.0,0.0,1.7999999523162842,93.87999725341797,0,0,0,True,,,,
1776723476,597584636,,12.1899995803833,0.0,0.0,0.0,0.0,1.7999999523162842,93.87999725341797,0,0,0,True,,,,
1776723476,647526207,,12.199999809265137,0.0,0.0,0.0,0.0,1.7999999523162842,94.43999481201172,0,0,0,True,,,,
1776723476,697565536,,12.1899995803833,0.0,0.0,0.0,0.0,1.7999999523162842,93.87999725341797,0,0,0,True,,,,
1776723476,747587828,,12.1899995803833,0.0,0.0,0.0,0.0,1.7999999523162842,93.87999725341797,0,0,0,True,,,,
1776723476,797532084,,12.1899995803833,0.0,0.0,0.0,0.0,1.7999999523162842,93.87999725341797,0,0,0,True,,,,
1776723476,847550339,,12.1899995803833,0.0,0.0,0.0,0.0,1.7999999523162842,93.87999725341797,0,0,0,True,,,,
1776723476,897564131,,12.1899995803833,0.0,0.0,0.0,0.0,1.7999999523162842,93.87999725341797,0,0,0,True,,,,
1776723476,947507831,,12.199999809265137,0.0,0.0,0.0,0.0,1.7999999523162842,94.43999481201172,0,0,0,True,,,,
1776723476,997536401,,12.1899995803833,0.0,0.0,0.0,0.0,1.7999999523162842,93.87999725341797,0,0,0,True,,,,
1776723477,47589470,,12.1899995803833,0.0,0.0,0.0,0.0,1.7999999523162842,93.87999725341797,0,0,0,True,,,,
1776723477,97565355,,12.170000076293945,0.0,0.0,0.0,0.0,1.7999999523162842,92.7699966430664,0,0,0,True,,,,
1776723477,147644183,,12.1899995803833,0.0,0.0,0.0,0.0,1.7999999523162842,93.87999725341797,0,0,0,True,,,,
1776723477,197565755,,12.1899995803833,0.0,0.0,0.0,0.0,1.7999999523162842,93.87999725341797,0,0,0,True,,,,
1776723477,247550158,,12.1899995803833,0.0,0.0,0.0,0.0,1.7999999523162842,93.87999725341797,0,0,0,True,,,,
1776723477,297548747,,12.1899995803833,0.0,0.0,0.0,0.0,1.7999999523162842,93.87999725341797,0,0,0,True,,,,
1776723477,347550057,,12.1899995803833,0.0,0.0,0.0,0.0,1.7999999523162842,93.87999725341797,0,0,0,True,,,,
1776723477,397594034,,12.1899995803833,0.0,0.0,0.0,0.0,1.7999999523162842,93.87999725341797,0,0,0,True,,,,
1776723477,447556179,,12.1899995803833,0.0,0.0,0.0,0.0,1.7999999523162842,93.87999725341797,0,0,0,True,,,,
1776723477,497603470,,12.1899995803833,0.0,0.0,0.0,0.0,1.7999999523162842,93.87999725341797,0,0,0,True,,,,
1776723477,547575874,,12.1899995803833,0.0,0.0,0.0,0.0,1.7999999523162842,93.87999725341797,0,0,0,True,,,,
1776723477,597528630,,12.1899995803833,0.0,0.0,0.0,0.0,1.7999999523162842,93.87999725341797,0,0,0,True,,,,
1776723477,647713864,,12.1899995803833,0.0,0.0,0.0,0.0,1.7999999523162842,93.87999725341797,0,0,0,True,,,,
1776723477,697522715,,12.1899995803833,0.0,0.0,0.0,0.0,1.7999999523162842,93.87999725341797,0,0,0,True,,,,
1776723477,747537525,,12.1899995803833,0.0,0.0,0.0,0.0,1.7999999523162842,93.87999725341797,0,0,0,True,,,,
1776723477,797570909,,12.1899995803833,0.0,0.0,0.0,0.0,1.7999999523162842,93.87999725341797,0,0,0,True,,,,
1776723477,847550998,,12.1899995803833,0.0,0.0,0.0,0.0,1.7999999523162842,93.87999725341797,0,0,0,True,,,,
1776723477,897549494,,12.1899995803833,0.0,0.0,0.0,0.0,1.7999999523162842,93.87999725341797,0,0,0,True,,,,
1776723477,947516250,,12.1899995803833,0.0,0.0,0.0,0.0,1.7999999523162842,93.87999725341797,0,0,0,True,,,,
1776723477,997553893,,12.1899995803833,0.0,0.0,0.0,0.0,1.7999999523162842,93.87999725341797,0,0,0,True,,,,
1776723478,47505316,,12.1899995803833,0.0,0.0,0.0,0.0,1.7999999523162842,93.87999725341797,0,0,0,True,,,,
1776723478,97506404,,12.170000076293945,0.0,0.0,0.0,0.0,1.7999999523162842,92.7699966430664,0,0,0,True,,,,
1776723478,147576103,,12.1899995803833,0.0,0.0,0.0,0.0,1.7999999523162842,93.87999725341797,0,0,0,True,,,,
1776723478,197516341,,12.170000076293945,0.0,0.0,0.0,0.0,1.7999999523162842,92.7699966430664,0,0,0,True,,,,
1776723478,247529577,,12.1899995803833,0.0,0.0,0.0,0.0,1.7999999523162842,93.87999725341797,0,0,0,True,,,,
1776723478,297535554,,12.170000076293945,0.0,0.0,0.0,0.0,1.7999999523162842,92.7699966430664,0,0,0,True,,,,
1776723478,347512143,,12.1899995803833,0.0,0.0,0.0,0.0,1.7999999523162842,93.87999725341797,0,0,0,True,,,,
1776723478,397523861,,12.1899995803833,0.0,0.0,0.0,0.0,1.7999999523162842,93.87999725341797,0,0,0,True,,,,
1776723478,447525154,,12.1899995803833,0.0,0.0,0.0,0.0,1.7999999523162842,93.87999725341797,0,0,0,True,,,,
1776723478,497535797,,12.1899995803833,0.0,0.0,0.0,0.0,1.7999999523162842,93.87999725341797,0,0,0,True,,,,
1776723478,547583107,,12.1899995803833,0.0,0.0,0.0,0.0,1.7999999523162842,93.87999725341797,0,0,0,True,,,,
1776723478,597543085,,12.1899995803833,0.0,0.0,0.0,0.0,1.7999999523162842,93.87999725341797,0,0,0,True,,,,
1776723478,647530415,,12.1899995803833,0.0,0.0,0.0,0.0,1.7999999523162842,93.87999725341797,0,0,0,True,,,,
1776723478,697527096,,12.1899995803833,0.0,0.0,0.0,0.0,1.7999999523162842,93.87999725341797,0,0,0,True,,,,
1776723478,747492815,,12.1899995803833,0.0,0.0,0.0,0.0,1.7999999523162842,93.87999725341797,0,0,0,True,,,,
1776723478,797519755,,12.1899995803833,0.0,0.0,0.0,0.0,1.7999999523162842,93.87999725341797,0,0,0,True,,,,
1776723478,847528028,,12.149999618530273,0.0,0.0,0.0,0.0,1.7999999523162842,91.65999603271484,0,0,0,True,,,,
1776723478,897471118,,12.1899995803833,0.0,0.0,0.0,0.0,1.7999999523162842,93.87999725341797,0,0,0,True,,,,
1776723478,947503909,,12.1899995803833,0.0,0.0,0.0,0.0,1.7999999523162842,93.87999725341797,0,0,0,True,,,,
1776723478,997536479,,12.1899995803833,0.0,0.0,0.0,0.0,1.7999999523162842,93.87999725341797,0,0,0,True,,,,
1776723479,47523234,,12.1899995803833,0.0,0.0,0.0,0.0,1.7999999523162842,93.87999725341797,0,0,0,True,,,,
1776723479,97537989,,12.1899995803833,0.0,0.0,0.0,0.0,1.7999999523162842,93.87999725341797,0,0,0,True,,,,
1776723479,147519467,,12.1899995803833,0.0,0.0,0.0,0.0,1.7999999523162842,93.87999725341797,0,0,0,True,,,,
1776723479,197497482,,12.1899995803833,0.0,0.0,0.0,0.0,1.7999999523162842,93.87999725341797,0,0,0,True,,,,
1776723479,247530440,,12.1899995803833,0.0,0.0,0.0,0.0,1.7999999523162842,93.87999725341797,0,0,0,True,,,,
1776723479,297504677,,12.1899995803833,0.0,0.0,0.0,0.0,1.7999999523162842,93.87999725341797,0,0,0,True,,,,
1776723479,347509562,,12.1899995803833,0.0,0.0,0.0,0.0,1.7999999523162842,93.87999725341797,0,0,0,True,,,,
1776723479,397507743,,12.1899995803833,0.0,0.0,0.0,0.0,1.7999999523162842,93.87999725341797,0,0,0,True,,,,
1776723479,447515665,,12.170000076293945,0.0,0.0,0.0,0.0,1.7999999523162842,92.7699966430664,0,0,0,True,,,,
1776723479,497517216,,12.1899995803833,0.0,0.0,0.0,0.0,1.7999999523162842,93.87999725341797,0,0,0,True,,,,
1776723479,547501916,,12.1899995803833,0.0,0.0,0.0,0.0,1.7999999523162842,93.87999725341797,0,0,0,True,,,,
1776723479,597518245,,12.1899995803833,0.0,0.0,0.0,0.0,1.7999999523162842,93.87999725341797,0,0,0,True,,,,
1776723479,647528852,,12.1899995803833,0.0,0.0,0.0,0.0,1.7999999523162842,93.87999725341797,0,0,0,True,,,,
1776723479,697540607,,12.1899995803833,0.0,0.0,0.0,0.0,1.7999999523162842,93.87999725341797,0,0,0,True,,,,
1776723479,747482956,,12.1899995803833,0.0,0.0,0.0,0.0,1.7999999523162842,93.87999725341797,0,0,0,True,,,,
1776723479,797509785,,12.1899995803833,0.0,0.0,0.0,0.0,1.7999999523162842,93.87999725341797,0,0,0,True,,,,
1776723479,847520577,,12.1899995803833,0.0,0.0,0.0,0.0,1.7999999523162842,93.87999725341797,0,0,0,True,,,,
1776723479,897481592,,12.1899995803833,0.0,0.0,0.0,0.0,1.7999999523162842,93.87999725341797,0,0,0,True,,,,
1776723479,947498143,,12.1899995803833,0.0,0.0,0.0,0.0,1.7999999523162842,93.87999725341797,0,0,0,True,,,,
1776723479,997477454,,12.1899995803833,0.0,0.0,0.0,0.0,1.7999999523162842,93.87999725341797,0,0,0,True,,,,
1776723480,47500301,,12.1899995803833,0.0,0.0,0.0,0.0,1.7999999523162842,93.87999725341797,0,0,0,True,,,,
1776723480,97513427,,12.1899995803833,0.0,0.0,0.0,0.0,1.7999999523162842,93.87999725341797,0,0,0,True,,,,
1776723480,147489034,,12.1899995803833,0.0,0.0,0.0,0.0,1.7999999523162842,93.87999725341797,0,0,0,True,,,,
1776723480,197524437,,12.170000076293945,0.0,0.0,0.0,0.0,1.7999999523162842,92.7699966430664,0,0,0,True,,,,
1776723480,247540118,,12.1899995803833,0.0,0.0,0.0,0.0,1.7999999523162842,93.87999725341797,0,0,0,True,,,,
1776723480,297475837,,12.170000076293945,0.0,0.0,0.0,0.0,1.7999999523162842,92.7699966430664,0,0,0,True,,,,
1776723480,347504796,,12.1899995803833,0.0,0.0,0.0,0.0,1.7999999523162842,93.87999725341797,0,0,0,True,,,,
1776723480,397520884,,12.199999809265137,0.0,0.0,0.0,0.0,1.7999999523162842,94.43999481201172,0,0,0,True,,,,
1776723480,447468306,,12.199999809265137,0.0,0.0,0.0,0.0,1.7999999523162842,94.43999481201172,0,0,0,True,,,,
1776723480,497514172,,12.1899995803833,0.0,0.0,0.0,0.0,1.7999999523162842,93.87999725341797,0,0,0,True,,,,
1776723480,547510001,,12.199999809265137,0.0,0.0,0.0,0.0,1.7999999523162842,94.43999481201172,0,0,0,True,,,,
1776723480,597515942,,12.1899995803833,0.0,0.0,0.0,0.0,1.7999999523162842,93.87999725341797,0,0,0,True,,,,
1776723480,647520826,,12.199999809265137,0.0,0.0,0.0,0.0,1.7999999523162842,94.43999481201172,0,0,0,True,,,,
1776723480,697501100,,12.1899995803833,0.0,0.0,0.0,0.0,1.7999999523162842,93.87999725341797,0,0,0,True,,,,
1776723480,747502559,,12.1899995803833,0.0,0.0,0.0,0.0,1.7999999523162842,93.87999725341797,0,0,0,True,,,,
1776723480,797488611,,12.1899995803833,0.0,0.0,0.0,0.0,1.7999999523162842,93.87999725341797,0,0,0,True,,,,
1776723480,847591402,,12.1899995803833,0.0,0.0,0.0,0.0,1.7999999523162842,93.87999725341797,0,0,0,True,,,,
1776723480,897503677,,12.1899995803833,0.0,0.0,0.0,0.0,1.7999999523162842,93.87999725341797,0,0,0,True,,,,
1776723480,947459507,,12.1899995803833,0.0,0.0,0.0,0.0,1.7999999523162842,93.87999725341797,0,0,0,True,,,,
1776723480,997478762,,12.1899995803833,0.0,0.0,0.0,0.0,1.7999999523162842,93.87999725341797,0,0,0,True,,,,
1776723481,47451702,,12.1899995803833,0.0,0.0,0.0,0.0,1.7999999523162842,93.87999725341797,0,0,0,True,,,,
1776723481,97501198,,12.1899995803833,0.0,0.0,0.0,0.0,1.7999999523162842,93.87999725341797,0,0,0,True,,,,
1776723481,147520027,,12.1899995803833,0.0,0.0,0.0,0.0,1.7999999523162842,93.87999725341797,0,0,0,True,,,,
1776723481,197475227,,12.1899995803833,0.0,0.0,0.0,0.0,1.7999999523162842,93.87999725341797,0,0,0,True,,,,
1776723481,247438575,,12.170000076293945,0.0,0.0,0.0,0.0,1.7999999523162842,92.7699966430664,0,0,0,True,,,,
1776723481,297485682,,12.1899995803833,0.0,0.0,0.0,0.0,1.7999999523162842,93.87999725341797,0,0,0,True,,,,
1776723481,347515844,,12.1899995803833,0.0,0.0,0.0,0.0,1.7999999523162842,93.87999725341797,0,0,0,True,,,,
1776723481,397437119,,12.1899995803833,0.0,0.0,0.0,0.0,1.7999999523162842,93.87999725341797,0,0,0,True,,,,
1776723481,447562927,,12.1899995803833,0.0,0.0,0.0,0.0,1.7999999523162842,93.87999725341797,0,0,0,True,,,,
1776723481,497463943,,12.170000076293945,0.0,0.0,0.0,0.0,1.7999999523162842,92.7699966430664,0,0,0,True,,,,
1776723481,547457125,,12.170000076293945,0.0,0.0,0.0,0.0,1.7999999523162842,92.7699966430664,0,0,0,True,,,,
1776723481,597373363,,12.170000076293945,0.0,0.0,0.0,0.0,1.7999999523162842,92.7699966430664,0,0,0,True,,,,
1776723481,647449635,,12.1899995803833,0.0,0.0,0.0,0.0,1.7999999523162842,93.87999725341797,0,0,0,True,,,,
1776723481,697450224,,12.170000076293945,0.0,0.0,0.0,0.0,1.7999999523162842,92.7699966430664,0,0,0,True,,,,
1776723481,747591588,,12.1899995803833,0.0,0.0,0.0,0.0,1.7999999523162842,93.87999725341797,0,0,0,True,,,,
1776723481,797454252,,12.170000076293945,0.0,0.0,0.0,0.0,1.7999999523162842,92.7699966430664,0,0,0,True,,,,
1776723481,847448508,,12.170000076293945,0.0,0.0,0.0,0.0,1.7999999523162842,92.7699966430664,0,0,0,True,,,,
1776723481,897447059,,12.170000076293945,0.0,0.0,0.0,0.0,1.7999999523162842,92.7699966430664,0,0,0,True,,,,
1776723481,947470703,,12.170000076293945,0.0,0.0,0.0,0.0,1.7999999523162842,92.7699966430664,0,0,0,True,,,,
1776723481,997502828,,12.170000076293945,0.0,0.0,0.0,0.0,1.7999999523162842,92.7699966430664,0,0,0,True,,,,
1776723482,47467510,,12.1899995803833,0.0,0.0,0.0,0.0,1.7999999523162842,93.87999725341797,0,0,0,True,,,,
1776723482,97442395,,12.1899995803833,0.0,0.0,0.0,0.0,1.7999999523162842,93.87999725341797,0,0,0,True,,,,
1776723482,147468927,,12.1899995803833,0.0,0.0,0.0,0.0,1.7999999523162842,93.87999725341797,0,0,0,True,,,,
1776723482,197461294,,12.1899995803833,0.0,0.0,0.0,0.0,1.7999999523162842,93.87999725341797,0,0,0,True,,,,
1776723482,247503456,,12.1899995803833,0.0,0.0,0.0,0.0,1.7999999523162842,93.87999725341797,0,0,0,True,,,,
1776723482,297450916,,12.170000076293945,0.0,0.0,0.0,0.0,1.7999999523162842,92.7699966430664,0,0,0,True,,,,
1776723482,347477078,,12.1899995803833,0.0,0.0,0.0,0.0,1.7999999523162842,93.87999725341797,0,0,0,True,,,,
1776723482,397457018,,12.1899995803833,0.0,0.0,0.0,0.0,1.7999999523162842,93.87999725341797,0,0,0,True,,,,
1776723482,447441996,,12.1899995803833,0.0,0.0,0.0,0.0,1.7999999523162842,93.87999725341797,0,0,0,True,,,,
1776723482,497467955,,12.1899995803833,0.0,0.0,0.0,0.0,1.7999999523162842,93.87999725341797,0,0,0,True,,,,
1776723482,547435099,,12.1899995803833,0.0,0.0,0.0,0.0,1.7999999523162842,93.87999725341797,0,0,0,True,,,,
1776723482,597434558,,12.199999809265137,0.0,0.0,0.0,0.0,1.7999999523162842,94.43999481201172,0,0,0,True,,,,
1776723482,647474053,,12.1899995803833,0.0,0.0,0.0,0.0,1.7999999523162842,93.87999725341797,0,0,0,True,,,,
1776723482,697457253,,12.1899995803833,0.0,0.0,0.0,0.0,1.7999999523162842,93.87999725341797,0,0,0,True,,,,
1776723482,747455249,,12.1899995803833,0.0,0.0,0.0,0.0,1.7999999523162842,93.87999725341797,0,0,0,True,,,,
1776723482,797420061,,12.1899995803833,0.0,0.0,0.0,0.0,1.7999999523162842,93.87999725341797,0,0,0,True,,,,
1776723482,847444019,,12.199999809265137,0.0,0.0,0.0,0.0,1.7999999523162842,94.43999481201172,0,0,0,True,,,,
1776723482,897497496,,12.1899995803833,0.0,0.0,0.0,0.0,1.7999999523162842,93.87999725341797,0,0,0,True,,,,
1776723482,947430437,,12.1899995803833,0.0,0.0,0.0,0.0,1.7999999523162842,93.87999725341797,0,0,0,True,,,,
1776723482,997473099,,12.1899995803833,0.0,0.0,0.0,0.0,1.7999999523162842,93.87999725341797,0,0,0,True,,,,
1776723483,47485743,,12.1899995803833,0.0,0.0,0.0,0.0,1.7999999523162842,93.87999725341797,0,0,0,True,,,,
1776723483,97477572,,12.1899995803833,0.0,0.0,0.0,0.0,1.7999999523162842,93.87999725341797,0,0,0,True,,,,
1776723483,147479365,,12.1899995803833,0.0,0.0,0.0,0.0,1.7999999523162842,93.87999725341797,0,0,0,True,,,,
1776723483,197450694,,12.1899995803833,0.0,0.0,0.0,0.0,1.7999999523162842,93.87999725341797,0,0,0,True,,,,
1776723483,247480912,,12.1899995803833,0.0,0.0,0.0,0.0,1.7999999523162842,93.87999725341797,0,0,0,True,,,,
1776723483,297428409,,12.1899995803833,0.0,0.0,0.0,0.0,1.7999999523162842,93.87999725341797,0,0,0,True,,,,
1776723483,347418238,,12.1899995803833,0.0,0.0,0.0,0.0,1.7999999523162842,93.87999725341797,0,0,0,True,,,,
1776723483,397426808,,12.1899995803833,0.0,0.0,0.0,0.0,1.7999999523162842,93.87999725341797,0,0,0,True,,,,
1776723483,447419656,,12.1899995803833,0.0,0.0,0.0,0.0,1.7999999523162842,93.87999725341797,0,0,0,True,,,,
1776723483,497475058,,12.1899995803833,0.0,0.0,0.0,0.0,1.7999999523162842,93.87999725341797,0,0,0,True,,,,
1776723483,547401296,,12.1899995803833,0.0,0.0,0.0,0.0,1.7999999523162842,93.87999725341797,0,0,0,True,,,,
1776723483,597417533,,12.1899995803833,0.0,0.0,0.0,0.0,1.7999999523162842,93.87999725341797,0,0,0,True,,,,
1776723483,647540119,,12.1899995803833,0.0,0.0,0.0,0.0,1.7999999523162842,93.87999725341797,0,0,0,True,,,,
1776723483,697444654,,12.1899995803833,0.0,0.0,0.0,0.0,1.7999999523162842,93.87999725341797,0,0,0,True,,,,
1776723483,747485334,,12.1899995803833,0.0,0.0,0.0,0.0,1.7999999523162842,93.87999725341797,0,0,0,True,,,,
1776723483,797498237,,12.1899995803833,0.0,0.0,0.0,0.0,1.7999999523162842,93.87999725341797,0,0,0,True,,,,
1776723483,847459197,,12.1899995803833,0.0,0.0,0.0,0.0,1.7999999523162842,93.87999725341797,0,0,0,True,,,,
1776723483,897461582,,12.1899995803833,0.0,0.0,0.0,0.0,1.7999999523162842,93.87999725341797,0,0,0,True,,,,
1776723483,947439911,,12.1899995803833,0.0,0.0,0.0,0.0,1.7999999523162842,93.87999725341797,0,0,0,True,,,,
1776723483,997442185,,12.1899995803833,0.0,0.0,0.0,0.0,1.7999999523162842,93.87999725341797,0,0,0,True,,,,
1776723484,47459995,,12.199999809265137,0.0,0.0,0.0,0.0,1.7999999523162842,94.43999481201172,0,0,0,True,,,,
1776723484,97429418,,12.199999809265137,0.0,0.0,0.0,0.0,1.7999999523162842,94.43999481201172,0,0,0,True,,,,
1776723484,147462024,,12.1899995803833,0.0,0.0,0.0,0.0,1.7999999523162842,93.87999725341797,0,0,0,True,,,,
1776723484,197440465,,12.199999809265137,0.0,0.0,0.0,0.0,1.7999999523162842,94.43999481201172,0,0,0,True,,,,
1776723484,247433942,,12.199999809265137,0.0,0.0,0.0,0.0,1.7999999523162842,94.43999481201172,0,0,0,True,,,,
1776723484,297450549,,12.1899995803833,0.0,0.0,0.0,0.0,1.7999999523162842,93.87999725341797,0,0,0,True,,,,
1776723484,347448286,,12.199999809265137,0.0,0.0,0.0,0.0,1.7999999523162842,94.43999481201172,0,0,0,True,,,,
1776723484,397442041,,12.199999809265137,0.0,0.0,0.0,0.0,1.7999999523162842,94.43999481201172,0,0,0,True,,,,
1776723484,447439333,,12.199999809265137,0.0,0.0,0.0,0.0,1.7999999523162842,94.43999481201172,0,0,0,True,,,,
1776723484,497447200,,12.1899995803833,0.0,0.0,0.0,0.0,1.7999999523162842,93.87999725341797,0,0,0,True,,,,
1776723484,547491862,,12.199999809265137,0.0,0.0,0.0,0.0,1.7999999523162842,94.43999481201172,0,0,0,True,,,,
1776723484,597497635,,12.199999809265137,0.0,0.0,0.0,0.0,1.7999999523162842,94.43999481201172,0,0,0,True,,,,
1776723484,647418447,,12.199999809265137,0.0,0.0,0.0,0.0,1.7999999523162842,94.43999481201172,0,0,0,True,,,,
1776723484,697438517,,12.199999809265137,0.0,0.0,0.0,0.0,1.7999999523162842,94.43999481201172,0,0,0,True,,,,
1776723484,747434161,,12.1899995803833,0.0,0.0,0.0,0.0,1.7999999523162842,93.87999725341797,0,0,0,True,,,,
1776723484,797421842,,12.199999809265137,0.0,0.0,0.0,0.0,1.7999999523162842,94.43999481201172,0,0,0,True,,,,
1776723484,847437838,,12.199999809265137,0.0,0.0,0.0,0.0,1.7999999523162842,94.43999481201172,0,0,0,True,,,,
1776723484,897434130,,12.1899995803833,0.0,0.0,0.0,0.0,1.7999999523162842,93.87999725341797,0,0,0,True,,,,
1776723484,947410367,,12.199999809265137,0.0,0.0,0.0,0.0,1.7999999523162842,94.43999481201172,0,0,0,True,,,,
1776723484,997438455,,12.199999809265137,0.0,0.0,0.0,0.0,1.7999999523162842,94.43999481201172,0,0,0,True,,,,
1776723485,47448248,,12.1899995803833,0.0,0.0,0.0,0.0,1.7999999523162842,93.87999725341797,0,0,0,True,,,,
1776723485,97482613,,12.199999809265137,0.0,0.0,0.0,0.0,1.7999999523162842,94.43999481201172,0,0,0,True,,,,
1776723485,147458739,,12.199999809265137,0.0,0.0,0.0,0.0,1.7999999523162842,94.43999481201172,0,0,0,True,,,,
1776723485,197400310,,12.1899995803833,0.0,0.0,0.0,0.0,1.7999999523162842,93.87999725341797,0,0,0,True,,,,
1776723485,247393047,,12.1899995803833,0.0,0.0,0.0,0.0,1.7999999523162842,93.87999725341797,0,0,0,True,,,,
1776723485,297419413,,12.1899995803833,0.0,0.0,0.0,0.0,1.7999999523162842,93.87999725341797,0,0,0,True,,,,
1776723485,347416835,,12.199999809265137,0.0,0.0,0.0,0.0,1.7999999523162842,94.43999481201172,0,0,0,True,,,,
1776723485,397392924,,12.199999809265137,0.0,0.0,0.0,0.0,1.7999999523162842,94.43999481201172,0,0,0,True,,,,
1776723485,447361846,,12.199999809265137,0.0,0.0,0.0,0.0,1.7999999523162842,94.43999481201172,0,0,0,True,,,,
1776723485,497408323,,12.199999809265137,0.0,0.0,0.0,0.0,1.7999999523162842,94.43999481201172,0,0,0,True,,,,
1776723485,547403985,,12.199999809265137,0.0,0.0,0.0,0.0,1.7999999523162842,94.43999481201172,0,0,0,True,,,,
1776723485,597431647,,12.199999809265137,0.0,0.0,0.0,0.0,1.7999999523162842,94.43999481201172,0,0,0,True,,,,
1776723485,647448291,,12.199999809265137,0.0,0.0,0.0,0.0,1.7999999523162842,94.43999481201172,0,0,0,True,,,,
1776723485,697432843,,12.199999809265137,0.0,0.0,0.0,0.0,1.7999999523162842,94.43999481201172,0,0,0,True,,,,
1776723485,747445228,,12.1899995803833,0.0,0.0,0.0,0.0,1.7999999523162842,93.87999725341797,0,0,0,True,,,,
1776723485,797415539,,12.199999809265137,0.0,0.0,0.0,0.0,1.7999999523162842,94.43999481201172,0,0,0,True,,,,
1776723485,847416053,,12.1899995803833,0.0,0.0,0.0,0.0,1.7999999523162842,93.87999725341797,0,0,0,True,,,,
1776723485,897456141,,12.199999809265137,0.0,0.0,0.0,0.0,1.7999999523162842,94.43999481201172,0,0,0,True,,,,
1776723485,947414304,,12.1899995803833,0.0,0.0,0.0,0.0,1.7999999523162842,93.87999725341797,0,0,0,True,,,,
1776723485,997483522,,12.199999809265137,0.0,0.0,0.0,0.0,1.7999999523162842,94.43999481201172,0,0,0,True,,,,
1776723486,47445296,,12.1899995803833,0.0,0.0,0.0,0.0,1.7999999523162842,93.87999725341797,0,0,0,True,,,,
1776723486,97372497,,12.1899995803833,0.0,0.0,0.0,0.0,1.7999999523162842,93.87999725341797,0,0,0,True,,,,
1776723486,147420881,,12.1899995803833,0.0,0.0,0.0,0.0,1.7999999523162842,93.87999725341797,0,0,0,True,,,,
1776723486,197382729,,12.199999809265137,0.0,0.0,0.0,0.0,1.7999999523162842,94.43999481201172,0,0,0,True,,,,
1776723486,247428484,,12.199999809265137,0.0,0.0,0.0,0.0,1.7999999523162842,94.43999481201172,0,0,0,True,,,,
1776723486,297397258,,12.1899995803833,0.0,0.0,0.0,0.0,1.7999999523162842,93.87999725341797,0,0,0,True,,,,
1776723486,347418939,,12.199999809265137,0.0,0.0,0.0,0.0,1.7999999523162842,94.43999481201172,0,0,0,True,,,,
1776723486,397403194,,12.199999809265137,0.0,0.0,0.0,0.0,1.7999999523162842,94.43999481201172,0,0,0,True,,,,
1776723486,447394597,,12.1899995803833,0.0,0.0,0.0,0.0,1.7999999523162842,93.87999725341797,0,0,0,True,,,,
1776723486,497382186,,12.199999809265137,0.0,0.0,0.0,0.0,1.7999999523162842,94.43999481201172,0,0,0,True,,,,
1776723486,547395145,,12.1899995803833,0.0,0.0,0.0,0.0,1.7999999523162842,93.87999725341797,0,0,0,True,,,,
1776723486,597426103,,12.1899995803833,0.0,0.0,0.0,0.0,1.7999999523162842,93.87999725341797,0,0,0,True,,,,
1776723486,647450191,,12.199999809265137,0.0,0.0,0.0,0.0,1.7999999523162842,94.43999481201172,0,0,0,True,,,,
1776723486,697432280,,12.199999809265137,0.0,0.0,0.0,0.0,1.7999999523162842,94.43999481201172,0,0,0,True,,,,
1776723486,747403221,,12.199999809265137,0.0,0.0,0.0,0.0,1.7999999523162842,94.43999481201172,0,0,0,True,,,,
1776723486,797407013,,12.1899995803833,0.0,0.0,0.0,0.0,1.7999999523162842,93.87999725341797,0,0,0,True,,,,
1776723486,847514674,,12.1899995803833,0.0,0.0,0.0,0.0,1.7999999523162842,93.87999725341797,0,0,0,True,,,,
1776723486,897412690,,12.199999809265137,0.0,0.0,0.0,0.0,1.7999999523162842,94.43999481201172,0,0,0,True,,,,
1776723486,947408816,,12.1899995803833,0.0,0.0,0.0,0.0,1.7999999523162842,93.87999725341797,0,0,0,True,,,,
1776723486,997426367,,12.1899995803833,0.0,0.0,0.0,0.0,1.7999999523162842,93.87999725341797,0,0,0,True,,,,
1776723487,47421085,,12.199999809265137,0.0,0.0,0.0,0.0,1.7999999523162842,94.43999481201172,0,0,0,True,,,,
1776723487,97414933,,12.199999809265137,0.0,0.0,0.0,0.0,1.7999999523162842,94.43999481201172,0,0,0,True,,,,
1776723487,147404985,,12.199999809265137,0.0,0.0,0.0,0.0,1.7999999523162842,94.43999481201172,0,0,0,True,,,,
1776723487,197367259,,12.1899995803833,0.0,0.0,0.0,0.0,1.7999999523162842,93.87999725341797,0,0,0,True,,,,
1776723487,247393903,,12.199999809265137,0.0,0.0,0.0,0.0,1.7999999523162842,94.43999481201172,0,0,0,True,,,,
1776723487,297389306,,12.199999809265137,0.0,0.0,0.0,0.0,1.7999999523162842,94.43999481201172,0,0,0,True,,,,
1776723487,347404487,,12.1899995803833,0.0,0.0,0.0,0.0,1.7999999523162842,93.87999725341797,0,0,0,True,,,,
1776723487,397404076,,12.199999809265137,0.0,0.0,0.0,0.0,1.7999999523162842,94.43999481201172,0,0,0,True,,,,
1776723487,447373313,,12.1899995803833,0.0,0.0,0.0,0.0,1.7999999523162842,93.87999725341797,0,0,0,True,,,,
1776723487,497371735,,12.1899995803833,0.0,0.0,0.0,0.0,1.7999999523162842,93.87999725341797,0,0,0,True,,,,
1776723487,547366212,,12.199999809265137,0.0,0.0,0.0,0.0,1.7999999523162842,94.43999481201172,0,0,0,True,,,,
1776723487,597414467,,12.1899995803833,0.0,0.0,0.0,0.0,1.7999999523162842,93.87999725341797,0,0,0,True,,,,
1776723487,647464091,,12.1899995803833,0.0,0.0,0.0,0.0,1.7999999523162842,93.87999725341797,0,0,0,True,,,,
1776723487,697388051,,12.1899995803833,0.0,0.0,0.0,0.0,1.7999999523162842,93.87999725341797,0,0,0,True,,,,
1776723487,747413565,,12.1899995803833,0.0,0.0,0.0,0.0,1.7999999523162842,93.87999725341797,0,0,0,True,,,,
1776723487,797357340,,12.199999809265137,0.0,0.0,0.0,0.0,1.7999999523162842,94.43999481201172,0,0,0,True,,,,
1776723487,847407372,,12.1899995803833,0.0,0.0,0.0,0.0,1.7999999523162842,93.87999725341797,0,0,0,True,,,,
1776723487,897489682,,12.1899995803833,0.0,0.0,0.0,0.0,1.7999999523162842,93.87999725341797,0,0,0,True,,,,
1776723487,947393642,,12.1899995803833,0.0,0.0,0.0,0.0,1.7999999523162842,93.87999725341797,0,0,0,True,,,,
1776723487,997464230,,12.199999809265137,0.0,0.0,0.0,0.0,1.7999999523162842,94.43999481201172,0,0,0,True,,,,
1776723488,47402282,,12.1899995803833,0.0,0.0,0.0,0.0,1.7999999523162842,93.87999725341797,0,0,0,True,,,,
1776723488,97369223,,12.199999809265137,0.0,0.0,0.0,0.0,1.7999999523162842,94.43999481201172,0,0,0,True,,,,
1776723488,147480569,,12.199999809265137,0.0,0.0,0.0,0.0,1.7999999523162842,94.43999481201172,0,0,0,True,,,,
1776723488,197318438,,12.199999809265137,0.0,0.0,0.0,0.0,1.7999999523162842,94.43999481201172,0,0,0,True,,,,
1776723488,247412562,,12.199999809265137,0.0,0.0,0.0,0.0,1.7999999523162842,94.43999481201172,0,0,0,True,,,,
1776723488,297361559,,12.199999809265137,0.0,0.0,0.0,0.0,1.7999999523162842,94.43999481201172,0,0,0,True,,,,
1776723488,347424961,,12.199999809265137,0.0,0.0,0.0,0.0,1.7999999523162842,94.43999481201172,0,0,0,True,,,,
1776723488,397502696,,12.1899995803833,0.0,0.0,0.0,0.0,1.7999999523162842,93.87999725341797,0,0,0,True,,,,
1776723488,447395157,,12.199999809265137,0.0,0.0,0.0,0.0,1.7999999523162842,94.43999481201172,0,0,0,True,,,,
1776723488,497406912,,12.199999809265137,0.0,0.0,0.0,0.0,1.7999999523162842,94.43999481201172,0,0,0,True,,,,
1776723488,547391871,,12.199999809265137,0.0,0.0,0.0,0.0,1.7999999523162842,94.43999481201172,0,0,0,True,,,,
1776723488,597362423,,12.199999809265137,0.0,0.0,0.0,0.0,1.7999999523162842,94.43999481201172,0,0,0,True,,,,
1776723488,647394530,,12.199999809265137,0.0,0.0,0.0,0.0,1.7999999523162842,94.43999481201172,0,0,0,True,,,,
1776723488,697354304,,12.199999809265137,0.0,0.0,0.0,0.0,1.7999999523162842,94.43999481201172,0,0,0,True,,,,
1776723488,747342967,,12.1899995803833,0.0,0.0,0.0,0.0,1.7999999523162842,93.87999725341797,0,0,0,True,,,,
1776723488,797398980,,12.1899995803833,0.0,0.0,0.0,0.0,1.7999999523162842,93.87999725341797,0,0,0,True,,,,
1776723488,847378865,,12.1899995803833,0.0,0.0,0.0,0.0,1.7999999523162842,93.87999725341797,0,0,0,True,,,,
1776723488,897377232,,12.1899995803833,0.0,0.0,0.0,0.0,1.7999999523162842,93.87999725341797,0,0,0,True,,,,
1776723488,947369839,,12.199999809265137,0.0,0.0,0.0,0.0,1.7999999523162842,94.43999481201172,0,0,0,True,,,,
1776723488,997380316,,12.199999809265137,0.0,0.0,0.0,0.0,1.7999999523162842,94.43999481201172,0,0,0,True,,,,
1776723489,47376812,,12.1899995803833,0.0,0.0,0.0,0.0,1.7999999523162842,93.87999725341797,0,0,0,True,,,,
1776723489,97360697,,12.199999809265137,0.0,0.0,0.0,0.0,1.7999999523162842,94.43999481201172,0,0,0,True,,,,
1776723489,147403192,,12.199999809265137,0.0,0.0,0.0,0.0,1.7999999523162842,94.43999481201172,0,0,0,True,,,,
1776723489,197362319,,12.1899995803833,0.0,0.0,0.0,0.0,1.7999999523162842,93.87999725341797,0,0,0,True,,,,
1776723489,247376203,,12.199999809265137,0.0,0.0,0.0,0.0,1.7999999523162842,94.43999481201172,0,0,0,True,,,,
1776723489,297335422,,12.1899995803833,0.0,0.0,0.0,0.0,1.7999999523162842,93.87999725341797,0,0,0,True,,,,
1776723489,347315270,,12.199999809265137,0.0,0.0,0.0,0.0,1.7999999523162842,94.43999481201172,0,0,0,True,,,,
1776723489,397364599,,12.199999809265137,0.0,0.0,0.0,0.0,1.7999999523162842,94.43999481201172,0,0,0,True,,,,
1776723489,447336373,,12.1899995803833,0.0,0.0,0.0,0.0,1.7999999523162842,93.87999725341797,0,0,0,True,,,,
1776723489,497326332,,12.199999809265137,0.0,0.0,0.0,0.0,1.7999999523162842,94.43999481201172,0,0,0,True,,,,
1776723489,547321087,,12.199999809265137,0.0,0.0,0.0,0.0,1.7999999523162842,94.43999481201172,0,0,0,True,,,,
1776723489,597366323,,12.199999809265137,0.0,0.0,0.0,0.0,1.7999999523162842,94.43999481201172,0,0,0,True,,,,
1776723489,647514076,,12.1899995803833,0.0,0.0,0.0,0.0,1.7999999523162842,93.87999725341797,0,0,0,True,,,,
1776723489,697335556,,12.199999809265137,0.0,0.0,0.0,0.0,1.7999999523162842,94.43999481201172,0,0,0,True,,,,
1776723489,747356070,,12.199999809265137,0.0,0.0,0.0,0.0,1.7999999523162842,94.43999481201172,0,0,0,True,,,,
1776723489,797367529,,12.1899995803833,0.0,0.0,0.0,0.0,1.7999999523162842,93.87999725341797,0,0,0,True,,,,
1776723489,847363488,,12.199999809265137,0.0,0.0,0.0,0.0,1.7999999523162842,94.43999481201172,0,0,0,True,,,,
1776723489,897373243,,12.199999809265137,0.0,0.0,0.0,0.0,1.7999999523162842,94.43999481201172,0,0,0,True,,,,
1776723489,947371424,,12.199999809265137,0.0,0.0,0.0,0.0,1.7999999523162842,94.43999481201172,0,0,0,True,,,,
1776723489,997376290,,12.1899995803833,0.0,0.0,0.0,0.0,1.7999999523162842,93.87999725341797,0,0,0,True,,,,
1776723490,47369509,,12.199999809265137,0.0,0.0,0.0,0.0,1.7999999523162842,94.43999481201172,0,0,0,True,,,,
1776723490,97324153,,12.199999809265137,0.0,0.0,0.0,0.0,1.7999999523162842,94.43999481201172,0,0,0,True,,,,
1776723490,147394056,,12.1899995803833,0.0,0.0,0.0,0.0,1.7999999523162842,93.87999725341797,0,0,0,True,,,,
1776723490,197322608,,12.1899995803833,0.0,0.0,0.0,0.0,1.7999999523162842,93.87999725341797,0,0,0,True,,,,
1776723490,247376992,,12.1899995803833,0.0,0.0,0.0,0.0,1.7999999523162842,93.87999725341797,0,0,0,True,,,,
1776723490,297408136,,12.199999809265137,0.0,0.0,0.0,0.0,1.7999999523162842,94.43999481201172,0,0,0,True,,,,
1776723490,347308096,,12.1899995803833,0.0,0.0,0.0,0.0,1.7999999523162842,93.87999725341797,0,0,0,True,,,,
1776723490,397370165,,12.1899995803833,0.0,0.0,0.0,0.0,1.7999999523162842,93.87999725341797,0,0,0,True,,,,
1776723490,447346902,,12.199999809265137,0.0,0.0,0.0,0.0,1.7999999523162842,94.43999481201172,0,0,0,True,,,,
1776723490,497340935,,12.199999809265137,0.0,0.0,0.0,0.0,1.7999999523162842,94.43999481201172,0,0,0,True,,,,
1776723490,547317839,,12.199999809265137,0.0,0.0,0.0,0.0,1.7999999523162842,94.43999481201172,0,0,0,True,,,,
1776723490,597357427,,12.1899995803833,0.0,0.0,0.0,0.0,1.7999999523162842,93.87999725341797,0,0,0,True,,,,
1776723490,647312813,,12.199999809265137,0.0,0.0,0.0,0.0,1.7999999523162842,94.43999481201172,0,0,0,True,,,,
1776723490,697355919,,12.199999809265137,0.0,0.0,0.0,0.0,1.7999999523162842,94.43999481201172,0,0,0,True,,,,
1776723490,747351156,,12.1899995803833,0.0,0.0,0.0,0.0,1.7999999523162842,93.87999725341797,0,0,0,True,,,,
1776723490,797355837,,12.199999809265137,0.0,0.0,0.0,0.0,1.7999999523162842,94.43999481201172,0,0,0,True,,,,
1776723490,847351666,,12.199999809265137,0.0,0.0,0.0,0.0,1.7999999523162842,94.43999481201172,0,0,0,True,,,,
1776723490,897347125,,12.1899995803833,0.0,0.0,0.0,0.0,1.7999999523162842,93.87999725341797,0,0,0,True,,,,
1776723490,947353788,,12.1899995803833,0.0,0.0,0.0,0.0,1.7999999523162842,93.87999725341797,0,0,0,True,,,,
1776723490,997354061,,12.199999809265137,0.0,0.0,0.0,0.0,1.7999999523162842,94.43999481201172,0,0,0,True,,,,
1776723491,47340020,,12.1899995803833,0.0,0.0,0.0,0.0,1.7999999523162842,93.87999725341797,0,0,0,True,,,,
1776723491,97354831,,12.1899995803833,0.0,0.0,0.0,0.0,1.7999999523162842,93.87999725341797,0,0,0,True,,,,
1776723491,147353734,,12.1899995803833,0.0,0.0,0.0,0.0,1.7999999523162842,93.87999725341797,0,0,0,True,,,,
1776723491,197376230,,12.199999809265137,0.0,0.0,0.0,0.0,1.7999999523162842,94.43999481201172,0,0,0,True,,,,
1776723491,247347208,,12.1899995803833,0.0,0.0,0.0,0.0,1.7999999523162842,93.87999725341797,0,0,0,True,,,,
1776723491,297341667,,12.1899995803833,0.0,0.0,0.0,0.0,1.7999999523162842,93.87999725341797,0,0,0,True,,,,
1776723491,347344774,,12.199999809265137,0.0,0.0,0.0,0.0,1.7999999523162842,94.43999481201172,0,0,0,True,,,,
1776723491,397333696,,12.1899995803833,0.0,0.0,0.0,0.0,1.7999999523162842,93.87999725341797,0,0,0,True,,,,
1776723491,447988645,,12.1899995803833,0.0,0.0,0.0,0.0,1.7999999523162842,93.87999725341797,0,0,0,True,,,,
1776723491,497312781,,12.170000076293945,0.0,0.0,0.0,0.0,1.7999999523162842,92.7699966430664,0,0,0,True,,,,
1776723491,547307665,,12.1899995803833,0.0,0.0,0.0,0.0,1.7999999523162842,93.87999725341797,0,0,0,True,,,,
1776723491,597291217,,12.1899995803833,0.0,0.0,0.0,0.0,1.7999999523162842,93.87999725341797,0,0,0,True,,,,
1776723491,647301028,,12.170000076293945,0.0,0.0,0.0,0.0,1.7999999523162842,92.7699966430664,0,0,0,True,,,,
1776723491,697313209,,12.1899995803833,0.0,0.0,0.0,0.0,1.7999999523162842,93.87999725341797,0,0,0,True,,,,
1776723491,747294316,,12.1899995803833,0.0,0.0,0.0,0.0,1.7999999523162842,93.87999725341797,0,0,0,True,,,,
1776723491,797293349,,12.1899995803833,0.0,0.0,0.0,0.0,1.7999999523162842,93.87999725341797,0,0,0,True,,,,
1776723491,847283456,,12.1899995803833,0.0,0.0,0.0,0.0,1.7999999523162842,93.87999725341797,0,0,0,True,,,,
1776723491,897312729,,12.170000076293945,0.0,0.0,0.0,0.0,1.7999999523162842,92.7699966430664,0,0,0,True,,,,
1776723491,947302985,,12.1899995803833,0.0,0.0,0.0,0.0,1.7999999523162842,93.87999725341797,0,0,0,True,,,,
1776723491,997369720,,12.199999809265137,0.0,0.0,0.0,0.0,1.7999999523162842,94.43999481201172,0,0,0,True,,,,
1776723492,47331958,,12.1899995803833,0.0,0.0,0.0,0.0,1.7999999523162842,93.87999725341797,0,0,0,True,,,,
1776723492,97311287,,12.1899995803833,0.0,0.0,0.0,0.0,1.7999999523162842,93.87999725341797,0,0,0,True,,,,
1776723492,147301320,,12.1899995803833,0.0,0.0,0.0,0.0,1.7999999523162842,93.87999725341797,0,0,0,True,,,,
1776723492,197301224,,12.199999809265137,0.0,0.0,0.0,0.0,1.7999999523162842,94.43999481201172,0,0,0,True,,,,
1776723492,247336312,,12.199999809265137,0.0,0.0,0.0,0.0,1.7999999523162842,94.43999481201172,0,0,0,True,,,,
1776723492,297297031,,12.199999809265137,0.0,0.0,0.0,0.0,1.7999999523162842,94.43999481201172,0,0,0,True,,,,
1776723492,347312008,,12.199999809265137,0.0,0.0,0.0,0.0,1.7999999523162842,94.43999481201172,0,0,0,True,,,,
1776723492,397315281,,12.199999809265137,0.0,0.0,0.0,0.0,1.7999999523162842,94.43999481201172,0,0,0,True,,,,
1776723492,447279556,,12.1899995803833,0.0,0.0,0.0,0.0,1.7999999523162842,93.87999725341797,0,0,0,True,,,,
1776723492,497321755,,12.1899995803833,0.0,0.0,0.0,0.0,1.7999999523162842,93.87999725341797,0,0,0,True,,,,
1776723492,547317195,,12.1899995803833,0.0,0.0,0.0,0.0,1.7999999523162842,93.87999725341797,0,0,0,True,,,,
1776723492,597315154,,12.199999809265137,0.0,0.0,0.0,0.0,1.7999999523162842,94.43999481201172,0,0,0,True,,,,
1776723492,647336483,,12.199999809265137,0.0,0.0,0.0,0.0,1.7999999523162842,94.43999481201172,0,0,0,True,,,,
1776723492,697260165,,12.199999809265137,0.0,0.0,0.0,0.0,1.7999999523162842,94.43999481201172,0,0,0,True,,,,
1776723492,747369215,,12.1899995803833,0.0,0.0,0.0,0.0,1.7999999523162842,93.87999725341797,0,0,0,True,,,,
1776723492,797325082,,12.1899995803833,0.0,0.0,0.0,0.0,1.7999999523162842,93.87999725341797,0,0,0,True,,,,
1776723492,847326615,,12.199999809265137,0.0,0.0,0.0,0.0,1.7999999523162842,94.43999481201172,0,0,0,True,,,,
1776723492,897366573,,12.199999809265137,0.0,0.0,0.0,0.0,1.7999999523162842,94.43999481201172,0,0,0,True,,,,
1776723492,947255756,,12.1899995803833,0.0,0.0,0.0,0.0,1.7999999523162842,93.87999725341797,0,0,0,True,,,,
1776723492,997374898,,12.199999809265137,0.0,0.0,0.0,0.0,1.7999999523162842,94.43999481201172,0,0,0,True,,,,
1776723493,47349598,,12.1899995803833,0.0,0.0,0.0,0.0,1.7999999523162842,93.87999725341797,0,0,0,True,,,,
1776723493,97358835,,12.199999809265137,0.0,0.0,0.0,0.0,1.7999999523162842,94.43999481201172,0,0,0,True,,,,
1776723493,147320646,,12.199999809265137,0.0,0.0,0.0,0.0,1.7999999523162842,94.43999481201172,0,0,0,True,,,,
1776723493,197315364,,12.1899995803833,0.0,0.0,0.0,0.0,1.7999999523162842,93.87999725341797,0,0,0,True,,,,
1776723493,247306731,,12.1899995803833,0.0,0.0,0.0,0.0,1.7999999523162842,93.87999725341797,0,0,0,True,,,,
1776723493,297306542,,12.1899995803833,0.0,0.0,0.0,0.0,1.7999999523162842,93.87999725341797,0,0,0,True,,,,
1776723493,347301501,,12.199999809265137,0.0,0.0,0.0,0.0,1.7999999523162842,94.43999481201172,0,0,0,True,,,,
1776723493,397352274,,12.199999809265137,0.0,0.0,0.0,0.0,1.7999999523162842,94.43999481201172,0,0,0,True,,,,
1776723493,447314400,,12.199999809265137,0.0,0.0,0.0,0.0,1.7999999523162842,94.43999481201172,0,0,0,True,,,,
1776723493,497332025,,12.199999809265137,0.0,0.0,0.0,0.0,1.7999999523162842,94.43999481201172,0,0,0,True,,,,
1776723493,547297096,,12.199999809265137,0.0,0.0,0.0,0.0,1.7999999523162842,94.43999481201172,0,0,0,True,,,,
1776723493,597302758,,12.1899995803833,0.0,0.0,0.0,0.0,1.7999999523162842,93.87999725341797,0,0,0,True,,,,
1776723493,647301661,,12.199999809265137,0.0,0.0,0.0,0.0,1.7999999523162842,94.43999481201172,0,0,0,True,,,,
1776723493,697337638,,12.199999809265137,0.0,0.0,0.0,0.0,1.7999999523162842,94.43999481201172,0,0,0,True,,,,
1776723493,747313431,,12.1899995803833,0.0,0.0,0.0,0.0,1.7999999523162842,93.87999725341797,0,0,0,True,,,,
1776723493,797260279,,12.199999809265137,0.0,0.0,0.0,0.0,1.7999999523162842,94.43999481201172,0,0,0,True,,,,
1776723493,847277849,,12.199999809265137,0.0,0.0,0.0,0.0,1.7999999523162842,94.43999481201172,0,0,0,True,,,,
1776723493,897289234,,12.199999809265137,0.0,0.0,0.0,0.0,1.7999999523162842,94.43999481201172,0,0,0,True,,,,
1776723493,947245008,,12.1899995803833,0.0,0.0,0.0,0.0,1.7999999523162842,93.87999725341797,0,0,0,True,,,,
1776723493,997299985,,12.199999809265137,0.0,0.0,0.0,0.0,1.7999999523162842,94.43999481201172,0,0,0,True,,,,
1776723494,47324073,,12.199999809265137,0.0,0.0,0.0,0.0,1.7999999523162842,94.43999481201172,0,0,0,True,,,,
1776723494,97280625,,12.1899995803833,0.0,0.0,0.0,0.0,1.7999999523162842,93.87999725341797,0,0,0,True,,,,
1776723494,147308047,,12.1899995803833,0.0,0.0,0.0,0.0,1.7999999523162842,93.87999725341797,0,0,0,True,,,,
1776723494,197309024,,12.1899995803833,0.0,0.0,0.0,0.0,1.7999999523162842,93.87999725341797,0,0,0,True,,,,
1776723494,247301946,,12.1899995803833,0.0,0.0,0.0,0.0,1.7999999523162842,93.87999725341797,0,0,0,True,,,,
1776723494,297330330,,12.199999809265137,0.0,0.0,0.0,0.0,1.7999999523162842,94.43999481201172,0,0,0,True,,,,
1776723494,347287142,,12.199999809265137,0.0,0.0,0.0,0.0,1.7999999523162842,94.43999481201172,0,0,0,True,,,,
1776723494,397276601,,12.199999809265137,0.0,0.0,0.0,0.0,1.7999999523162842,94.43999481201172,0,0,0,True,,,,
1776723494,447285745,,12.1899995803833,0.0,0.0,0.0,0.0,1.7999999523162842,93.87999725341797,0,0,0,True,,,,
1776723494,497264297,,12.1899995803833,0.0,0.0,0.0,0.0,1.7999999523162842,93.87999725341797,0,0,0,True,,,,
1776723494,547234108,,12.1899995803833,0.0,0.0,0.0,0.0,1.7999999523162842,93.87999725341797,0,0,0,True,,,,
1776723494,597277233,,12.1899995803833,0.0,0.0,0.0,0.0,1.7999999523162842,93.87999725341797,0,0,0,True,,,,
1776723494,647239396,,12.1899995803833,0.0,0.0,0.0,0.0,1.7999999523162842,93.87999725341797,0,0,0,True,,,,
1776723494,697275725,,12.1899995803833,0.0,0.0,0.0,0.0,1.7999999523162842,93.87999725341797,0,0,0,True,,,,
1776723494,747288535,,12.1899995803833,0.0,0.0,0.0,0.0,1.7999999523162842,93.87999725341797,0,0,0,True,,,,
1776723494,797311975,,12.1899995803833,0.0,0.0,0.0,0.0,1.7999999523162842,93.87999725341797,0,0,0,True,,,,
1776723494,847267731,,12.1899995803833,0.0,0.0,0.0,0.0,1.7999999523162842,93.87999725341797,0,0,0,True,,,,
1776723494,897325985,,12.199999809265137,0.0,0.0,0.0,0.0,1.7999999523162842,94.43999481201172,0,0,0,True,,,,
1776723494,947227205,,12.199999809265137,0.0,0.0,0.0,0.0,1.7999999523162842,94.43999481201172,0,0,0,True,,,,
1776723494,997318477,,12.1899995803833,0.0,0.0,0.0,0.0,1.7999999523162842,93.87999725341797,0,0,0,True,,,,
1776723495,47323732,,12.199999809265137,0.0,0.0,0.0,0.0,1.7999999523162842,94.43999481201172,0,0,0,True,,,,
1776723495,97302636,,12.1899995803833,0.0,0.0,0.0,0.0,1.7999999523162842,93.87999725341797,0,0,0,True,,,,
1776723495,147297206,,12.199999809265137,0.0,0.0,0.0,0.0,1.7999999523162842,94.43999481201172,0,0,0,True,,,,
1776723495,197269832,,12.199999809265137,0.0,0.0,0.0,0.0,1.7999999523162842,94.43999481201172,0,0,0,True,,,,
1776723495,247331642,,12.1899995803833,0.0,0.0,0.0,0.0,1.7999999523162842,93.87999725341797,0,0,0,True,,,,
1776723495,297246454,,12.199999809265137,0.0,0.0,0.0,0.0,1.7999999523162842,94.43999481201172,0,0,0,True,,,,
1776723495,347253616,,12.1899995803833,0.0,0.0,0.0,0.0,1.7999999523162842,93.87999725341797,0,0,0,True,,,,
1776723495,397340852,,12.199999809265137,0.0,0.0,0.0,0.0,1.7999999523162842,94.43999481201172,0,0,0,True,,,,
1776723495,447256942,,12.199999809265137,0.0,0.0,0.0,0.0,1.7999999523162842,94.43999481201172,0,0,0,True,,,,
1776723495,497263826,,12.199999809265137,0.0,0.0,0.0,0.0,1.7999999523162842,94.43999481201172,0,0,0,True,,,,
1776723495,547263526,,12.199999809265137,0.0,0.0,0.0,0.0,1.7999999523162842,94.43999481201172,0,0,0,True,,,,
1776723495,597279522,,12.199999809265137,0.0,0.0,0.0,0.0,1.7999999523162842,94.43999481201172,0,0,0,True,,,,
1776723495,647231629,,12.199999809265137,0.0,0.0,0.0,0.0,1.7999999523162842,94.43999481201172,0,0,0,True,,,,
1776723495,697279254,,12.1899995803833,0.0,0.0,0.0,0.0,1.7999999523162842,93.87999725341797,0,0,0,True,,,,
1776723495,747273732,,12.199999809265137,0.0,0.0,0.0,0.0,1.7999999523162842,94.43999481201172,0,0,0,True,,,,
1776723495,797275154,,12.1899995803833,0.0,0.0,0.0,0.0,1.7999999523162842,93.87999725341797,0,0,0,True,,,,
1776723495,847258687,,12.1899995803833,0.0,0.0,0.0,0.0,1.7999999523162842,93.87999725341797,0,0,0,True,,,,
1776723495,897364514,,12.199999809265137,0.0,0.0,0.0,0.0,1.7999999523162842,94.43999481201172,0,0,0,True,,,,
1776723495,947273049,,12.199999809265137,0.0,0.0,0.0,0.0,1.7999999523162842,94.43999481201172,0,0,0,True,,,,
1776723495,997291007,,12.199999809265137,0.0,0.0,0.0,0.0,1.7999999523162842,94.43999481201172,0,0,0,True,,,,
1776723496,47282448,,12.199999809265137,0.0,0.0,0.0,0.0,1.7999999523162842,94.43999481201172,0,0,0,True,,,,
1776723496,97226723,,12.1899995803833,0.0,0.0,0.0,0.0,1.7999999523162842,93.87999725341797,0,0,0,True,,,,
1776723496,147274459,,12.1899995803833,0.0,0.0,0.0,0.0,1.7999999523162842,93.87999725341797,0,0,0,True,,,,
1776723496,197240529,,12.1899995803833,0.0,0.0,0.0,0.0,1.7999999523162842,93.87999725341797,0,0,0,True,,,,
1776723496,247282543,,12.199999809265137,0.0,0.0,0.0,0.0,1.7999999523162842,94.43999481201172,0,0,0,True,,,,
1776723496,297216966,,12.199999809265137,0.0,0.0,0.0,0.0,1.7999999523162842,94.43999481201172,0,0,0,True,,,,
1776723496,347217573,,12.1899995803833,0.0,0.0,0.0,0.0,1.7999999523162842,93.87999725341797,0,0,0,True,,,,
1776723496,397219587,,12.199999809265137,0.0,0.0,0.0,0.0,1.7999999523162842,94.43999481201172,0,0,0,True,,,,
1776723496,447258768,,12.1899995803833,0.0,0.0,0.0,0.0,1.7999999523162842,93.87999725341797,0,0,0,True,,,,
1776723496,497245986,,12.199999809265137,0.0,0.0,0.0,0.0,1.7999999523162842,94.43999481201172,0,0,0,True,,,,
1776723496,547322185,,12.199999809265137,0.0,0.0,0.0,0.0,1.7999999523162842,94.43999481201172,0,0,0,True,,,,
1776723496,597216330,,12.1899995803833,0.0,0.0,0.0,0.0,1.7999999523162842,93.87999725341797,0,0,0,True,,,,
1776723496,647307343,,12.1899995803833,0.0,0.0,0.0,0.0,1.7999999523162842,93.87999725341797,0,0,0,True,,,,
1776723496,697238377,,12.1899995803833,0.0,0.0,0.0,0.0,1.7999999523162842,93.87999725341797,0,0,0,True,,,,
1776723496,747257280,,12.199999809265137,0.0,0.0,0.0,0.0,1.7999999523162842,94.43999481201172,0,0,0,True,,,,
1776723496,797263850,,12.1899995803833,0.0,0.0,0.0,0.0,1.7999999523162842,93.87999725341797,0,0,0,True,,,,
1776723496,847265328,,12.1899995803833,0.0,0.0,0.0,0.0,1.7999999523162842,93.87999725341797,0,0,0,True,,,,
1776723496,897282416,,12.199999809265137,0.0,0.0,0.0,0.0,1.7999999523162842,94.43999481201172,0,0,0,True,,,,
1776723496,947246672,,12.199999809265137,0.0,0.0,0.0,0.0,1.7999999523162842,94.43999481201172,0,0,0,True,,,,
1776723496,997209427,,12.199999809265137,0.0,0.0,0.0,0.0,1.7999999523162842,94.43999481201172,0,0,0,True,,,,
1776723497,47308644,,12.199999809265137,0.0,0.0,0.0,0.0,1.7999999523162842,94.43999481201172,0,0,0,True,,,,
1776723497,97248308,,12.199999809265137,0.0,0.0,0.0,0.0,1.7999999523162842,94.43999481201172,0,0,0,True,,,,
1776723497,147230359,,12.1899995803833,0.0,0.0,0.0,0.0,1.7999999523162842,93.87999725341797,0,0,0,True,,,,
1776723497,197215189,,12.1899995803833,0.0,0.0,0.0,0.0,1.7999999523162842,93.87999725341797,0,0,0,True,,,,
1776723497,247223462,,12.1899995803833,0.0,0.0,0.0,0.0,1.7999999523162842,93.87999725341797,0,0,0,True,,,,
1776723497,297253328,,12.1899995803833,0.0,0.0,0.0,0.0,1.7999999523162842,93.87999725341797,0,0,0,True,,,,
1776723497,347233936,,12.199999809265137,0.0,0.0,0.0,0.0,1.7999999523162842,94.43999481201172,0,0,0,True,,,,
1776723497,397241394,,12.199999809265137,0.0,0.0,0.0,0.0,1.7999999523162842,94.43999481201172,0,0,0,True,,,,
1776723497,447243390,,12.1899995803833,0.0,0.0,0.0,0.0,1.7999999523162842,93.87999725341797,0,0,0,True,,,,
1776723497,497225535,,12.1899995803833,0.0,0.0,0.0,0.0,1.7999999523162842,93.87999725341797,0,0,0,True,,,,
1776723497,547260197,,12.1899995803833,0.0,0.0,0.0,0.0,1.7999999523162842,93.87999725341797,0,0,0,True,,,,
1776723497,597251822,,12.1899995803833,0.0,0.0,0.0,0.0,1.7999999523162842,93.87999725341797,0,0,0,True,,,,
1776723497,647209060,,12.1899995803833,0.0,0.0,0.0,0.0,1.7999999523162842,93.87999725341797,0,0,0,True,,,,
1776723497,697273166,,12.199999809265137,0.0,0.0,0.0,0.0,1.7999999523162842,94.43999481201172,0,0,0,True,,,,
1776723497,747248273,,12.1899995803833,0.0,0.0,0.0,0.0,1.7999999523162842,93.87999725341797,0,0,0,True,,,,
1776723497,797384637,,12.1899995803833,0.0,0.0,0.0,0.0,1.7999999523162842,93.87999725341797,0,0,0,True,,,,
1776723497,847225117,,12.1899995803833,0.0,0.0,0.0,0.0,1.7999999523162842,93.87999725341797,0,0,0,True,,,,
1776723497,897221835,,12.1899995803833,0.0,0.0,0.0,0.0,1.7999999523162842,93.87999725341797,0,0,0,True,,,,
1776723497,947209813,,12.1899995803833,0.0,0.0,0.0,0.0,1.7999999523162842,93.87999725341797,0,0,0,True,,,,
1776723497,997233920,,12.1899995803833,0.0,0.0,0.0,0.0,1.7999999523162842,93.87999725341797,0,0,0,True,,,,
1776723498,47302322,,12.199999809265137,0.0,0.0,0.0,0.0,1.7999999523162842,94.43999481201172,0,0,0,True,,,,
1776723498,97189246,,12.1899995803833,0.0,0.0,0.0,0.0,1.7999999523162842,93.87999725341797,0,0,0,True,,,,
1776723498,147246907,,12.1899995803833,0.0,0.0,0.0,0.0,1.7999999523162842,93.87999725341797,0,0,0,True,,,,
1776723498,197263866,,12.199999809265137,0.0,0.0,0.0,0.0,1.7999999523162842,94.43999481201172,0,0,0,True,,,,
1776723498,247198844,,12.1899995803833,0.0,0.0,0.0,0.0,1.7999999523162842,93.87999725341797,0,0,0,True,,,,
1776723498,297203025,,12.1899995803833,0.0,0.0,0.0,0.0,1.7999999523162842,93.87999725341797,0,0,0,True,,,,
1776723498,347188762,,12.199999809265137,0.0,0.0,0.0,0.0,1.7999999523162842,94.43999481201172,0,0,0,True,,,,
1776723498,397184592,,12.1899995803833,0.0,0.0,0.0,0.0,1.7999999523162842,93.87999725341797,0,0,0,True,,,,
1776723498,447224494,,12.1899995803833,0.0,0.0,0.0,0.0,1.7999999523162842,93.87999725341797,0,0,0,True,,,,
1776723498,497239953,,12.199999809265137,0.0,0.0,0.0,0.0,1.7999999523162842,94.43999481201172,0,0,0,True,,,,
1776723498,547186413,,12.1899995803833,0.0,0.0,0.0,0.0,1.7999999523162842,93.87999725341797,0,0,0,True,,,,
1776723498,597234389,,12.1899995803833,0.0,0.0,0.0,0.0,1.7999999523162842,93.87999725341797,0,0,0,True,,,,
1776723498,647252922,,12.1899995803833,0.0,0.0,0.0,0.0,1.7999999523162842,93.87999725341797,0,0,0,True,,,,
1776723498,697193456,,12.1899995803833,0.0,0.0,0.0,0.0,1.7999999523162842,93.87999725341797,0,0,0,True,,,,
1776723498,747228951,,12.219999313354492,0.0,0.0,0.0,0.0,1.7999999523162842,95.54999542236328,0,0,0,True,,,,
1776723498,797239984,,12.1899995803833,0.0,0.0,0.0,0.0,1.7999999523162842,93.87999725341797,0,0,0,True,,,,
1776723498,847232869,,12.170000076293945,0.0,0.0,0.0,0.0,1.7999999523162842,92.7699966430664,0,0,0,True,,,,
1776723498,897213310,,12.1899995803833,0.0,0.0,0.0,0.0,1.7999999523162842,93.87999725341797,0,0,0,True,,,,
1776723498,947206084,,12.1899995803833,0.0,0.0,0.0,0.0,1.7999999523162842,93.87999725341797,0,0,0,True,,,,
1776723498,997219357,,12.1899995803833,0.0,0.0,0.0,0.0,1.7999999523162842,93.87999725341797,0,0,0,True,,,,
1776723499,47210316,,12.1899995803833,0.0,0.0,0.0,0.0,1.7999999523162842,93.87999725341797,0,0,0,True,,,,
1776723499,97201071,,12.1899995803833,0.0,0.0,0.0,0.0,1.7999999523162842,93.87999725341797,0,0,0,True,,,,
1776723499,147231160,,12.1899995803833,0.0,0.0,0.0,0.0,1.7999999523162842,93.87999725341797,0,0,0,True,,,,
1776723499,197164101,,12.1899995803833,0.0,0.0,0.0,0.0,1.7999999523162842,93.87999725341797,0,0,0,True,,,,
1776723499,247169023,,12.1899995803833,0.0,0.0,0.0,0.0,1.7999999523162842,93.87999725341797,0,0,0,True,,,,
1776723499,297095631,,12.1899995803833,0.0,0.0,0.0,0.0,1.7999999523162842,93.87999725341797,0,0,0,True,,,,
1776723499,347172015,,12.1899995803833,0.0,0.0,0.0,0.0,1.7999999523162842,93.87999725341797,0,0,0,True,,,,
1776723499,397259657,,12.1899995803833,0.0,0.0,0.0,0.0,1.7999999523162842,93.87999725341797,0,0,0,True,,,,
1776723499,447173969,,12.1899995803833,0.0,0.0,0.0,0.0,1.7999999523162842,93.87999725341797,0,0,0,True,,,,
1776723499,497208280,,12.1899995803833,0.0,0.0,0.0,0.0,1.7999999523162842,93.87999725341797,0,0,0,True,,,,
1776723499,547189683,,12.1899995803833,0.0,0.0,0.0,0.0,1.7999999523162842,93.87999725341797,0,0,0,True,,,,
1776723499,597266548,,12.1899995803833,0.0,0.0,0.0,0.0,1.7999999523162842,93.87999725341797,0,0,0,True,,,,
1776723499,647229489,,12.1899995803833,0.0,0.0,0.0,0.0,1.7999999523162842,93.87999725341797,0,0,0,True,,,,
1776723499,697849142,,12.1899995803833,0.0,0.0,0.0,0.0,1.7999999523162842,93.87999725341797,0,0,0,True,,,,
1776723499,747235722,,12.199999809265137,0.0,0.0,0.0,0.0,1.7999999523162842,94.43999481201172,0,0,0,True,,,,
1776723499,797176700,,12.1899995803833,0.0,0.0,0.0,0.0,1.7999999523162842,93.87999725341797,0,0,0,True,,,,
1776723499,847192733,,12.1899995803833,0.0,0.0,0.0,0.0,1.7999999523162842,93.87999725341797,0,0,0,True,,,,
1776723499,897194858,,12.1899995803833,0.0,0.0,0.0,0.0,1.7999999523162842,93.87999725341797,0,0,0,True,,,,
1776723499,947187706,,12.1899995803833,0.0,0.0,0.0,0.0,1.7999999523162842,93.87999725341797,0,0,0,True,,,,
1776723499,997286256,,12.199999809265137,0.0,0.0,0.0,0.0,1.7999999523162842,94.43999481201172,0,0,0,True,,,,
1776723500,47188402,,12.170000076293945,0.0,0.0,0.0,0.0,1.7999999523162842,92.7699966430664,0,0,0,True,,,,
1776723500,97210157,,12.1899995803833,0.0,0.0,0.0,0.0,1.7999999523162842,93.87999725341797,0,0,0,True,,,,
1776723500,147177042,,12.1899995803833,0.0,0.0,0.0,0.0,1.7999999523162842,93.87999725341797,0,0,0,True,,,,
1776723500,197255778,,12.199999809265137,0.0,0.0,0.0,0.0,1.7999999523162842,94.43999481201172,0,0,0,True,,,,
1776723500,247123516,,12.1899995803833,0.0,0.0,0.0,0.0,1.7999999523162842,93.87999725341797,0,0,0,True,,,,
1776723500,297244307,,12.1899995803833,0.0,0.0,0.0,0.0,1.7999999523162842,93.87999725341797,0,0,0,True,,,,
1776723500,347187100,,12.1899995803833,0.0,0.0,0.0,0.0,1.7999999523162842,93.87999725341797,0,0,0,True,,,,
1776723500,397208114,,12.1899995803833,0.0,0.0,0.0,0.0,1.7999999523162842,93.87999725341797,0,0,0,True,,,,
1776723500,447201258,,12.1899995803833,0.0,0.0,0.0,0.0,1.7999999523162842,93.87999725341797,0,0,0,True,,,,
1776723500,497232050,,12.1899995803833,0.0,0.0,0.0,0.0,1.7999999523162842,93.87999725341797,0,0,0,True,,,,
1776723500,547192917,,12.1899995803833,0.0,0.0,0.0,0.0,1.7999999523162842,93.87999725341797,0,0,0,True,,,,
1776723500,597187839,,12.1899995803833,0.0,0.0,0.0,0.0,1.7999999523162842,93.87999725341797,0,0,0,True,,,,
1776723500,647201742,,12.1899995803833,0.0,0.0,0.0,0.0,1.7999999523162842,93.87999725341797,0,0,0,True,,,,
1776723500,697189997,,12.1899995803833,0.0,0.0,0.0,0.0,1.7999999523162842,93.87999725341797,0,0,0,True,,,,
1776723500,747222493,,12.1899995803833,0.0,0.0,0.0,0.0,1.7999999523162842,93.87999725341797,0,0,0,True,,,,
1776723500,797198322,,12.1899995803833,0.0,0.0,0.0,0.0,1.7999999523162842,93.87999725341797,0,0,0,True,,,,
1776723500,847195374,,12.1899995803833,0.0,0.0,0.0,0.0,1.7999999523162842,93.87999725341797,0,0,0,True,,,,
1776723500,897228091,,12.1899995803833,0.0,0.0,0.0,0.0,1.7999999523162842,93.87999725341797,0,0,0,True,,,,
1776723500,947209180,,12.1899995803833,0.0,0.0,0.0,0.0,1.7999999523162842,93.87999725341797,0,0,0,True,,,,
1776723500,997220880,,12.1899995803833,0.0,0.0,0.0,0.0,1.7999999523162842,93.87999725341797,0,0,0,True,,,,
1776723501,47192357,,12.1899995803833,0.0,0.0,0.0,0.0,1.7999999523162842,93.87999725341797,0,0,0,True,,,,
1776723501,97167613,,12.1899995803833,0.0,0.0,0.0,0.0,1.7999999523162842,93.87999725341797,0,0,0,True,,,,
1776723501,147223608,,12.1899995803833,0.0,0.0,0.0,0.0,1.7999999523162842,93.87999725341797,0,0,0,True,,,,
1776723501,197228697,,12.1899995803833,0.0,0.0,0.0,0.0,1.7999999523162842,93.87999725341797,0,0,0,True,,,,
1776723501,247217915,,12.1899995803833,0.0,0.0,0.0,0.0,1.7999999523162842,93.87999725341797,0,0,0,True,,,,
1776723501,297192726,,12.1899995803833,0.0,0.0,0.0,0.0,1.7999999523162842,93.87999725341797,0,0,0,True,,,,
1776723501,347146315,,12.1899995803833,0.0,0.0,0.0,0.0,1.7999999523162842,93.87999725341797,0,0,0,True,,,,
1776723501,397224995,,12.1899995803833,0.0,0.0,0.0,0.0,1.7999999523162842,93.87999725341797,0,0,0,True,,,,
1776723501,447232250,,12.1899995803833,0.0,0.0,0.0,0.0,1.7999999523162842,93.87999725341797,0,0,0,True,,,,
1776723501,497197524,,12.170000076293945,0.0,0.0,0.0,0.0,1.7999999523162842,92.7699966430664,0,0,0,True,,,,
1776723501,547152836,,12.170000076293945,0.0,0.0,0.0,0.0,1.7999999523162842,92.7699966430664,0,0,0,True,,,,
1776723501,597157461,,12.170000076293945,0.0,0.0,0.0,0.0,1.7999999523162842,92.7699966430664,0,0,0,True,,,,
1776723501,647151309,,12.170000076293945,0.0,0.0,0.0,0.0,1.7999999523162842,92.7699966430664,0,0,0,True,,,,
1776723501,697155935,,12.170000076293945,0.0,0.0,0.0,0.0,1.7999999523162842,92.7699966430664,0,0,0,True,,,,
1776723501,747147320,,12.170000076293945,0.0,0.0,0.0,0.0,1.7999999523162842,92.7699966430664,0,0,0,True,,,,
1776723501,797159297,,12.170000076293945,0.0,0.0,0.0,0.0,1.7999999523162842,92.7699966430664,0,0,0,True,,,,
1776723501,847142201,,12.149999618530273,0.0,0.0,0.0,0.0,1.7999999523162842,91.65999603271484,0,0,0,True,,,,
1776723501,897185214,,12.170000076293945,0.0,0.0,0.0,0.0,1.7999999523162842,92.7699966430664,0,0,0,True,,,,
1776723501,947155618,,12.170000076293945,0.0,0.0,0.0,0.0,1.7999999523162842,92.7699966430664,0,0,0,True,,,,
1776723501,997223243,,12.170000076293945,0.0,0.0,0.0,0.0,1.7999999523162842,92.7699966430664,0,0,0,True,,,,
1776723502,48044226,,12.1899995803833,0.0,0.0,0.0,0.0,1.7999999523162842,93.87999725341797,0,0,0,True,,,,
1776723502,97208864,,12.1899995803833,0.0,0.0,0.0,0.0,1.7999999523162842,93.87999725341797,0,0,0,True,,,,
1776723502,147150769,,12.170000076293945,0.0,0.0,0.0,0.0,1.7999999523162842,92.7699966430664,0,0,0,True,,,,
1776723502,197151116,,12.1899995803833,0.0,0.0,0.0,0.0,1.7999999523162842,93.87999725341797,0,0,0,True,,,,
1776723502,247149723,,12.1899995803833,0.0,0.0,0.0,0.0,1.7999999523162842,93.87999725341797,0,0,0,True,,,,
1776723502,297175756,,12.1899995803833,0.0,0.0,0.0,0.0,1.7999999523162842,93.87999725341797,0,0,0,True,,,,
1776723502,347197752,,12.1899995803833,0.0,0.0,0.0,0.0,1.7999999523162842,93.87999725341797,0,0,0,True,,,,
1776723502,397204081,,12.1899995803833,0.0,0.0,0.0,0.0,1.7999999523162842,93.87999725341797,0,0,0,True,,,,
1776723502,447206651,,12.1899995803833,0.0,0.0,0.0,0.0,1.7999999523162842,93.87999725341797,0,0,0,True,,,,
1776723502,497198925,,12.1899995803833,0.0,0.0,0.0,0.0,1.7999999523162842,93.87999725341797,0,0,0,True,,,,
1776723502,547199143,,12.1899995803833,0.0,0.0,0.0,0.0,1.7999999523162842,93.87999725341797,0,0,0,True,,,,
1776723502,597179880,,12.1899995803833,0.0,0.0,0.0,0.0,1.7999999523162842,93.87999725341797,0,0,0,True,,,,
1776723502,647183783,,12.1899995803833,0.0,0.0,0.0,0.0,1.7999999523162842,93.87999725341797,0,0,0,True,,,,
1776723502,697160427,,12.170000076293945,0.0,0.0,0.0,0.0,1.7999999523162842,92.7699966430664,0,0,0,True,,,,
1776723502,747492641,,12.170000076293945,0.0,0.0,0.0,0.0,1.7999999523162842,92.7699966430664,0,0,0,True,,,,
1776723502,797185493,,12.1899995803833,0.0,0.0,0.0,0.0,1.7999999523162842,93.87999725341797,0,0,0,True,,,,
1776723502,847150341,,12.1899995803833,0.0,0.0,0.0,0.0,1.7999999523162842,93.87999725341797,0,0,0,True,,,,
1776723502,897202299,,12.170000076293945,0.0,0.0,0.0,0.0,1.7999999523162842,92.7699966430664,0,0,0,True,,,,
1776723502,947146407,,12.1899995803833,0.0,0.0,0.0,0.0,1.7999999523162842,93.87999725341797,0,0,0,True,,,,
1776723502,997180014,,12.1899995803833,0.0,0.0,0.0,0.0,1.7999999523162842,93.87999725341797,0,0,0,True,,,,
1776723503,47168325,,12.1899995803833,0.0,0.0,0.0,0.0,1.7999999523162842,93.87999725341797,0,0,0,True,,,,
1776723503,97207857,,12.1899995803833,0.0,0.0,0.0,0.0,1.7999999523162842,93.87999725341797,0,0,0,True,,,,
1776723503,147185131,,12.1899995803833,0.0,0.0,0.0,0.0,1.7999999523162842,93.87999725341797,0,0,0,True,,,,
1776723503,197174813,,12.1899995803833,0.0,0.0,0.0,0.0,1.7999999523162842,93.87999725341797,0,0,0,True,,,,
1776723503,247113217,,12.1899995803833,0.0,0.0,0.0,0.0,1.7999999523162842,93.87999725341797,0,0,0,True,,,,
1776723503,297170082,,12.1899995803833,0.0,0.0,0.0,0.0,1.7999999523162842,93.87999725341797,0,0,0,True,,,,
1776723503,347133745,,12.1899995803833,0.0,0.0,0.0,0.0,1.7999999523162842,93.87999725341797,0,0,0,True,,,,
1776723503,397155482,,12.1899995803833,0.0,0.0,0.0,0.0,1.7999999523162842,93.87999725341797,0,0,0,True,,,,
1776723503,447163015,,12.1899995803833,0.0,0.0,0.0,0.0,1.7999999523162842,93.87999725341797,0,0,0,True,,,,
1776723503,497201325,,12.1899995803833,0.0,0.0,0.0,0.0,1.7999999523162842,93.87999725341797,0,0,0,True,,,,
1776723503,547107526,,12.1899995803833,0.0,0.0,0.0,0.0,1.7999999523162842,93.87999725341797,0,0,0,True,,,,
1776723503,597204502,,12.1899995803833,0.0,0.0,0.0,0.0,1.7999999523162842,93.87999725341797,0,0,0,True,,,,
1776723503,647160424,,12.1899995803833,0.0,0.0,0.0,0.0,1.7999999523162842,93.87999725341797,0,0,0,True,,,,
1776723503,697226049,,12.199999809265137,0.0,0.0,0.0,0.0,1.7999999523162842,94.43999481201172,0,0,0,True,,,,
1776723503,747166249,,12.199999809265137,0.0,0.0,0.0,0.0,1.7999999523162842,94.43999481201172,0,0,0,True,,,,
1776723503,797180912,,12.1899995803833,0.0,0.0,0.0,0.0,1.7999999523162842,93.87999725341797,0,0,0,True,,,,
1776723503,847104298,,12.1899995803833,0.0,0.0,0.0,0.0,1.7999999523162842,93.87999725341797,0,0,0,True,,,,
1776723503,897185089,,12.199999809265137,0.0,0.0,0.0,0.0,1.7999999523162842,94.43999481201172,0,0,0,True,,,,
1776723503,947102919,,12.199999809265137,0.0,0.0,0.0,0.0,1.7999999523162842,94.43999481201172,0,0,0,True,,,,
1776723503,997179599,,12.199999809265137,0.0,0.0,0.0,0.0,1.7999999523162842,94.43999481201172,0,0,0,True,,,,
1776723504,47164614,,12.1899995803833,0.0,0.0,0.0,0.0,1.7999999523162842,93.87999725341797,0,0,0,True,,,,
1776723504,97120277,,12.199999809265137,0.0,0.0,0.0,0.0,1.7999999523162842,94.43999481201172,0,0,0,True,,,,
1776723504,147108051,,12.199999809265137,0.0,0.0,0.0,0.0,1.7999999523162842,94.43999481201172,0,0,0,True,,,,
1776723504,197177546,,12.170000076293945,0.0,0.0,0.0,0.0,1.7999999523162842,92.7699966430664,0,0,0,True,,,,
1776723504,247186338,,12.1899995803833,0.0,0.0,0.0,0.0,1.7999999523162842,93.87999725341797,0,0,0,True,,,,
1776723504,297146261,,12.199999809265137,0.0,0.0,0.0,0.0,1.7999999523162842,94.43999481201172,0,0,0,True,,,,
1776723504,347117053,,12.1899995803833,0.0,0.0,0.0,0.0,1.7999999523162842,93.87999725341797,0,0,0,True,,,,
1776723504,397133179,,12.199999809265137,0.0,0.0,0.0,0.0,1.7999999523162842,94.43999481201172,0,0,0,True,,,,
1776723504,447074287,,12.1899995803833,0.0,0.0,0.0,0.0,1.7999999523162842,93.87999725341797,0,0,0,True,,,,
1776723504,497136411,,12.219999313354492,0.0,0.0,0.0,0.0,1.7999999523162842,95.54999542236328,0,0,0,True,,,,
1776723504,547083593,,12.1899995803833,0.0,0.0,0.0,0.0,1.7999999523162842,93.87999725341797,0,0,0,True,,,,
1776723504,597148032,,12.1899995803833,0.0,0.0,0.0,0.0,1.7999999523162842,93.87999725341797,0,0,0,True,,,,
1776723504,647121714,,12.1899995803833,0.0,0.0,0.0,0.0,1.7999999523162842,93.87999725341797,0,0,0,True,,,,
1776723504,697168135,,12.1899995803833,0.0,0.0,0.0,0.0,1.7999999523162842,93.87999725341797,0,0,0,True,,,,
1776723504,747163798,,12.199999809265137,0.0,0.0,0.0,0.0,1.7999999523162842,94.43999481201172,0,0,0,True,,,,
1776723504,797121609,,12.199999809265137,0.0,0.0,0.0,0.0,1.7999999523162842,94.43999481201172,0,0,0,True,,,,
1776723504,847168308,,12.199999809265137,0.0,0.0,0.0,0.0,1.7999999523162842,94.43999481201172,0,0,0,True,,,,
1776723504,897238396,,12.199999809265137,0.0,0.0,0.0,0.0,1.7999999523162842,94.43999481201172,0,0,0,True,,,,
1776723504,947128727,,12.199999809265137,0.0,0.0,0.0,0.0,1.7999999523162842,94.43999481201172,0,0,0,True,,,,
1776723504,997130834,,12.1899995803833,0.0,0.0,0.0,0.0,1.7999999523162842,93.87999725341797,0,0,0,True,,,,
1776723505,47081497,,12.1899995803833,0.0,0.0,0.0,0.0,1.7999999523162842,93.87999725341797,0,0,0,True,,,,
1776723505,97134992,,12.199999809265137,0.0,0.0,0.0,0.0,1.7999999523162842,94.43999481201172,0,0,0,True,,,,
1776723505,147129266,,12.1899995803833,0.0,0.0,0.0,0.0,1.7999999523162842,93.87999725341797,0,0,0,True,,,,
1776723505,197180465,,12.1899995803833,0.0,0.0,0.0,0.0,1.7999999523162842,93.87999725341797,0,0,0,True,,,,
1776723505,247156146,,12.199999809265137,0.0,0.0,0.0,0.0,1.7999999523162842,94.43999481201172,0,0,0,True,,,,
1776723505,297221789,,12.1899995803833,0.0,0.0,0.0,0.0,1.7999999523162842,93.87999725341797,0,0,0,True,,,,
1776723505,347107657,,12.1899995803833,0.0,0.0,0.0,0.0,1.7999999523162842,93.87999725341797,0,0,0,True,,,,
1776723505,397124060,,12.1899995803833,0.0,0.0,0.0,0.0,1.7999999523162842,93.87999725341797,0,0,0,True,,,,
1776723505,447093612,,12.1899995803833,0.0,0.0,0.0,0.0,1.7999999523162842,93.87999725341797,0,0,0,True,,,,
1776723505,497147089,,12.1899995803833,0.0,0.0,0.0,0.0,1.7999999523162842,93.87999725341797,0,0,0,True,,,,
1776723505,547144696,,12.1899995803833,0.0,0.0,0.0,0.0,1.7999999523162842,93.87999725341797,0,0,0,True,,,,
1776723505,597162192,,12.1899995803833,0.0,0.0,0.0,0.0,1.7999999523162842,93.87999725341797,0,0,0,True,,,,
1776723505,647162502,,12.1899995803833,0.0,0.0,0.0,0.0,1.7999999523162842,93.87999725341797,0,0,0,True,,,,
1776723505,697160795,,12.1899995803833,0.0,0.0,0.0,0.0,1.7999999523162842,93.87999725341797,0,0,0,True,,,,
1776723505,747137902,,12.170000076293945,0.0,0.0,0.0,0.0,1.7999999523162842,92.7699966430664,0,0,0,True,,,,
1776723505,797111250,,12.1899995803833,0.0,0.0,0.0,0.0,1.7999999523162842,93.87999725341797,0,0,0,True,,,,
1776723505,847042951,,12.170000076293945,0.0,0.0,0.0,0.0,1.7999999523162842,92.7699966430664,0,0,0,True,,,,
1776723505,897123094,,12.1899995803833,0.0,0.0,0.0,0.0,1.7999999523162842,93.87999725341797,0,0,0,True,,,,
1776723505,947088016,,12.1899995803833,0.0,0.0,0.0,0.0,1.7999999523162842,93.87999725341797,0,0,0,True,,,,
1776723505,997175640,,12.170000076293945,0.0,0.0,0.0,0.0,1.7999999523162842,92.7699966430664,0,0,0,True,,,,
1776723506,47110100,,12.1899995803833,0.0,0.0,0.0,0.0,1.7999999523162842,93.87999725341797,0,0,0,True,,,,
1776723506,97140003,,12.1899995803833,0.0,0.0,0.0,0.0,1.7999999523162842,93.87999725341797,0,0,0,True,,,,
1776723506,147287219,,12.1899995803833,0.0,0.0,0.0,0.0,1.7999999523162842,93.87999725341797,0,0,0,True,,,,
1776723506,197104459,,12.1899995803833,0.0,0.0,0.0,0.0,1.7999999523162842,93.87999725341797,0,0,0,True,,,,
1776723506,247120343,,12.1899995803833,0.0,0.0,0.0,0.0,1.7999999523162842,93.87999725341797,0,0,0,True,,,,
1776723506,297147765,,12.170000076293945,0.0,0.0,0.0,0.0,1.7999999523162842,92.7699966430664,0,0,0,True,,,,
1776723506,347082854,,12.1899995803833,0.0,0.0,0.0,0.0,1.7999999523162842,93.87999725341797,0,0,0,True,,,,
1776723506,397113572,,12.1899995803833,0.0,0.0,0.0,0.0,1.7999999523162842,93.87999725341797,0,0,0,True,,,,
1776723506,447052495,,12.170000076293945,0.0,0.0,0.0,0.0,1.7999999523162842,92.7699966430664,0,0,0,True,,,,
1776723506,497115545,,12.1899995803833,0.0,0.0,0.0,0.0,1.7999999523162842,93.87999725341797,0,0,0,True,,,,
1776723506,547122059,,12.1899995803833,0.0,0.0,0.0,0.0,1.7999999523162842,93.87999725341797,0,0,0,True,,,,
1776723506,597118611,,12.1899995803833,0.0,0.0,0.0,0.0,1.7999999523162842,93.87999725341797,0,0,0,True,,,,
1776723506,647120885,,12.1899995803833,0.0,0.0,0.0,0.0,1.7999999523162842,93.87999725341797,0,0,0,True,,,,
1776723506,697092548,,12.1899995803833,0.0,0.0,0.0,0.0,1.7999999523162842,93.87999725341797,0,0,0,True,,,,
1776723506,747113377,,12.170000076293945,0.0,0.0,0.0,0.0,1.7999999523162842,92.7699966430664,0,0,0,True,,,,
1776723506,797076762,,12.1899995803833,0.0,0.0,0.0,0.0,1.7999999523162842,93.87999725341797,0,0,0,True,,,,
1776723506,847091684,,12.1899995803833,0.0,0.0,0.0,0.0,1.7999999523162842,93.87999725341797,0,0,0,True,,,,
1776723506,897103087,,12.1899995803833,0.0,0.0,0.0,0.0,1.7999999523162842,93.87999725341797,0,0,0,True,,,,
1776723506,947195489,,12.170000076293945,0.0,0.0,0.0,0.0,1.7999999523162842,92.7699966430664,0,0,0,True,,,,
1776723506,997102505,,12.170000076293945,0.0,0.0,0.0,0.0,1.7999999523162842,92.7699966430664,0,0,0,True,,,,
1776723507,47138630,,12.170000076293945,0.0,0.0,0.0,0.0,1.7999999523162842,92.7699966430664,0,0,0,True,,,,
1776723507,97129570,,12.1899995803833,0.0,0.0,0.0,0.0,1.7999999523162842,93.87999725341797,0,0,0,True,,,,
1776723507,147138584,,12.170000076293945,0.0,0.0,0.0,0.0,1.7999999523162842,92.7699966430664,0,0,0,True,,,,
1776723507,197108303,,12.170000076293945,0.0,0.0,0.0,0.0,1.7999999523162842,92.7699966430664,0,0,0,True,,,,
1776723507,247113540,,12.1899995803833,0.0,0.0,0.0,0.0,1.7999999523162842,93.87999725341797,0,0,0,True,,,,
1776723507,297088129,,12.1899995803833,0.0,0.0,0.0,0.0,1.7999999523162842,93.87999725341797,0,0,0,True,,,,
1776723507,347117346,,12.170000076293945,0.0,0.0,0.0,0.0,1.7999999523162842,92.7699966430664,0,0,0,True,,,,
1776723507,397100620,,12.170000076293945,0.0,0.0,0.0,0.0,1.7999999523162842,92.7699966430664,0,0,0,True,,,,
1776723507,447097172,,12.1899995803833,0.0,0.0,0.0,0.0,1.7999999523162842,93.87999725341797,0,0,0,True,,,,
1776723507,497089872,,12.170000076293945,0.0,0.0,0.0,0.0,1.7999999523162842,92.7699966430664,0,0,0,True,,,,
1776723507,547070312,,12.170000076293945,0.0,0.0,0.0,0.0,1.7999999523162842,92.7699966430664,0,0,0,True,,,,
1776723507,597133807,,12.170000076293945,0.0,0.0,0.0,0.0,1.7999999523162842,92.7699966430664,0,0,0,True,,,,
1776723507,647057193,,12.1899995803833,0.0,0.0,0.0,0.0,1.7999999523162842,93.87999725341797,0,0,0,True,,,,
1776723507,697117355,,12.1899995803833,0.0,0.0,0.0,0.0,1.7999999523162842,93.87999725341797,0,0,0,True,,,,
1776723507,747094870,,12.170000076293945,0.0,0.0,0.0,0.0,1.7999999523162842,92.7699966430664,0,0,0,True,,,,
1776723507,797165920,,12.170000076293945,0.0,0.0,0.0,0.0,1.7999999523162842,92.7699966430664,0,0,0,True,,,,
1776723507,847148713,,12.1899995803833,0.0,0.0,0.0,0.0,1.7999999523162842,93.87999725341797,0,0,0,True,,,,
1776723507,897155505,,12.1899995803833,0.0,0.0,0.0,0.0,1.7999999523162842,93.87999725341797,0,0,0,True,,,,
1776723507,947052873,,12.1899995803833,0.0,0.0,0.0,0.0,1.7999999523162842,93.87999725341797,0,0,0,True,,,,
1776723507,997099849,,12.1899995803833,0.0,0.0,0.0,0.0,1.7999999523162842,93.87999725341797,0,0,0,True,,,,
1776723508,47048290,,12.1899995803833,0.0,0.0,0.0,0.0,1.7999999523162842,93.87999725341797,0,0,0,True,,,,
1776723508,97133415,,12.1899995803833,0.0,0.0,0.0,0.0,1.7999999523162842,93.87999725341797,0,0,0,True,,,,
1776723508,147030912,,12.1899995803833,0.0,0.0,0.0,0.0,1.7999999523162842,93.87999725341797,0,0,0,True,,,,
1776723508,197130573,,12.1899995803833,0.0,0.0,0.0,0.0,1.7999999523162842,93.87999725341797,0,0,0,True,,,,
1776723508,247103236,,12.1899995803833,0.0,0.0,0.0,0.0,1.7999999523162842,93.87999725341797,0,0,0,True,,,,
1776723508,297139491,,12.1899995803833,0.0,0.0,0.0,0.0,1.7999999523162842,93.87999725341797,0,0,0,True,,,,
1776723508,347070358,,12.1899995803833,0.0,0.0,0.0,0.0,1.7999999523162842,93.87999725341797,0,0,0,True,,,,
1776723508,397174612,,12.1899995803833,0.0,0.0,0.0,0.0,1.7999999523162842,93.87999725341797,0,0,0,True,,,,
1776723508,447044610,,12.1899995803833,0.0,0.0,0.0,0.0,1.7999999523162842,93.87999725341797,0,0,0,True,,,,
1776723508,497007625,,12.1899995803833,0.0,0.0,0.0,0.0,1.7999999523162842,93.87999725341797,0,0,0,True,,,,
1776723508,547105397,,12.1899995803833,0.0,0.0,0.0,0.0,1.7999999523162842,93.87999725341797,0,0,0,True,,,,
1776723508,597075801,,12.199999809265137,0.0,0.0,0.0,0.0,1.7999999523162842,94.43999481201172,0,0,0,True,,,,
1776723508,647106352,,12.199999809265137,0.0,0.0,0.0,0.0,1.7999999523162842,94.43999481201172,0,0,0,True,,,,
1776723508,697102070,,12.1899995803833,0.0,0.0,0.0,0.0,1.7999999523162842,93.87999725341797,0,0,0,True,,,,
1776723508,747054826,,12.1899995803833,0.0,0.0,0.0,0.0,1.7999999523162842,93.87999725341797,0,0,0,True,,,,
1776723508,797112858,,12.199999809265137,0.0,0.0,0.0,0.0,1.7999999523162842,94.43999481201172,0,0,0,True,,,,
1776723508,847063503,,12.170000076293945,0.0,0.0,0.0,0.0,1.7999999523162842,92.7699966430664,0,0,0,True,,,,
1776723508,897027203,,12.1899995803833,0.0,0.0,0.0,0.0,1.7999999523162842,93.87999725341797,0,0,0,True,,,,
1776723508,947059347,,12.1899995803833,0.0,0.0,0.0,0.0,1.7999999523162842,93.87999725341797,0,0,0,True,,,,
1776723508,997008103,,12.1899995803833,0.0,0.0,0.0,0.0,1.7999999523162842,93.87999725341797,0,0,0,True,,,,
1776723509,47057024,,12.1899995803833,0.0,0.0,0.0,0.0,1.7999999523162842,93.87999725341797,0,0,0,True,,,,
1776723509,97060983,,12.1899995803833,0.0,0.0,0.0,0.0,1.7999999523162842,93.87999725341797,0,0,0,True,,,,
1776723509,147066978,,12.1899995803833,0.0,0.0,0.0,0.0,1.7999999523162842,93.87999725341797,0,0,0,True,,,,
1776723509,197085826,,12.1899995803833,0.0,0.0,0.0,0.0,1.7999999523162842,93.87999725341797,0,0,0,True,,,,
1776723509,247081470,,12.1899995803833,0.0,0.0,0.0,0.0,1.7999999523162842,93.87999725341797,0,0,0,True,,,,
1776723509,297003801,,12.1899995803833,0.0,0.0,0.0,0.0,1.7999999523162842,93.87999725341797,0,0,0,True,,,,
1776723509,347062573,,12.1899995803833,0.0,0.0,0.0,0.0,1.7999999523162842,93.87999725341797,0,0,0,True,,,,
1776723509,397136550,,12.1899995803833,0.0,0.0,0.0,0.0,1.7999999523162842,93.87999725341797,0,0,0,True,,,,
1776723509,447052954,,12.1899995803833,0.0,0.0,0.0,0.0,1.7999999523162842,93.87999725341797,0,0,0,True,,,,
1776723509,497102524,,12.1899995803833,0.0,0.0,0.0,0.0,1.7999999523162842,93.87999725341797,0,0,0,True,,,,
1776723509,547060872,,12.1899995803833,0.0,0.0,0.0,0.0,1.7999999523162842,93.87999725341797,0,0,0,True,,,,
1776723509,597086108,,12.1899995803833,0.0,0.0,0.0,0.0,1.7999999523162842,93.87999725341797,0,0,0,True,,,,
1776723509,647010772,,12.1899995803833,0.0,0.0,0.0,0.0,1.7999999523162842,93.87999725341797,0,0,0,True,,,,
1776723509,697076137,,12.1899995803833,0.0,0.0,0.0,0.0,1.7999999523162842,93.87999725341797,0,0,0,True,,,,
1776723509,747171650,,12.1899995803833,0.0,0.0,0.0,0.0,1.7999999523162842,93.87999725341797,0,0,0,True,,,,
1776723509,796991760,,12.170000076293945,0.0,0.0,0.0,0.0,1.7999999523162842,92.7699966430664,0,0,0,True,,,,
1776723509,847020293,,12.1899995803833,0.0,0.0,0.0,0.0,1.7999999523162842,93.87999725341797,0,0,0,True,,,,
1776723509,897100658,,12.1899995803833,0.0,0.0,0.0,0.0,1.7999999523162842,93.87999725341797,0,0,0,True,,,,
1776723509,947009081,,12.1899995803833,0.0,0.0,0.0,0.0,1.7999999523162842,93.87999725341797,0,0,0,True,,,,
1776723509,997091131,,12.1899995803833,0.0,0.0,0.0,0.0,1.7999999523162842,93.87999725341797,0,0,0,True,,,,
1776723510,47084146,,12.1899995803833,0.0,0.0,0.0,0.0,1.7999999523162842,93.87999725341797,0,0,0,True,,,,
1776723510,97088494,,12.1899995803833,0.0,0.0,0.0,0.0,1.7999999523162842,93.87999725341797,0,0,0,True,,,,
1776723510,147026157,,12.199999809265137,0.0,0.0,0.0,0.0,1.7999999523162842,94.43999481201172,0,0,0,True,,,,
1776723510,197000802,,12.1899995803833,0.0,0.0,0.0,0.0,1.7999999523162842,93.87999725341797,0,0,0,True,,,,
1776723510,247020075,,12.1899995803833,0.0,0.0,0.0,0.0,1.7999999523162842,93.87999725341797,0,0,0,True,,,,
1776723510,297011404,,12.1899995803833,0.0,0.0,0.0,0.0,1.7999999523162842,93.87999725341797,0,0,0,True,,,,
1776723510,347011456,,12.199999809265137,0.0,0.0,0.0,0.0,1.7999999523162842,94.43999481201172,0,0,0,True,,,,
1776723510,397069747,,12.1899995803833,0.0,0.0,0.0,0.0,1.7999999523162842,93.87999725341797,0,0,0,True,,,,
1776723510,447038873,,12.1899995803833,0.0,0.0,0.0,0.0,1.7999999523162842,93.87999725341797,0,0,0,True,,,,
1776723510,497013851,,12.199999809265137,0.0,0.0,0.0,0.0,1.7999999523162842,94.43999481201172,0,0,0,True,,,,
1776723510,547056680,,12.1899995803833,0.0,0.0,0.0,0.0,1.7999999523162842,93.87999725341797,0,0,0,True,,,,
1776723510,597098379,,12.1899995803833,0.0,0.0,0.0,0.0,1.7999999523162842,93.87999725341797,0,0,0,True,,,,
1776723510,647044431,,12.1899995803833,0.0,0.0,0.0,0.0,1.7999999523162842,93.87999725341797,0,0,0,True,,,,
1776723510,696981687,,12.1899995803833,0.0,0.0,0.0,0.0,1.7999999523162842,93.87999725341797,0,0,0,True,,,,
1776723510,747096126,,12.1899995803833,0.0,0.0,0.0,0.0,1.7999999523162842,93.87999725341797,0,0,0,True,,,,
1776723510,797015197,,12.1899995803833,0.0,0.0,0.0,0.0,1.7999999523162842,93.87999725341797,0,0,0,True,,,,
1776723510,847039341,,12.1899995803833,0.0,0.0,0.0,0.0,1.7999999523162842,93.87999725341797,0,0,0,True,,,,
1776723510,897021244,,12.1899995803833,0.0,0.0,0.0,0.0,1.7999999523162842,93.87999725341797,0,0,0,True,,,,
1776723510,947036277,,12.1899995803833,0.0,0.0,0.0,0.0,1.7999999523162842,93.87999725341797,0,0,0,True,,,,
1776723510,996996922,,12.1899995803833,0.0,0.0,0.0,0.0,1.7999999523162842,93.87999725341797,0,0,0,True,,,,
1776723511,47016140,,12.199999809265137,0.0,0.0,0.0,0.0,1.7999999523162842,94.43999481201172,0,0,0,True,,,,
1776723511,97008247,,12.1899995803833,0.0,0.0,0.0,0.0,1.7999999523162842,93.87999725341797,0,0,0,True,,,,
1776723511,147020780,,12.1899995803833,0.0,0.0,0.0,0.0,1.7999999523162842,93.87999725341797,0,0,0,True,,,,
1776723511,196998554,,12.170000076293945,0.0,0.0,0.0,0.0,1.7999999523162842,92.7699966430664,0,0,0,True,,,,
1776723511,247040567,,12.1899995803833,0.0,0.0,0.0,0.0,1.7999999523162842,93.87999725341797,0,0,0,True,,,,
1776723511,297004638,,12.1899995803833,0.0,0.0,0.0,0.0,1.7999999523162842,93.87999725341797,0,0,0,True,,,,
1776723511,347033300,,12.199999809265137,0.0,0.0,0.0,0.0,1.7999999523162842,94.43999481201172,0,0,0,True,,,,
1776723511,397078740,,12.1899995803833,0.0,0.0,0.0,0.0,1.7999999523162842,93.87999725341797,0,0,0,True,,,,
1776723511,447120846,,12.1899995803833,0.0,0.0,0.0,0.0,1.7999999523162842,93.87999725341797,0,0,0,True,,,,
1776723511,497016455,,12.170000076293945,0.0,0.0,0.0,0.0,1.7999999523162842,92.7699966430664,0,0,0,True,,,,
1776723511,546984470,,12.170000076293945,0.0,0.0,0.0,0.0,1.7999999523162842,92.7699966430664,0,0,0,True,,,,
1776723511,597013169,,12.170000076293945,0.0,0.0,0.0,0.0,1.7999999523162842,92.7699966430664,0,0,0,True,,,,
1776723511,646988684,,12.1899995803833,0.0,0.0,0.0,0.0,1.7999999523162842,93.87999725341797,0,0,0,True,,,,
1776723511,697095734,,12.170000076293945,0.0,0.0,0.0,0.0,1.7999999523162842,92.7699966430664,0,0,0,True,,,,
1776723511,746987453,,12.170000076293945,0.0,0.0,0.0,0.0,1.7999999523162842,92.7699966430664,0,0,0,True,,,,
1776723511,796986931,,12.170000076293945,0.0,0.0,0.0,0.0,1.7999999523162842,92.7699966430664,0,0,0,True,,,,
1776723511,847002427,,12.170000076293945,0.0,0.0,0.0,0.0,1.7999999523162842,92.7699966430664,0,0,0,True,,,,
1776723511,896957738,,12.170000076293945,0.0,0.0,0.0,0.0,1.7999999523162842,92.7699966430664,0,0,0,True,,,,
1776723511,947028733,,12.1899995803833,0.0,0.0,0.0,0.0,1.7999999523162842,93.87999725341797,0,0,0,True,,,,
1776723511,997105431,,12.1899995803833,0.0,0.0,0.0,0.0,1.7999999523162842,93.87999725341797,0,0,0,True,,,,
1776723512,46999670,,12.1899995803833,0.0,0.0,0.0,0.0,1.7999999523162842,93.87999725341797,0,0,0,True,,,,
1776723512,97014888,,12.1899995803833,0.0,0.0,0.0,0.0,1.7999999523162842,93.87999725341797,0,0,0,True,,,,
1776723512,146995495,,12.1899995803833,0.0,0.0,0.0,0.0,1.7999999523162842,93.87999725341797,0,0,0,True,,,,
1776723512,197001676,,12.1899995803833,0.0,0.0,0.0,0.0,1.7999999523162842,93.87999725341797,0,0,0,True,,,,
1776723512,247002394,,12.1899995803833,0.0,0.0,0.0,0.0,1.7999999523162842,93.87999725341797,0,0,0,True,,,,
1776723512,297074778,,12.1899995803833,0.0,0.0,0.0,0.0,1.7999999523162842,93.87999725341797,0,0,0,True,,,,
1776723512,346986349,,12.1899995803833,0.0,0.0,0.0,0.0,1.7999999523162842,93.87999725341797,0,0,0,True,,,,
1776723512,397103251,,12.1899995803833,0.0,0.0,0.0,0.0,1.7999999523162842,93.87999725341797,0,0,0,True,,,,
1776723512,446992859,,12.1899995803833,0.0,0.0,0.0,0.0,1.7999999523162842,93.87999725341797,0,0,0,True,,,,
1776723512,497012948,,12.1899995803833,0.0,0.0,0.0,0.0,1.7999999523162842,93.87999725341797,0,0,0,True,,,,
1776723512,547022962,,12.1899995803833,0.0,0.0,0.0,0.0,1.7999999523162842,93.87999725341797,0,0,0,True,,,,
1776723512,596992421,,12.1899995803833,0.0,0.0,0.0,0.0,1.7999999523162842,93.87999725341797,0,0,0,True,,,,
1776723512,646982954,,12.1899995803833,0.0,0.0,0.0,0.0,1.7999999523162842,93.87999725341797,0,0,0,True,,,,
1776723512,696979784,,12.199999809265137,0.0,0.0,0.0,0.0,1.7999999523162842,94.43999481201172,0,0,0,True,,,,
1776723512,747053353,,12.1899995803833,0.0,0.0,0.0,0.0,1.7999999523162842,93.87999725341797,0,0,0,True,,,,
1776723512,797160514,,12.1899995803833,0.0,0.0,0.0,0.0,1.7999999523162842,93.87999725341797,0,0,0,True,,,,
1776723512,847037197,,12.1899995803833,0.0,0.0,0.0,0.0,1.7999999523162842,93.87999725341797,0,0,0,True,,,,
1776723512,897168005,,12.1899995803833,0.0,0.0,0.0,0.0,1.7999999523162842,93.87999725341797,0,0,0,True,,,,
1776723512,947032966,,12.1899995803833,0.0,0.0,0.0,0.0,1.7999999523162842,93.87999725341797,0,0,0,True,,,,
1776723512,996988111,,12.1899995803833,0.0,0.0,0.0,0.0,1.7999999523162842,93.87999725341797,0,0,0,True,,,,
1776723513,47051662,,12.1899995803833,0.0,0.0,0.0,0.0,1.7999999523162842,93.87999725341797,0,0,0,True,,,,
1776723513,96987047,,12.1899995803833,0.0,0.0,0.0,0.0,1.7999999523162842,93.87999725341797,0,0,0,True,,,,
1776723513,147039839,,12.1899995803833,0.0,0.0,0.0,0.0,1.7999999523162842,93.87999725341797,0,0,0,True,,,,
1776723513,196982299,,12.199999809265137,0.0,0.0,0.0,0.0,1.7999999523162842,94.43999481201172,0,0,0,True,,,,
1776723513,246996683,,12.1899995803833,0.0,0.0,0.0,0.0,1.7999999523162842,93.87999725341797,0,0,0,True,,,,
1776723513,296973328,,12.199999809265137,0.0,0.0,0.0,0.0,1.7999999523162842,94.43999481201172,0,0,0,True,,,,
1776723513,346984416,,12.1899995803833,0.0,0.0,0.0,0.0,1.7999999523162842,93.87999725341797,0,0,0,True,,,,
1776723513,397080466,,12.1899995803833,0.0,0.0,0.0,0.0,1.7999999523162842,93.87999725341797,0,0,0,True,,,,
1776723513,447008815,,12.170000076293945,0.0,0.0,0.0,0.0,1.7999999523162842,92.7699966430664,0,0,0,True,,,,
1776723513,497183660,,12.170000076293945,0.0,0.0,0.0,0.0,1.7999999523162842,92.7699966430664,0,0,0,True,,,,
1776723513,546999733,,12.1899995803833,0.0,0.0,0.0,0.0,1.7999999523162842,93.87999725341797,0,0,0,True,,,,
1776723513,596970970,,12.1899995803833,0.0,0.0,0.0,0.0,1.7999999523162842,93.87999725341797,0,0,0,True,,,,
1776723513,646982132,,12.1899995803833,0.0,0.0,0.0,0.0,1.7999999523162842,93.87999725341797,0,0,0,True,,,,
1776723513,696953832,,12.1899995803833,0.0,0.0,0.0,0.0,1.7999999523162842,93.87999725341797,0,0,0,True,,,,
1776723513,746975958,,12.1899995803833,0.0,0.0,0.0,0.0,1.7999999523162842,93.87999725341797,0,0,0,True,,,,
1776723513,796956269,,12.1899995803833,0.0,0.0,0.0,0.0,1.7999999523162842,93.87999725341797,0,0,0,True,,,,
1776723513,846993357,,12.1899995803833,0.0,0.0,0.0,0.0,1.7999999523162842,93.87999725341797,0,0,0,True,,,,
1776723513,897002482,,12.1899995803833,0.0,0.0,0.0,0.0,1.7999999523162842,93.87999725341797,0,0,0,True,,,,
1776723513,946944664,,12.1899995803833,0.0,0.0,0.0,0.0,1.7999999523162842,93.87999725341797,0,0,0,True,,,,
1776723513,996998141,,12.1899995803833,0.0,0.0,0.0,0.0,1.7999999523162842,93.87999725341797,0,0,0,True,,,,
1776723514,46968600,,12.1899995803833,0.0,0.0,0.0,0.0,1.7999999523162842,93.87999725341797,0,0,0,True,,,,
1776723514,96984337,,12.1899995803833,0.0,0.0,0.0,0.0,1.7999999523162842,93.87999725341797,0,0,0,True,,,,
1776723514,146997536,,12.199999809265137,0.0,0.0,0.0,0.0,1.7999999523162842,94.43999481201172,0,0,0,True,,,,
1776723514,196986477,,12.1899995803833,0.0,0.0,0.0,0.0,1.7999999523162842,93.87999725341797,0,0,0,True,,,,
1776723514,246984213,,12.1899995803833,0.0,0.0,0.0,0.0,1.7999999523162842,93.87999725341797,0,0,0,True,,,,
1776723514,297070800,,12.1899995803833,0.0,0.0,0.0,0.0,1.7999999523162842,93.87999725341797,0,0,0,True,,,,
1776723514,346976113,,12.1899995803833,0.0,0.0,0.0,0.0,1.7999999523162842,93.87999725341797,0,0,0,True,,,,
1776723514,396990053,,12.1899995803833,0.0,0.0,0.0,0.0,1.7999999523162842,93.87999725341797,0,0,0,True,,,,
1776723514,446963271,,12.1899995803833,0.0,0.0,0.0,0.0,1.7999999523162842,93.87999725341797,0,0,0,True,,,,
1776723514,496966712,,12.1899995803833,0.0,0.0,0.0,0.0,1.7999999523162842,93.87999725341797,0,0,0,True,,,,
1776723514,546955615,,12.1899995803833,0.0,0.0,0.0,0.0,1.7999999523162842,93.87999725341797,0,0,0,True,,,,
1776723514,596971426,,12.1899995803833,0.0,0.0,0.0,0.0,1.7999999523162842,93.87999725341797,0,0,0,True,,,,
1776723514,646948755,,12.1899995803833,0.0,0.0,0.0,0.0,1.7999999523162842,93.87999725341797,0,0,0,True,,,,
1776723514,696990306,,12.1899995803833,0.0,0.0,0.0,0.0,1.7999999523162842,93.87999725341797,0,0,0,True,,,,
1776723514,746999598,,12.1899995803833,0.0,0.0,0.0,0.0,1.7999999523162842,93.87999725341797,0,0,0,True,,,,
1776723514,797078093,,12.1899995803833,0.0,0.0,0.0,0.0,1.7999999523162842,93.87999725341797,0,0,0,True,,,,
1776723514,846944350,,12.1899995803833,0.0,0.0,0.0,0.0,1.7999999523162842,93.87999725341797,0,0,0,True,,,,
1776723514,896961938,,12.1899995803833,0.0,0.0,0.0,0.0,1.7999999523162842,93.87999725341797,0,0,0,True,,,,
1776723514,946987323,,12.1899995803833,0.0,0.0,0.0,0.0,1.7999999523162842,93.87999725341797,0,0,0,True,,,,
1776723514,996951745,,12.1899995803833,0.0,0.0,0.0,0.0,1.7999999523162842,93.87999725341797,0,0,0,True,,,,
1776723515,46951038,,12.1899995803833,0.0,0.0,0.0,0.0,1.7999999523162842,93.87999725341797,0,0,0,True,,,,
1776723515,96964515,,12.1899995803833,0.0,0.0,0.0,0.0,1.7999999523162842,93.87999725341797,0,0,0,True,,,,
1776723515,146971029,,12.1899995803833,0.0,0.0,0.0,0.0,1.7999999523162842,93.87999725341797,0,0,0,True,,,,
1776723515,196928748,,12.1899995803833,0.0,0.0,0.0,0.0,1.7999999523162842,93.87999725341797,0,0,0,True,,,,
1776723515,246992150,,12.1899995803833,0.0,0.0,0.0,0.0,1.7999999523162842,93.87999725341797,0,0,0,True,,,,
1776723515,296938888,,12.199999809265137,0.0,0.0,0.0,0.0,1.7999999523162842,94.43999481201172,0,0,0,True,,,,
1776723515,346978031,,12.1899995803833,0.0,0.0,0.0,0.0,1.7999999523162842,93.87999725341797,0,0,0,True,,,,
1776723515,396923361,,12.1899995803833,0.0,0.0,0.0,0.0,1.7999999523162842,93.87999725341797,0,0,0,True,,,,
1776723515,447022171,,12.1899995803833,0.0,0.0,0.0,0.0,1.7999999523162842,93.87999725341797,0,0,0,True,,,,
1776723515,496956038,,12.1899995803833,0.0,0.0,0.0,0.0,1.7999999523162842,93.87999725341797,0,0,0,True,,,,
1776723515,547009829,,12.1899995803833,0.0,0.0,0.0,0.0,1.7999999523162842,93.87999725341797,0,0,0,True,,,,
1776723515,596961363,,12.1899995803833,0.0,0.0,0.0,0.0,1.7999999523162842,93.87999725341797,0,0,0,True,,,,
1776723515,646920860,,12.1899995803833,0.0,0.0,0.0,0.0,1.7999999523162842,93.87999725341797,0,0,0,True,,,,
1776723515,696923244,,12.1899995803833,0.0,0.0,0.0,0.0,1.7999999523162842,93.87999725341797,0,0,0,True,,,,
1776723515,746963703,,12.1899995803833,0.0,0.0,0.0,0.0,1.7999999523162842,93.87999725341797,0,0,0,True,,,,
1776723515,796968198,,12.1899995803833,0.0,0.0,0.0,0.0,1.7999999523162842,93.87999725341797,0,0,0,True,,,,
1776723515,846947139,,12.1899995803833,0.0,0.0,0.0,0.0,1.7999999523162842,93.87999725341797,0,0,0,True,,,,
1776723515,897074152,,12.1899995803833,0.0,0.0,0.0,0.0,1.7999999523162842,93.87999725341797,0,0,0,True,,,,
1776723515,946949909,,12.1899995803833,0.0,0.0,0.0,0.0,1.7999999523162842,93.87999725341797,0,0,0,True,,,,
1776723515,997001404,,12.1899995803833,0.0,0.0,0.0,0.0,1.7999999523162842,93.87999725341797,0,0,0,True,,,,
1776723516,46993919,,12.1899995803833,0.0,0.0,0.0,0.0,1.7999999523162842,93.87999725341797,0,0,0,True,,,,
1776723516,96979748,,12.1899995803833,0.0,0.0,0.0,0.0,1.7999999523162842,93.87999725341797,0,0,0,True,,,,
1776723516,146921097,,12.1899995803833,0.0,0.0,0.0,0.0,1.7999999523162842,93.87999725341797,0,0,0,True,,,,
1776723516,196946481,,12.1899995803833,0.0,0.0,0.0,0.0,1.7999999523162842,93.87999725341797,0,0,0,True,,,,
1776723516,246931792,,12.199999809265137,0.0,0.0,0.0,0.0,1.7999999523162842,94.43999481201172,0,0,0,True,,,,
1776723516,296970213,,12.1899995803833,0.0,0.0,0.0,0.0,1.7999999523162842,93.87999725341797,0,0,0,True,,,,
1776723516,346933265,,12.1899995803833,0.0,0.0,0.0,0.0,1.7999999523162842,93.87999725341797,0,0,0,True,,,,
1776723516,396989020,,12.1899995803833,0.0,0.0,0.0,0.0,1.7999999523162842,93.87999725341797,0,0,0,True,,,,
1776723516,446911498,,12.170000076293945,0.0,0.0,0.0,0.0,1.7999999523162842,92.7699966430664,0,0,0,True,,,,
1776723516,496896346,,12.1899995803833,0.0,0.0,0.0,0.0,1.7999999523162842,93.87999725341797,0,0,0,True,,,,
1776723516,546941805,,12.1899995803833,0.0,0.0,0.0,0.0,1.7999999523162842,93.87999725341797,0,0,0,True,,,,
1776723516,597025281,,12.1899995803833,0.0,0.0,0.0,0.0,1.7999999523162842,93.87999725341797,0,0,0,True,,,,
1776723516,646921408,,12.1899995803833,0.0,0.0,0.0,0.0,1.7999999523162842,93.87999725341797,0,0,0,True,,,,
1776723516,696934830,,12.1899995803833,0.0,0.0,0.0,0.0,1.7999999523162842,93.87999725341797,0,0,0,True,,,,
1776723516,746945696,,12.1899995803833,0.0,0.0,0.0,0.0,1.7999999523162842,93.87999725341797,0,0,0,True,,,,
1776723516,796989432,,12.199999809265137,0.0,0.0,0.0,0.0,1.7999999523162842,94.43999481201172,0,0,0,True,,,,
1776723516,846924280,,12.1899995803833,0.0,0.0,0.0,0.0,1.7999999523162842,93.87999725341797,0,0,0,True,,,,
1776723516,896941202,,12.1899995803833,0.0,0.0,0.0,0.0,1.7999999523162842,93.87999725341797,0,0,0,True,,,,
1776723516,946887273,,12.1899995803833,0.0,0.0,0.0,0.0,1.7999999523162842,93.87999725341797,0,0,0,True,,,,
1776723516,996965657,,12.1899995803833,0.0,0.0,0.0,0.0,1.7999999523162842,93.87999725341797,0,0,0,True,,,,
1776723517,46979263,,12.1899995803833,0.0,0.0,0.0,0.0,1.7999999523162842,93.87999725341797,0,0,0,True,,,,
1776723517,96915408,,12.1899995803833,0.0,0.0,0.0,0.0,1.7999999523162842,93.87999725341797,0,0,0,True,,,,
1776723517,146946293,,12.1899995803833,0.0,0.0,0.0,0.0,1.7999999523162842,93.87999725341797,0,0,0,True,,,,
1776723517,196926882,,12.1899995803833,0.0,0.0,0.0,0.0,1.7999999523162842,93.87999725341797,0,0,0,True,,,,
1776723517,246888711,,12.1899995803833,0.0,0.0,0.0,0.0,1.7999999523162842,93.87999725341797,0,0,0,True,,,,
1776723517,296913448,,12.1899995803833,0.0,0.0,0.0,0.0,1.7999999523162842,93.87999725341797,0,0,0,True,,,,
1776723517,346935017,,12.1899995803833,0.0,0.0,0.0,0.0,1.7999999523162842,93.87999725341797,0,0,0,True,,,,
1776723517,396911940,,12.1899995803833,0.0,0.0,0.0,0.0,1.7999999523162842,93.87999725341797,0,0,0,True,,,,
1776723517,446918047,,12.1899995803833,0.0,0.0,0.0,0.0,1.7999999523162842,93.87999725341797,0,0,0,True,,,,
1776723517,496951653,,12.1899995803833,0.0,0.0,0.0,0.0,1.7999999523162842,93.87999725341797,0,0,0,True,,,,
1776723517,546938871,,12.1899995803833,0.0,0.0,0.0,0.0,1.7999999523162842,93.87999725341797,0,0,0,True,,,,
1776723517,596931942,,12.1899995803833,0.0,0.0,0.0,0.0,1.7999999523162842,93.87999725341797,0,0,0,True,,,,
1776723517,646980326,,12.1899995803833,0.0,0.0,0.0,0.0,1.7999999523162842,93.87999725341797,0,0,0,True,,,,
1776723517,696961544,,12.1899995803833,0.0,0.0,0.0,0.0,1.7999999523162842,93.87999725341797,0,0,0,True,,,,
1776723517,747012576,,12.1899995803833,0.0,0.0,0.0,0.0,1.7999999523162842,93.87999725341797,0,0,0,True,,,,
1776723517,796919296,,12.1899995803833,0.0,0.0,0.0,0.0,1.7999999523162842,93.87999725341797,0,0,0,True,,,,
1776723517,846952069,,12.1899995803833,0.0,0.0,0.0,0.0,1.7999999523162842,93.87999725341797,0,0,0,True,,,,
1776723517,896978083,,12.1899995803833,0.0,0.0,0.0,0.0,1.7999999523162842,93.87999725341797,0,0,0,True,,,,
1776723517,946919635,,12.1899995803833,0.0,0.0,0.0,0.0,1.7999999523162842,93.87999725341797,0,0,0,True,,,,
1776723517,996896576,,12.1899995803833,0.0,0.0,0.0,0.0,1.7999999523162842,93.87999725341797,0,0,0,True,,,,
1776723518,46918424,,12.199999809265137,0.0,0.0,0.0,0.0,1.7999999523162842,94.43999481201172,0,0,0,True,,,,
1776723518,96951252,,12.199999809265137,0.0,0.0,0.0,0.0,1.7999999523162842,94.43999481201172,0,0,0,True,,,,
1776723518,146912545,,12.1899995803833,0.0,0.0,0.0,0.0,1.7999999523162842,93.87999725341797,0,0,0,True,,,,
1776723518,196954689,,12.1899995803833,0.0,0.0,0.0,0.0,1.7999999523162842,93.87999725341797,0,0,0,True,,,,
1776723518,246937426,,12.1899995803833,0.0,0.0,0.0,0.0,1.7999999523162842,93.87999725341797,0,0,0,True,,,,
1776723518,296952310,,12.1899995803833,0.0,0.0,0.0,0.0,1.7999999523162842,93.87999725341797,0,0,0,True,,,,
1776723518,346738624,,12.1899995803833,0.0,0.0,0.0,0.0,1.7999999523162842,93.87999725341797,0,0,0,True,,,,
1776723518,396989413,,12.199999809265137,0.0,0.0,0.0,0.0,1.7999999523162842,94.43999481201172,0,0,0,True,,,,
1776723518,446892929,,12.1899995803833,0.0,0.0,0.0,0.0,1.7999999523162842,93.87999725341797,0,0,0,True,,,,
1776723518,496936590,,12.1899995803833,0.0,0.0,0.0,0.0,1.7999999523162842,93.87999725341797,0,0,0,True,,,,
1776723518,546935272,,12.1899995803833,0.0,0.0,0.0,0.0,1.7999999523162842,93.87999725341797,0,0,0,True,,,,
1776723518,596876287,,12.170000076293945,0.0,0.0,0.0,0.0,1.7999999523162842,92.7699966430664,0,0,0,True,,,,
1776723518,646891523,,12.1899995803833,0.0,0.0,0.0,0.0,1.7999999523162842,93.87999725341797,0,0,0,True,,,,
1776723518,696873797,,12.1899995803833,0.0,0.0,0.0,0.0,1.7999999523162842,93.87999725341797,0,0,0,True,,,,
1776723518,746944607,,12.170000076293945,0.0,0.0,0.0,0.0,1.7999999523162842,92.7699966430664,0,0,0,True,,,,
1776723518,796973732,,12.1899995803833,0.0,0.0,0.0,0.0,1.7999999523162842,93.87999725341797,0,0,0,True,,,,
1776723518,846912451,,12.170000076293945,0.0,0.0,0.0,0.0,1.7999999523162842,92.7699966430664,0,0,0,True,,,,
1776723518,896980724,,12.1899995803833,0.0,0.0,0.0,0.0,1.7999999523162842,93.87999725341797,0,0,0,True,,,,
1776723518,946918017,,12.1899995803833,0.0,0.0,0.0,0.0,1.7999999523162842,93.87999725341797,0,0,0,True,,,,
1776723518,996898513,,12.1899995803833,0.0,0.0,0.0,0.0,1.7999999523162842,93.87999725341797,0,0,0,True,,,,
1776723519,46927713,,12.1899995803833,0.0,0.0,0.0,0.0,1.7999999523162842,93.87999725341797,0,0,0,True,,,,
1776723519,96940190,,12.1899995803833,0.0,0.0,0.0,0.0,1.7999999523162842,93.87999725341797,0,0,0,True,,,,
1776723519,146883335,,12.1899995803833,0.0,0.0,0.0,0.0,1.7999999523162842,93.87999725341797,0,0,0,True,,,,
1776723519,196917867,,12.1899995803833,0.0,0.0,0.0,0.0,1.7999999523162842,93.87999725341797,0,0,0,True,,,,
1776723519,246915622,,12.1899995803833,0.0,0.0,0.0,0.0,1.7999999523162842,93.87999725341797,0,0,0,True,,,,
1776723519,297097986,,12.1899995803833,0.0,0.0,0.0,0.0,1.7999999523162842,93.87999725341797,0,0,0,True,,,,
1776723519,347005372,,12.1899995803833,0.0,0.0,0.0,0.0,1.7999999523162842,93.87999725341797,0,0,0,True,,,,
1776723519,396874315,,12.1899995803833,0.0,0.0,0.0,0.0,1.7999999523162842,93.87999725341797,0,0,0,True,,,,
1776723519,446922847,,12.1899995803833,0.0,0.0,0.0,0.0,1.7999999523162842,93.87999725341797,0,0,0,True,,,,
1776723519,496889880,,12.1899995803833,0.0,0.0,0.0,0.0,1.7999999523162842,93.87999725341797,0,0,0,True,,,,
1776723519,546897617,,12.1899995803833,0.0,0.0,0.0,0.0,1.7999999523162842,93.87999725341797,0,0,0,True,,,,
1776723519,596874817,,12.1899995803833,0.0,0.0,0.0,0.0,1.7999999523162842,93.87999725341797,0,0,0,True,,,,
1776723519,646905960,,12.1899995803833,0.0,0.0,0.0,0.0,1.7999999523162842,93.87999725341797,0,0,0,True,,,,
1776723519,696906827,,12.1899995803833,0.0,0.0,0.0,0.0,1.7999999523162842,93.87999725341797,0,0,0,True,,,,
1776723519,746898119,,12.170000076293945,0.0,0.0,0.0,0.0,1.7999999523162842,92.7699966430664,0,0,0,True,,,,
1776723519,796912170,,12.1899995803833,0.0,0.0,0.0,0.0,1.7999999523162842,93.87999725341797,0,0,0,True,,,,
1776723519,846899074,,12.1899995803833,0.0,0.0,0.0,0.0,1.7999999523162842,93.87999725341797,0,0,0,True,,,,
1776723519,896885292,,12.1899995803833,0.0,0.0,0.0,0.0,1.7999999523162842,93.87999725341797,0,0,0,True,,,,
1776723519,946973287,,12.1899995803833,0.0,0.0,0.0,0.0,1.7999999523162842,93.87999725341797,0,0,0,True,,,,
1776723519,996876247,,12.1899995803833,0.0,0.0,0.0,0.0,1.7999999523162842,93.87999725341797,0,0,0,True,,,,
1776723520,46873021,,12.1899995803833,0.0,0.0,0.0,0.0,1.7999999523162842,93.87999725341797,0,0,0,True,,,,
1776723520,96862943,,12.1899995803833,0.0,0.0,0.0,0.0,1.7999999523162842,93.87999725341797,0,0,0,True,,,,
1776723520,146841550,,12.1899995803833,0.0,0.0,0.0,0.0,1.7999999523162842,93.87999725341797,0,0,0,True,,,,
1776723520,196860398,,12.1899995803833,0.0,0.0,0.0,0.0,1.7999999523162842,93.87999725341797,0,0,0,True,,,,
1776723520,246882745,,12.199999809265137,0.0,0.0,0.0,0.0,1.7999999523162842,94.43999481201172,0,0,0,True,,,,
1776723520,296913204,,12.1899995803833,0.0,0.0,0.0,0.0,1.7999999523162842,93.87999725341797,0,0,0,True,,,,
1776723520,346901200,,12.1899995803833,0.0,0.0,0.0,0.0,1.7999999523162842,93.87999725341797,0,0,0,True,,,,
1776723520,396894807,,12.1899995803833,0.0,0.0,0.0,0.0,1.7999999523162842,93.87999725341797,0,0,0,True,,,,
1776723520,446905210,,12.1899995803833,0.0,0.0,0.0,0.0,1.7999999523162842,93.87999725341797,0,0,0,True,,,,
1776723520,496873114,,12.1899995803833,0.0,0.0,0.0,0.0,1.7999999523162842,93.87999725341797,0,0,0,True,,,,
1776723520,546890128,,12.1899995803833,0.0,0.0,0.0,0.0,1.7999999523162842,93.87999725341797,0,0,0,True,,,,
1776723520,596842477,,12.1899995803833,0.0,0.0,0.0,0.0,1.7999999523162842,93.87999725341797,0,0,0,True,,,,
1776723520,646885546,,12.1899995803833,0.0,0.0,0.0,0.0,1.7999999523162842,93.87999725341797,0,0,0,True,,,,
1776723520,696859098,,12.170000076293945,0.0,0.0,0.0,0.0,1.7999999523162842,92.7699966430664,0,0,0,True,,,,
1776723520,746893316,,12.1899995803833,0.0,0.0,0.0,0.0,1.7999999523162842,93.87999725341797,0,0,0,True,,,,
1776723520,796882515,,12.1899995803833,0.0,0.0,0.0,0.0,1.7999999523162842,93.87999725341797,0,0,0,True,,,,
1776723520,846830068,,12.1899995803833,0.0,0.0,0.0,0.0,1.7999999523162842,93.87999725341797,0,0,0,True,,,,
1776723520,896892581,,12.1899995803833,0.0,0.0,0.0,0.0,1.7999999523162842,93.87999725341797,0,0,0,True,,,,
1776723520,946847485,,12.170000076293945,0.0,0.0,0.0,0.0,1.7999999523162842,92.7699966430664,0,0,0,True,,,,
1776723520,996892258,,12.1899995803833,0.0,0.0,0.0,0.0,1.7999999523162842,93.87999725341797,0,0,0,True,,,,
1776723521,46857144,,12.1899995803833,0.0,0.0,0.0,0.0,1.7999999523162842,93.87999725341797,0,0,0,True,,,,
1776723521,96846584,,12.1899995803833,0.0,0.0,0.0,0.0,1.7999999523162842,93.87999725341797,0,0,0,True,,,,
1776723521,146887672,,12.1899995803833,0.0,0.0,0.0,0.0,1.7999999523162842,93.87999725341797,0,0,0,True,,,,
1776723521,196943797,,12.1899995803833,0.0,0.0,0.0,0.0,1.7999999523162842,93.87999725341797,0,0,0,True,,,,
1776723521,246894775,,12.1899995803833,0.0,0.0,0.0,0.0,1.7999999523162842,93.87999725341797,0,0,0,True,,,,
1776723521,296854475,,12.1899995803833,0.0,0.0,0.0,0.0,1.7999999523162842,93.87999725341797,0,0,0,True,,,,
1776723521,346791379,,12.1899995803833,0.0,0.0,0.0,0.0,1.7999999523162842,93.87999725341797,0,0,0,True,,,,
1776723521,396859967,,12.1899995803833,0.0,0.0,0.0,0.0,1.7999999523162842,93.87999725341797,0,0,0,True,,,,
1776723521,446960517,,12.1899995803833,0.0,0.0,0.0,0.0,1.7999999523162842,93.87999725341797,0,0,0,True,,,,
1776723521,496844718,,12.170000076293945,0.0,0.0,0.0,0.0,1.7999999523162842,92.7699966430664,0,0,0,True,,,,
1776723521,546861047,,12.170000076293945,0.0,0.0,0.0,0.0,1.7999999523162842,92.7699966430664,0,0,0,True,,,,
1776723521,596839562,,12.170000076293945,0.0,0.0,0.0,0.0,1.7999999523162842,92.7699966430664,0,0,0,True,,,,
1776723521,646844984,,12.170000076293945,0.0,0.0,0.0,0.0,1.7999999523162842,92.7699966430664,0,0,0,True,,,,
1776723521,696838184,,12.170000076293945,0.0,0.0,0.0,0.0,1.7999999523162842,92.7699966430664,0,0,0,True,,,,
1776723521,746809402,,12.170000076293945,0.0,0.0,0.0,0.0,1.7999999523162842,92.7699966430664,0,0,0,True,,,,
1776723521,796847712,,12.1899995803833,0.0,0.0,0.0,0.0,1.7999999523162842,93.87999725341797,0,0,0,True,,,,
1776723521,846857801,,12.170000076293945,0.0,0.0,0.0,0.0,1.7999999523162842,92.7699966430664,0,0,0,True,,,,
1776723521,896846889,,12.170000076293945,0.0,0.0,0.0,0.0,1.7999999523162842,92.7699966430664,0,0,0,True,,,,
1776723521,946845848,,12.170000076293945,0.0,0.0,0.0,0.0,1.7999999523162842,92.7699966430664,0,0,0,True,,,,
1776723521,996887381,,12.1899995803833,0.0,0.0,0.0,0.0,1.7999999523162842,93.87999725341797,0,0,0,True,,,,
1776723522,46880969,,12.1899995803833,0.0,0.0,0.0,0.0,1.7999999523162842,93.87999725341797,0,0,0,True,,,,
1776723522,96802540,,12.1899995803833,0.0,0.0,0.0,0.0,1.7999999523162842,93.87999725341797,0,0,0,True,,,,
1776723522,146817684,,12.1899995803833,0.0,0.0,0.0,0.0,1.7999999523162842,93.87999725341797,0,0,0,True,,,,
1776723522,196795606,,12.199999809265137,0.0,0.0,0.0,0.0,1.7999999523162842,94.43999481201172,0,0,0,True,,,,
1776723522,246849268,,12.1899995803833,0.0,0.0,0.0,0.0,1.7999999523162842,93.87999725341797,0,0,0,True,,,,
1776723522,296869375,,12.1899995803833,0.0,0.0,0.0,0.0,1.7999999523162842,93.87999725341797,0,0,0,True,,,,
1776723522,346898426,,12.1899995803833,0.0,0.0,0.0,0.0,1.7999999523162842,93.87999725341797,0,0,0,True,,,,
1776723522,396864774,,12.1899995803833,0.0,0.0,0.0,0.0,1.7999999523162842,93.87999725341797,0,0,0,True,,,,
1776723522,446860918,,12.1899995803833,0.0,0.0,0.0,0.0,1.7999999523162842,93.87999725341797,0,0,0,True,,,,
1776723522,496836211,,12.1899995803833,0.0,0.0,0.0,0.0,1.7999999523162842,93.87999725341797,0,0,0,True,,,,
1776723522,546859484,,12.1899995803833,0.0,0.0,0.0,0.0,1.7999999523162842,93.87999725341797,0,0,0,True,,,,
1776723522,596858388,,12.1899995803833,0.0,0.0,0.0,0.0,1.7999999523162842,93.87999725341797,0,0,0,True,,,,
1776723522,646858847,,12.1899995803833,0.0,0.0,0.0,0.0,1.7999999523162842,93.87999725341797,0,0,0,True,,,,
1776723522,696901268,,12.170000076293945,0.0,0.0,0.0,0.0,1.7999999523162842,92.7699966430664,0,0,0,True,,,,
1776723522,746902653,,12.1899995803833,0.0,0.0,0.0,0.0,1.7999999523162842,93.87999725341797,0,0,0,True,,,,
1776723522,796857797,,12.1899995803833,0.0,0.0,0.0,0.0,1.7999999523162842,93.87999725341797,0,0,0,True,,,,
1776723522,846842720,,12.1899995803833,0.0,0.0,0.0,0.0,1.7999999523162842,93.87999725341797,0,0,0,True,,,,
1776723522,896872641,,12.1899995803833,0.0,0.0,0.0,0.0,1.7999999523162842,93.87999725341797,0,0,0,True,,,,
1776723522,946947543,,12.170000076293945,0.0,0.0,0.0,0.0,1.7999999523162842,92.7699966430664,0,0,0,True,,,,
1776723522,996821615,,12.1899995803833,0.0,0.0,0.0,0.0,1.7999999523162842,93.87999725341797,0,0,0,True,,,,
1776723523,46818593,,12.1899995803833,0.0,0.0,0.0,0.0,1.7999999523162842,93.87999725341797,0,0,0,True,,,,
1776723523,96836625,,12.1899995803833,0.0,0.0,0.0,0.0,1.7999999523162842,93.87999725341797,0,0,0,True,,,,
1776723523,146881102,,12.1899995803833,0.0,0.0,0.0,0.0,1.7999999523162842,93.87999725341797,0,0,0,True,,,,
1776723523,196870580,,12.170000076293945,0.0,0.0,0.0,0.0,1.7999999523162842,92.7699966430664,0,0,0,True,,,,
1776723523,246859909,,12.1899995803833,0.0,0.0,0.0,0.0,1.7999999523162842,93.87999725341797,0,0,0,True,,,,
1776723523,296847590,,12.1899995803833,0.0,0.0,0.0,0.0,1.7999999523162842,93.87999725341797,0,0,0,True,,,,
1776723523,346857345,,12.1899995803833,0.0,0.0,0.0,0.0,1.7999999523162842,93.87999725341797,0,0,0,True,,,,
1776723523,396806657,,12.1899995803833,0.0,0.0,0.0,0.0,1.7999999523162842,93.87999725341797,0,0,0,True,,,,
1776723523,446874022,,12.1899995803833,0.0,0.0,0.0,0.0,1.7999999523162842,93.87999725341797,0,0,0,True,,,,
1776723523,496859555,,12.170000076293945,0.0,0.0,0.0,0.0,1.7999999523162842,92.7699966430664,0,0,0,True,,,,
1776723523,546847848,,12.1899995803833,0.0,0.0,0.0,0.0,1.7999999523162842,93.87999725341797,0,0,0,True,,,,
1776723523,596829659,,12.1899995803833,0.0,0.0,0.0,0.0,1.7999999523162842,93.87999725341797,0,0,0,True,,,,
1776723523,646833432,,12.1899995803833,0.0,0.0,0.0,0.0,1.7999999523162842,93.87999725341797,0,0,0,True,,,,
1776723523,696849132,,12.170000076293945,0.0,0.0,0.0,0.0,1.7999999523162842,92.7699966430664,0,0,0,True,,,,
1776723523,746860165,,12.1899995803833,0.0,0.0,0.0,0.0,1.7999999523162842,93.87999725341797,0,0,0,True,,,,
1776723523,796836790,,12.1899995803833,0.0,0.0,0.0,0.0,1.7999999523162842,93.87999725341797,0,0,0,True,,,,
1776723523,846835453,,12.170000076293945,0.0,0.0,0.0,0.0,1.7999999523162842,92.7699966430664,0,0,0,True,,,,
