1776198298,211078894,,11.670000076293945,0.0,0.0,0.0,0.0,1.7999999523162842,65.0,0,0,0,True,,,,
1776198298,257957344,,11.670000076293945,0.0,0.0,0.0,0.0,1.7999999523162842,65.0,0,0,0,True,,,,
1776198298,307834585,,11.6899995803833,0.0,0.0,0.0,0.0,1.7999999523162842,66.11000061035156,0,0,0,True,,,,
1776198298,357967396,,11.630000114440918,0.0,0.0,0.0,0.0,1.7999999523162842,62.77000045776367,0,0,0,True,,,,
1776198298,407911914,,11.630000114440918,0.0,0.0,0.0,0.0,1.7999999523162842,62.77000045776367,0,0,0,True,,,,
1776198298,457871932,,11.630000114440918,0.0,0.0,0.0,0.0,1.7999999523162842,62.77000045776367,0,0,0,True,,,,
1776198298,507914300,,11.649999618530273,0.0,0.0,0.0,0.0,1.7999999523162842,63.87999725341797,0,0,0,True,,,,
1776198298,557865762,,11.649999618530273,0.0,0.0,0.0,0.0,1.7999999523162842,63.87999725341797,0,0,0,True,,,,
1776198298,607810354,,11.630000114440918,0.0,0.0,0.0,0.0,1.7999999523162842,62.77000045776367,0,0,0,True,,,,
1776198298,657813093,,11.649999618530273,0.0,0.0,0.0,0.0,1.7999999523162842,63.87999725341797,0,0,0,True,,,,
1776198298,707836017,,11.649999618530273,0.0,0.0,0.0,0.0,1.7999999523162842,63.87999725341797,0,0,0,True,,,,
1776198298,757831460,,11.649999618530273,0.0,0.0,0.0,0.0,1.7999999523162842,63.87999725341797,0,0,0,True,,,,
1776198298,807874847,,11.619999885559082,0.0,0.0,0.0,0.0,1.7999999523162842,62.21999740600586,0,0,0,True,,,,
1776198298,857810290,,11.630000114440918,0.0,0.0,0.0,0.0,1.7999999523162842,62.77000045776367,0,0,0,True,,,,
1776198298,907830344,,11.649999618530273,0.0,0.0,0.0,0.0,1.7999999523162842,63.87999725341797,0,0,0,True,,,,
1776198298,957838157,,11.649999618530273,0.0,0.0,0.0,0.0,1.7999999523162842,63.87999725341797,0,0,0,True,,,,
1776198299,7817286,,11.630000114440918,0.0,0.0,0.0,0.0,1.7999999523162842,62.77000045776367,0,0,0,True,,,,
1776198299,57821173,,11.649999618530273,0.0,0.0,0.0,0.0,1.7999999523162842,63.87999725341797,0,0,0,True,,,,
1776198299,107946984,,11.649999618530273,0.0,0.0,0.0,0.0,1.7999999523162842,63.87999725341797,0,0,0,True,,,,
1776198299,157905224,,11.670000076293945,0.0,0.0,0.0,0.0,1.7999999523162842,65.0,0,0,0,True,,,,
1776198299,207850297,,11.649999618530273,0.0,0.0,0.0,0.0,1.7999999523162842,63.87999725341797,0,0,0,True,,,,
1776198299,257821167,,11.670000076293945,0.0,0.0,0.0,0.0,1.7999999523162842,65.0,0,0,0,True,,,,
1776198299,307871146,,11.670000076293945,0.0,0.0,0.0,0.0,1.7999999523162842,65.0,0,0,0,True,,,,
1776198299,357857255,,11.649999618530273,0.0,0.0,0.0,0.0,1.7999999523162842,63.87999725341797,0,0,0,True,,,,
1776198299,407870217,,11.670000076293945,0.0,0.0,0.0,0.0,1.7999999523162842,65.0,0,0,0,True,,,,
1776198299,457858697,,11.649999618530273,0.0,0.0,0.0,0.0,1.7999999523162842,63.87999725341797,0,0,0,True,,,,
1776198299,507906694,,11.670000076293945,0.0,0.0,0.0,0.0,1.7999999523162842,65.0,0,0,0,True,,,,
1776198299,557831194,,11.670000076293945,0.0,0.0,0.0,0.0,1.7999999523162842,65.0,0,0,0,True,,,,
1776198299,607917210,,11.649999618530273,0.0,0.0,0.0,0.0,1.7999999523162842,63.87999725341797,0,0,0,True,,,,
1776198299,657907005,,11.649999618530273,0.0,0.0,0.0,0.0,1.7999999523162842,63.87999725341797,0,0,0,True,,,,
1776198299,707830449,,11.670000076293945,0.0,0.0,0.0,0.0,1.7999999523162842,65.0,0,0,0,True,,,,
1776198299,757896983,,11.649999618530273,0.0,0.0,0.0,0.0,1.7999999523162842,63.87999725341797,0,0,0,True,,,,
1776198299,807870389,,11.649999618530273,0.0,0.0,0.0,0.0,1.7999999523162842,63.87999725341797,0,0,0,True,,,,
1776198299,857888239,,11.670000076293945,0.0,0.0,0.0,0.0,1.7999999523162842,65.0,0,0,0,True,,,,
1776198299,907882386,,11.670000076293945,0.0,0.0,0.0,0.0,1.7999999523162842,65.0,0,0,0,True,,,,
1776198299,957871070,,11.670000076293945,0.0,0.0,0.0,0.0,1.7999999523162842,65.0,0,0,0,True,,,,
1776198300,7936549,,11.649999618530273,0.0,0.0,0.0,0.0,1.7999999523162842,63.87999725341797,0,0,0,True,,,,
1776198300,57869974,,11.670000076293945,0.0,0.0,0.0,0.0,1.7999999523162842,65.0,0,0,0,True,,,,
1776198300,107850676,,11.649999618530273,0.0,0.0,0.0,0.0,1.7999999523162842,63.87999725341797,0,0,0,True,,,,
1776198300,159217507,,11.649999618530273,0.0,0.0,0.0,0.0,1.7999999523162842,63.87999725341797,0,0,0,True,,,,
1776198300,207914487,,11.670000076293945,0.0,0.0,0.0,0.0,1.7999999523162842,65.0,0,0,0,True,,,,
1776198300,257790006,,11.649999618530273,0.0,0.0,0.0,0.0,1.7999999523162842,63.87999725341797,0,0,0,True,,,,
1776198300,307940132,,11.670000076293945,0.0,0.0,0.0,0.0,1.7999999523162842,65.0,0,0,0,True,,,,
1776198300,357860391,,11.670000076293945,0.0,0.0,0.0,0.0,1.7999999523162842,65.0,0,0,0,True,,,,
1776198300,407866130,,11.670000076293945,0.0,0.0,0.0,0.0,1.7999999523162842,65.0,0,0,0,True,,,,
1776198300,457902554,,11.649999618530273,0.0,0.0,0.0,0.0,1.7999999523162842,63.87999725341797,0,0,0,True,,,,
1776198300,507862256,,11.670000076293945,0.0,0.0,0.0,0.0,1.7999999523162842,65.0,0,0,0,True,,,,
1776198300,557839311,,11.649999618530273,0.0,0.0,0.0,0.0,1.7999999523162842,63.87999725341797,0,0,0,True,,,,
1776198300,607836235,,11.670000076293945,0.0,0.0,0.0,0.0,1.7999999523162842,65.0,0,0,0,True,,,,
1776198300,657779475,,11.670000076293945,0.0,0.0,0.0,0.0,1.7999999523162842,65.0,0,0,0,True,,,,
1776198300,707846084,,11.649999618530273,0.0,0.0,0.0,0.0,1.7999999523162842,63.87999725341797,0,0,0,True,,,,
1776198300,757872433,,11.670000076293945,0.0,0.0,0.0,0.0,1.7999999523162842,65.0,0,0,0,True,,,,
1776198300,807867265,,11.649999618530273,0.0,0.0,0.0,0.0,1.7999999523162842,63.87999725341797,0,0,0,True,,,,
1776198300,857802135,,11.649999618530273,0.0,0.0,0.0,0.0,1.7999999523162842,63.87999725341797,0,0,0,True,,,,
1776198300,907844151,,11.649999618530273,0.0,0.0,0.0,0.0,1.7999999523162842,63.87999725341797,0,0,0,True,,,,
1776198300,957815502,,11.670000076293945,0.0,0.0,0.0,0.0,1.7999999523162842,65.0,0,0,0,True,,,,
1776198301,7863759,,11.670000076293945,0.0,0.0,0.0,0.0,1.7999999523162842,65.0,0,0,0,True,,,,
1776198301,57875720,,11.670000076293945,0.0,0.0,0.0,0.0,1.7999999523162842,65.0,0,0,0,True,,,,
1776198301,107807183,,11.649999618530273,0.0,0.0,0.0,0.0,1.7999999523162842,63.87999725341797,0,0,0,True,,,,
1776198301,157920105,,11.670000076293945,0.0,0.0,0.0,0.0,1.7999999523162842,65.0,0,0,0,True,,,,
1776198301,207917974,,11.670000076293945,0.0,0.0,0.0,0.0,1.7999999523162842,65.0,0,0,0,True,,,,
1776198301,257913565,,11.670000076293945,0.0,0.0,0.0,0.0,1.7999999523162842,65.0,0,0,0,True,,,,
1776198301,307881916,,11.649999618530273,0.0,0.0,0.0,0.0,1.7999999523162842,63.87999725341797,0,0,0,True,,,,
1776198301,357832600,,11.670000076293945,0.0,0.0,0.0,0.0,1.7999999523162842,65.0,0,0,0,True,,,,
1776198301,407887987,,11.649999618530273,0.0,0.0,0.0,0.0,1.7999999523162842,63.87999725341797,0,0,0,True,,,,
1776198301,457833486,,11.649999618530273,0.0,0.0,0.0,0.0,1.7999999523162842,63.87999725341797,0,0,0,True,,,,
1776198301,507794300,,11.670000076293945,0.0,0.0,0.0,0.0,1.7999999523162842,65.0,0,0,0,True,,,,
1776198301,557831113,,11.670000076293945,0.0,0.0,0.0,0.0,1.7999999523162842,65.0,0,0,0,True,,,,
1776198301,607835592,,11.649999618530273,0.0,0.0,0.0,0.0,1.7999999523162842,63.87999725341797,0,0,0,True,,,,
1776198301,657861572,,11.649999618530273,0.0,0.0,0.0,0.0,1.7999999523162842,63.87999725341797,0,0,0,True,,,,
1776198301,707835423,,11.649999618530273,0.0,0.0,0.0,0.0,1.7999999523162842,63.87999725341797,0,0,0,True,,,,
1776198301,757838736,,11.649999618530273,0.0,0.0,0.0,0.0,1.7999999523162842,63.87999725341797,0,0,0,True,,,,
1776198301,807820716,,11.649999618530273,0.0,0.0,0.0,0.0,1.7999999523162842,63.87999725341797,0,0,0,True,,,,
1776198301,857807233,,11.649999618530273,0.0,0.0,0.0,0.0,1.7999999523162842,63.87999725341797,0,0,0,True,,,,
1776198301,907893434,,11.649999618530273,0.0,0.0,0.0,0.0,1.7999999523162842,63.87999725341797,0,0,0,True,,,,
1776198301,957854044,,11.649999618530273,0.0,0.0,0.0,0.0,1.7999999523162842,63.87999725341797,0,0,0,True,,,,
1776198302,7825747,,11.649999618530273,0.0,0.0,0.0,0.0,1.7999999523162842,63.87999725341797,0,0,0,True,,,,
1776198302,57805579,,11.649999618530273,0.0,0.0,0.0,0.0,1.7999999523162842,63.87999725341797,0,0,0,True,,,,
1776198302,107894483,,11.649999618530273,0.0,0.0,0.0,0.0,1.7999999523162842,63.87999725341797,0,0,0,True,,,,
1776198302,157863334,,11.649999618530273,0.0,0.0,0.0,0.0,1.7999999523162842,63.87999725341797,0,0,0,True,,,,
1776198302,207866184,,11.649999618530273,0.0,0.0,0.0,0.0,1.7999999523162842,63.87999725341797,0,0,0,True,,,,
1776198302,257850979,,11.649999618530273,0.0,0.0,0.0,0.0,1.7999999523162842,63.87999725341797,0,0,0,True,,,,
1776198302,307796108,,11.649999618530273,0.0,0.0,0.0,0.0,1.7999999523162842,63.87999725341797,0,0,0,True,,,,
1776198302,357867328,,11.649999618530273,0.0,0.0,0.0,0.0,1.7999999523162842,63.87999725341797,0,0,0,True,,,,
1776198302,407853474,,11.649999618530273,0.0,0.0,0.0,0.0,1.7999999523162842,63.87999725341797,0,0,0,True,,,,
1776198302,457769456,,11.649999618530273,0.0,0.0,0.0,0.0,1.7999999523162842,63.87999725341797,0,0,0,True,,,,
1776198302,507834009,,11.649999618530273,0.0,0.0,0.0,0.0,1.7999999523162842,63.87999725341797,0,0,0,True,,,,
1776198302,557799674,,11.649999618530273,0.0,0.0,0.0,0.0,1.7999999523162842,63.87999725341797,0,0,0,True,,,,
1776198302,607882116,,11.6899995803833,0.0,0.0,0.0,0.0,1.7999999523162842,66.11000061035156,0,0,0,True,,,,
1776198302,657832782,,11.6899995803833,0.0,0.0,0.0,0.0,1.7999999523162842,66.11000061035156,0,0,0,True,,,,
1776198302,707792651,,11.670000076293945,0.0,0.0,0.0,0.0,1.7999999523162842,65.0,0,0,0,True,,,,
1776198302,757833649,,11.670000076293945,0.0,0.0,0.0,0.0,1.7999999523162842,65.0,0,0,0,True,,,,
1776198302,807809462,,11.649999618530273,0.0,0.0,0.0,0.0,1.7999999523162842,63.87999725341797,0,0,0,True,,,,
1776198302,857814276,,11.649999618530273,0.0,0.0,0.0,0.0,1.7999999523162842,63.87999725341797,0,0,0,True,,,,
1776198302,907845459,,11.670000076293945,0.0,0.0,0.0,0.0,1.7999999523162842,65.0,0,0,0,True,,,,
1776198302,957784199,,11.670000076293945,0.0,0.0,0.0,0.0,1.7999999523162842,65.0,0,0,0,True,,,,
1776198303,7812234,,11.670000076293945,0.0,0.0,0.0,0.0,1.7999999523162842,65.0,0,0,0,True,,,,
1776198303,57800325,,11.670000076293945,0.0,0.0,0.0,0.0,1.7999999523162842,65.0,0,0,0,True,,,,
1776198303,107818823,,11.649999618530273,0.0,0.0,0.0,0.0,1.7999999523162842,63.87999725341797,0,0,0,True,,,,
1776198303,157787933,,11.670000076293945,0.0,0.0,0.0,0.0,1.7999999523162842,65.0,0,0,0,True,,,,
1776198303,207864690,,11.670000076293945,0.0,0.0,0.0,0.0,1.7999999523162842,65.0,0,0,0,True,,,,
1776198303,257902169,,11.670000076293945,0.0,0.0,0.0,0.0,1.7999999523162842,65.0,0,0,0,True,,,,
1776198303,307808725,,11.670000076293945,0.0,0.0,0.0,0.0,1.7999999523162842,65.0,0,0,0,True,,,,
1776198303,357793538,,11.670000076293945,0.0,0.0,0.0,0.0,1.7999999523162842,65.0,0,0,0,True,,,,
1776198303,407813647,,11.670000076293945,0.0,0.0,0.0,0.0,1.7999999523162842,65.0,0,0,0,True,,,,
1776198303,457799127,,11.670000076293945,0.0,0.0,0.0,0.0,1.7999999523162842,65.0,0,0,0,True,,,,
1776198303,507772330,,11.670000076293945,0.0,0.0,0.0,0.0,1.7999999523162842,65.0,0,0,0,True,,,,
1776198303,557853586,,11.670000076293945,0.0,0.0,0.0,0.0,1.7999999523162842,65.0,0,0,0,True,,,,
1776198303,607785049,,11.670000076293945,0.0,0.0,0.0,0.0,1.7999999523162842,65.0,0,0,0,True,,,,
1776198303,657800677,,11.670000076293945,0.0,0.0,0.0,0.0,1.7999999523162842,65.0,0,0,0,True,,,,
1776198303,707888711,,11.670000076293945,0.0,0.0,0.0,0.0,1.7999999523162842,65.0,0,0,0,True,,,,
1776198303,757780396,,11.670000076293945,0.0,0.0,0.0,0.0,1.7999999523162842,65.0,0,0,0,True,,,,
1776198303,807835912,,11.670000076293945,0.0,0.0,0.0,0.0,1.7999999523162842,65.0,0,0,0,True,,,,
1776198303,857806541,,11.649999618530273,0.0,0.0,0.0,0.0,1.7999999523162842,63.87999725341797,0,0,0,True,,,,
1776198303,907813983,,11.670000076293945,0.0,0.0,0.0,0.0,1.7999999523162842,65.0,0,0,0,True,,,,
1776198303,957791038,,11.670000076293945,0.0,0.0,0.0,0.0,1.7999999523162842,65.0,0,0,0,True,,,,
1776198304,7791351,,11.649999618530273,0.0,0.0,0.0,0.0,1.7999999523162842,63.87999725341797,0,0,0,True,,,,
1776198304,57770479,,11.670000076293945,0.0,0.0,0.0,0.0,1.7999999523162842,65.0,0,0,0,True,,,,
1776198304,107812848,,11.670000076293945,0.0,0.0,0.0,0.0,1.7999999523162842,65.0,0,0,0,True,,,,
1776198304,157815142,,11.670000076293945,0.0,0.0,0.0,0.0,1.7999999523162842,65.0,0,0,0,True,,,,
1776198304,207802493,,11.670000076293945,0.0,0.0,0.0,0.0,1.7999999523162842,65.0,0,0,0,True,,,,
1776198304,257862120,,11.670000076293945,0.0,0.0,0.0,0.0,1.7999999523162842,65.0,0,0,0,True,,,,
1776198304,307794971,,11.670000076293945,0.0,0.0,0.0,0.0,1.7999999523162842,65.0,0,0,0,True,,,,
1776198304,357808858,,11.670000076293945,0.0,0.0,0.0,0.0,1.7999999523162842,65.0,0,0,0,True,,,,
1776198304,407838282,,11.670000076293945,0.0,0.0,0.0,0.0,1.7999999523162842,65.0,0,0,0,True,,,,
1776198304,457730393,,11.649999618530273,0.0,0.0,0.0,0.0,1.7999999523162842,63.87999725341797,0,0,0,True,,,,
1776198304,507743743,,11.670000076293945,0.0,0.0,0.0,0.0,1.7999999523162842,65.0,0,0,0,True,,,,
1776198304,557781371,,11.649999618530273,0.0,0.0,0.0,0.0,1.7999999523162842,63.87999725341797,0,0,0,True,,,,
1776198304,607801313,,11.6899995803833,0.0,0.0,0.0,0.0,1.7999999523162842,66.11000061035156,0,0,0,True,,,,
1776198304,657842737,,11.670000076293945,0.0,0.0,0.0,0.0,1.7999999523162842,65.0,0,0,0,True,,,,
1776198304,707838791,,11.649999618530273,0.0,0.0,0.0,0.0,1.7999999523162842,63.87999725341797,0,0,0,True,,,,
1776198304,757903511,,11.649999618530273,0.0,0.0,0.0,0.0,1.7999999523162842,63.87999725341797,0,0,0,True,,,,
1776198304,807762160,,11.670000076293945,0.0,0.0,0.0,0.0,1.7999999523162842,65.0,0,0,0,True,,,,
1776198304,857756843,,11.670000076293945,0.0,0.0,0.0,0.0,1.7999999523162842,65.0,0,0,0,True,,,,
1776198304,907811526,,11.649999618530273,0.0,0.0,0.0,0.0,1.7999999523162842,63.87999725341797,0,0,0,True,,,,
1776198304,957823024,,11.649999618530273,0.0,0.0,0.0,0.0,1.7999999523162842,63.87999725341797,0,0,0,True,,,,
1776198305,7742876,,11.670000076293945,0.0,0.0,0.0,0.0,1.7999999523162842,65.0,0,0,0,True,,,,
1776198305,57785281,,11.670000076293945,0.0,0.0,0.0,0.0,1.7999999523162842,65.0,0,0,0,True,,,,
1776198305,107797668,,11.670000076293945,0.0,0.0,0.0,0.0,1.7999999523162842,65.0,0,0,0,True,,,,
1776198305,157798833,,11.670000076293945,0.0,0.0,0.0,0.0,1.7999999523162842,65.0,0,0,0,True,,,,
1776198305,207831516,,11.670000076293945,0.0,0.0,0.0,0.0,1.7999999523162842,65.0,0,0,0,True,,,,
1776198305,257814848,,11.670000076293945,0.0,0.0,0.0,0.0,1.7999999523162842,65.0,0,0,0,True,,,,
1776198305,307816754,,11.649999618530273,0.0,0.0,0.0,0.0,1.7999999523162842,63.87999725341797,0,0,0,True,,,,
1776198305,357834382,,11.670000076293945,0.0,0.0,0.0,0.0,1.7999999523162842,65.0,0,0,0,True,,,,
1776198305,407836788,,11.670000076293945,0.0,0.0,0.0,0.0,1.7999999523162842,65.0,0,0,0,True,,,,
1776198305,457847175,,11.670000076293945,0.0,0.0,0.0,0.0,1.7999999523162842,65.0,0,0,0,True,,,,
1776198305,507757582,,11.670000076293945,0.0,0.0,0.0,0.0,1.7999999523162842,65.0,0,0,0,True,,,,
1776198305,557827672,,11.670000076293945,0.0,0.0,0.0,0.0,1.7999999523162842,65.0,0,0,0,True,,,,
1776198305,607765542,,11.670000076293945,0.0,0.0,0.0,0.0,1.7999999523162842,65.0,0,0,0,True,,,,
1776198305,657776096,,11.649999618530273,0.0,0.0,0.0,0.0,1.7999999523162842,63.87999725341797,0,0,0,True,,,,
1776198305,707879407,,11.670000076293945,0.0,0.0,0.0,0.0,1.7999999523162842,65.0,0,0,0,True,,,,
1776198305,757845073,,11.670000076293945,0.0,0.0,0.0,0.0,1.7999999523162842,65.0,0,0,0,True,,,,
1776198305,807784646,,11.670000076293945,0.0,0.0,0.0,0.0,1.7999999523162842,65.0,0,0,0,True,,,,
1776198305,857787386,,11.670000076293945,0.0,0.0,0.0,0.0,1.7999999523162842,65.0,0,0,0,True,,,,
1776198305,907781569,,11.6899995803833,0.0,0.0,0.0,0.0,1.7999999523162842,66.11000061035156,0,0,0,True,,,,
1776198305,957757512,,11.670000076293945,0.0,0.0,0.0,0.0,1.7999999523162842,65.0,0,0,0,True,,,,
1776198306,7755603,,11.6899995803833,0.0,0.0,0.0,0.0,1.7999999523162842,66.11000061035156,0,0,0,True,,,,
1776198306,57780824,,11.670000076293945,0.0,0.0,0.0,0.0,1.7999999523162842,65.0,0,0,0,True,,,,
1776198306,107703286,,11.670000076293945,0.0,0.0,0.0,0.0,1.7999999523162842,65.0,0,0,0,True,,,,
1776198306,157780524,,11.670000076293945,0.0,0.0,0.0,0.0,1.7999999523162842,65.0,0,0,0,True,,,,
1776198306,207747745,,11.670000076293945,0.0,0.0,0.0,0.0,1.7999999523162842,65.0,0,0,0,True,,,,
1776198306,257789299,,11.670000076293945,0.0,0.0,0.0,0.0,1.7999999523162842,65.0,0,0,0,True,,,,
1776198306,307755390,,11.670000076293945,0.0,0.0,0.0,0.0,1.7999999523162842,65.0,0,0,0,True,,,,
1776198306,357742241,,11.670000076293945,0.0,0.0,0.0,0.0,1.7999999523162842,65.0,0,0,0,True,,,,
1776198306,407748887,,11.670000076293945,0.0,0.0,0.0,0.0,1.7999999523162842,65.0,0,0,0,True,,,,
1776198306,457787274,,11.630000114440918,0.0,0.0,0.0,0.0,1.7999999523162842,62.77000045776367,0,0,0,True,,,,
1776198306,507691589,,11.619999885559082,0.0,0.0,0.0,0.0,1.7999999523162842,62.21999740600586,0,0,0,True,,,,
1776198306,557749309,,11.630000114440918,0.0,0.0,0.0,0.0,1.7999999523162842,62.77000045776367,0,0,0,True,,,,
1776198306,607742918,,11.649999618530273,0.0,0.0,0.0,0.0,1.7999999523162842,63.87999725341797,0,0,0,True,,,,
1776198306,657735139,,11.649999618530273,0.0,0.0,0.0,0.0,1.7999999523162842,63.87999725341797,0,0,0,True,,,,
1776198306,707803136,,11.649999618530273,0.0,0.0,0.0,0.0,1.7999999523162842,63.87999725341797,0,0,0,True,,,,
1776198306,757852782,,11.649999618530273,0.0,0.0,0.0,0.0,1.7999999523162842,63.87999725341797,0,0,0,True,,,,
1776198306,807734412,,11.649999618530273,0.0,0.0,0.0,0.0,1.7999999523162842,63.87999725341797,0,0,0,True,,,,
1776198306,857754632,,11.649999618530273,0.0,0.0,0.0,0.0,1.7999999523162842,63.87999725341797,0,0,0,True,,,,
1776198306,907733409,,11.670000076293945,0.0,0.0,0.0,0.0,1.7999999523162842,65.0,0,0,0,True,,,,
1776198306,960105096,,11.649999618530273,0.0,0.0,0.0,0.0,1.7999999523162842,63.87999725341797,0,0,0,True,,,,
1776198307,7720276,,11.670000076293945,0.0,0.0,0.0,0.0,1.7999999523162842,65.0,0,0,0,True,,,,
1776198307,57770107,,11.670000076293945,0.0,0.0,0.0,0.0,1.7999999523162842,65.0,0,0,0,True,,,,
1776198307,107760291,,11.649999618530273,0.0,0.0,0.0,0.0,1.7999999523162842,63.87999725341797,0,0,0,True,,,,
1776198307,157817622,,11.649999618530273,0.0,0.0,0.0,0.0,1.7999999523162842,63.87999725341797,0,0,0,True,,,,
1776198307,207743344,,11.670000076293945,0.0,0.0,0.0,0.0,1.7999999523162842,65.0,0,0,0,True,,,,
1776198307,257814212,,11.649999618530273,0.0,0.0,0.0,0.0,1.7999999523162842,63.87999725341797,0,0,0,True,,,,
1776198307,307837691,,11.670000076293945,0.0,0.0,0.0,0.0,1.7999999523162842,65.0,0,0,0,True,,,,
1776198307,357691266,,11.670000076293945,0.0,0.0,0.0,0.0,1.7999999523162842,65.0,0,0,0,True,,,,
1776198307,407762374,,11.670000076293945,0.0,0.0,0.0,0.0,1.7999999523162842,65.0,0,0,0,True,,,,
1776198307,457780095,,11.670000076293945,0.0,0.0,0.0,0.0,1.7999999523162842,65.0,0,0,0,True,,,,
1776198307,507702446,,11.649999618530273,0.0,0.0,0.0,0.0,1.7999999523162842,63.87999725341797,0,0,0,True,,,,
1776198307,557742629,,11.649999618530273,0.0,0.0,0.0,0.0,1.7999999523162842,63.87999725341797,0,0,0,True,,,,
1776198307,607740516,,11.649999618530273,0.0,0.0,0.0,0.0,1.7999999523162842,63.87999725341797,0,0,0,True,,,,
1776198307,657760033,,11.670000076293945,0.0,0.0,0.0,0.0,1.7999999523162842,65.0,0,0,0,True,,,,
1776198307,707724106,,11.670000076293945,0.0,0.0,0.0,0.0,1.7999999523162842,65.0,0,0,0,True,,,,
1776198307,757732641,,11.670000076293945,0.0,0.0,0.0,0.0,1.7999999523162842,65.0,0,0,0,True,,,,
1776198307,807821842,,11.649999618530273,0.0,0.0,0.0,0.0,1.7999999523162842,63.87999725341797,0,0,0,True,,,,
1776198307,857797600,,11.670000076293945,0.0,0.0,0.0,0.0,1.7999999523162842,65.0,0,0,0,True,,,,
1776198307,907803006,,11.649999618530273,0.0,0.0,0.0,0.0,1.7999999523162842,63.87999725341797,0,0,0,True,,,,
1776198307,957740487,,11.649999618530273,0.0,0.0,0.0,0.0,1.7999999523162842,63.87999725341797,0,0,0,True,,,,
1776198308,7704115,,11.649999618530273,0.0,0.0,0.0,0.0,1.7999999523162842,63.87999725341797,0,0,0,True,,,,
1776198308,57707447,,11.649999618530273,0.0,0.0,0.0,0.0,1.7999999523162842,63.87999725341797,0,0,0,True,,,,
1776198308,107785944,,11.670000076293945,0.0,0.0,0.0,0.0,1.7999999523162842,65.0,0,0,0,True,,,,
1776198308,157706518,,11.649999618530273,0.0,0.0,0.0,0.0,1.7999999523162842,63.87999725341797,0,0,0,True,,,,
1776198308,207819848,,11.670000076293945,0.0,0.0,0.0,0.0,1.7999999523162842,65.0,0,0,0,True,,,,
1776198308,257764847,,11.670000076293945,0.0,0.0,0.0,0.0,1.7999999523162842,65.0,0,0,0,True,,,,
1776198308,307768642,,11.649999618530273,0.0,0.0,0.0,0.0,1.7999999523162842,63.87999725341797,0,0,0,True,,,,
1776198308,357744122,,11.670000076293945,0.0,0.0,0.0,0.0,1.7999999523162842,65.0,0,0,0,True,,,,
1776198308,407735325,,11.670000076293945,0.0,0.0,0.0,0.0,1.7999999523162842,65.0,0,0,0,True,,,,
1776198308,457786415,,11.649999618530273,0.0,0.0,0.0,0.0,1.7999999523162842,63.87999725341797,0,0,0,True,,,,
1776198308,507788839,,11.649999618530273,0.0,0.0,0.0,0.0,1.7999999523162842,63.87999725341797,0,0,0,True,,,,
1776198308,557730709,,11.630000114440918,0.0,0.0,0.0,0.0,1.7999999523162842,62.77000045776367,0,0,0,True,,,,
1776198308,607704745,,11.649999618530273,0.0,0.0,0.0,0.0,1.7999999523162842,63.87999725341797,0,0,0,True,,,,
1776198308,657699354,,11.649999618530273,0.0,0.0,0.0,0.0,1.7999999523162842,63.87999725341797,0,0,0,True,,,,
1776198308,707694371,,11.630000114440918,0.0,0.0,0.0,0.0,1.7999999523162842,62.77000045776367,0,0,0,True,,,,
1776198308,757706203,,11.649999618530273,0.0,0.0,0.0,0.0,1.7999999523162842,63.87999725341797,0,0,0,True,,,,
1776198308,807693183,,11.630000114440918,0.0,0.0,0.0,0.0,1.7999999523162842,62.77000045776367,0,0,0,True,,,,
1776198308,857702144,,11.649999618530273,0.0,0.0,0.0,0.0,1.7999999523162842,63.87999725341797,0,0,0,True,,,,
1776198308,907686847,,11.630000114440918,0.0,0.0,0.0,0.0,1.7999999523162842,62.77000045776367,0,0,0,True,,,,
1776198308,957646809,,11.630000114440918,0.0,0.0,0.0,0.0,1.7999999523162842,62.77000045776367,0,0,0,True,,,,
1776198309,7695547,,11.649999618530273,0.0,0.0,0.0,0.0,1.7999999523162842,63.87999725341797,0,0,0,True,,,,
1776198309,57722304,,11.630000114440918,0.0,0.0,0.0,0.0,1.7999999523162842,62.77000045776367,0,0,0,True,,,,
1776198309,107727451,,11.649999618530273,0.0,0.0,0.0,0.0,1.7999999523162842,63.87999725341797,0,0,0,True,,,,
1776198309,157770838,,11.649999618530273,0.0,0.0,0.0,0.0,1.7999999523162842,63.87999725341797,0,0,0,True,,,,
1776198309,207710337,,11.649999618530273,0.0,0.0,0.0,0.0,1.7999999523162842,63.87999725341797,0,0,0,True,,,,
1776198309,257724298,,11.649999618530273,0.0,0.0,0.0,0.0,1.7999999523162842,63.87999725341797,0,0,0,True,,,,
1776198309,307703723,,11.670000076293945,0.0,0.0,0.0,0.0,1.7999999523162842,65.0,0,0,0,True,,,,
1776198309,357832460,,11.649999618530273,0.0,0.0,0.0,0.0,1.7999999523162842,63.87999725341797,0,0,0,True,,,,
1776198309,407764571,,11.670000076293945,0.0,0.0,0.0,0.0,1.7999999523162842,65.0,0,0,0,True,,,,
1776198309,457734403,,11.649999618530273,0.0,0.0,0.0,0.0,1.7999999523162842,63.87999725341797,0,0,0,True,,,,
1776198309,507695939,,11.649999618530273,0.0,0.0,0.0,0.0,1.7999999523162842,63.87999725341797,0,0,0,True,,,,
1776198309,557697511,,11.649999618530273,0.0,0.0,0.0,0.0,1.7999999523162842,63.87999725341797,0,0,0,True,,,,
1776198309,607709806,,11.649999618530273,0.0,0.0,0.0,0.0,1.7999999523162842,63.87999725341797,0,0,0,True,,,,
1776198309,657738619,,11.670000076293945,0.0,0.0,0.0,0.0,1.7999999523162842,65.0,0,0,0,True,,,,
1776198309,707741154,,11.649999618530273,0.0,0.0,0.0,0.0,1.7999999523162842,63.87999725341797,0,0,0,True,,,,
1776198309,757738819,,11.649999618530273,0.0,0.0,0.0,0.0,1.7999999523162842,63.87999725341797,0,0,0,True,,,,
1776198309,807728633,,11.649999618530273,0.0,0.0,0.0,0.0,1.7999999523162842,63.87999725341797,0,0,0,True,,,,
1776198309,857727594,,11.670000076293945,0.0,0.0,0.0,0.0,1.7999999523162842,65.0,0,0,0,True,,,,
1776198309,907663056,,11.649999618530273,0.0,0.0,0.0,0.0,1.7999999523162842,63.87999725341797,0,0,0,True,,,,
1776198309,957682499,,11.649999618530273,0.0,0.0,0.0,0.0,1.7999999523162842,63.87999725341797,0,0,0,True,,,,
1776198310,7850532,,11.649999618530273,0.0,0.0,0.0,0.0,1.7999999523162842,63.87999725341797,0,0,0,True,,,,
1776198310,57758754,,11.649999618530273,0.0,0.0,0.0,0.0,1.7999999523162842,63.87999725341797,0,0,0,True,,,,
1776198310,108506075,,11.649999618530273,0.0,0.0,0.0,0.0,1.7999999523162842,63.87999725341797,0,0,0,True,,,,
1776198310,157750788,,11.649999618530273,0.0,0.0,0.0,0.0,1.7999999523162842,63.87999725341797,0,0,0,True,,,,
1776198310,207803082,,11.649999618530273,0.0,0.0,0.0,0.0,1.7999999523162842,63.87999725341797,0,0,0,True,,,,
1776198310,257748174,,11.649999618530273,0.0,0.0,0.0,0.0,1.7999999523162842,63.87999725341797,0,0,0,True,,,,
1776198310,307727061,,11.649999618530273,0.0,0.0,0.0,0.0,1.7999999523162842,63.87999725341797,0,0,0,True,,,,
1776198310,357763263,,11.649999618530273,0.0,0.0,0.0,0.0,1.7999999523162842,63.87999725341797,0,0,0,True,,,,
1776198310,407639819,,11.649999618530273,0.0,0.0,0.0,0.0,1.7999999523162842,63.87999725341797,0,0,0,True,,,,
1776198310,457666224,,11.649999618530273,0.0,0.0,0.0,0.0,1.7999999523162842,63.87999725341797,0,0,0,True,,,,
1776198310,507705204,,11.649999618530273,0.0,0.0,0.0,0.0,1.7999999523162842,63.87999725341797,0,0,0,True,,,,
1776198310,557745387,,11.649999618530273,0.0,0.0,0.0,0.0,1.7999999523162842,63.87999725341797,0,0,0,True,,,,
1776198310,607696275,,11.670000076293945,0.0,0.0,0.0,0.0,1.7999999523162842,65.0,0,0,0,True,,,,
1776198310,657736217,,11.649999618530273,0.0,0.0,0.0,0.0,1.7999999523162842,63.87999725341797,0,0,0,True,,,,
1776198310,707662253,,11.670000076293945,0.0,0.0,0.0,0.0,1.7999999523162842,65.0,0,0,0,True,,,,
1776198310,757765528,,11.670000076293945,0.0,0.0,0.0,0.0,1.7999999523162842,65.0,0,0,0,True,,,,
1776198310,807755193,,11.670000076293945,0.0,0.0,0.0,0.0,1.7999999523162842,65.0,0,0,0,True,,,,
1776198310,857716452,,11.670000076293945,0.0,0.0,0.0,0.0,1.7999999523162842,65.0,0,0,0,True,,,,
1776198310,907730691,,11.649999618530273,0.0,0.0,0.0,0.0,1.7999999523162842,63.87999725341797,0,0,0,True,,,,
1776198310,957722671,,11.649999618530273,0.0,0.0,0.0,0.0,1.7999999523162842,63.87999725341797,0,0,0,True,,,,
1776198311,7671318,,11.670000076293945,0.0,0.0,0.0,0.0,1.7999999523162842,65.0,0,0,0,True,,,,
1776198311,57703705,,11.649999618530273,0.0,0.0,0.0,0.0,1.7999999523162842,63.87999725341797,0,0,0,True,,,,
1776198311,107717388,,11.670000076293945,0.0,0.0,0.0,0.0,1.7999999523162842,65.0,0,0,0,True,,,,
1776198311,157650147,,11.670000076293945,0.0,0.0,0.0,0.0,1.7999999523162842,65.0,0,0,0,True,,,,
1776198311,207752625,,11.670000076293945,0.0,0.0,0.0,0.0,1.7999999523162842,65.0,0,0,0,True,,,,
1776198311,257746235,,11.670000076293945,0.0,0.0,0.0,0.0,1.7999999523162842,65.0,0,0,0,True,,,,
1776198311,307690642,,11.670000076293945,0.0,0.0,0.0,0.0,1.7999999523162842,65.0,0,0,0,True,,,,
1776198311,357707677,,11.670000076293945,0.0,0.0,0.0,0.0,1.7999999523162842,65.0,0,0,0,True,,,,
1776198311,407752249,,11.670000076293945,0.0,0.0,0.0,0.0,1.7999999523162842,65.0,0,0,0,True,,,,
1776198311,457697748,,11.670000076293945,0.0,0.0,0.0,0.0,1.7999999523162842,65.0,0,0,0,True,,,,
1776198311,507695968,,11.670000076293945,0.0,0.0,0.0,0.0,1.7999999523162842,65.0,0,0,0,True,,,,
1776198311,557729503,,11.670000076293945,0.0,0.0,0.0,0.0,1.7999999523162842,65.0,0,0,0,True,,,,
1776198311,607713261,,11.670000076293945,0.0,0.0,0.0,0.0,1.7999999523162842,65.0,0,0,0,True,,,,
1776198311,657683297,,11.670000076293945,0.0,0.0,0.0,0.0,1.7999999523162842,65.0,0,0,0,True,,,,
1776198311,707659018,,11.670000076293945,0.0,0.0,0.0,0.0,1.7999999523162842,65.0,0,0,0,True,,,,
1776198311,757748682,,11.670000076293945,0.0,0.0,0.0,0.0,1.7999999523162842,65.0,0,0,0,True,,,,
1776198311,807659737,,11.649999618530273,0.0,0.0,0.0,0.0,1.7999999523162842,63.87999725341797,0,0,0,True,,,,
1776198311,857713883,,11.670000076293945,0.0,0.0,0.0,0.0,1.7999999523162842,65.0,0,0,0,True,,,,
1776198311,907750659,,11.670000076293945,0.0,0.0,0.0,0.0,1.7999999523162842,65.0,0,0,0,True,,,,
1776198311,957705195,,11.670000076293945,0.0,0.0,0.0,0.0,1.7999999523162842,65.0,0,0,0,True,,,,
1776198312,7664435,,11.670000076293945,0.0,0.0,0.0,0.0,1.7999999523162842,65.0,0,0,0,True,,,,
1776198312,57684414,,11.6899995803833,0.0,0.0,0.0,0.0,1.7999999523162842,66.11000061035156,0,0,0,True,,,,
1776198312,107680617,,11.670000076293945,0.0,0.0,0.0,0.0,1.7999999523162842,65.0,0,0,0,True,,,,
1776198312,157642764,,11.670000076293945,0.0,0.0,0.0,0.0,1.7999999523162842,65.0,0,0,0,True,,,,
1776198312,207672280,,11.649999618530273,0.0,0.0,0.0,0.0,1.7999999523162842,63.87999725341797,0,0,0,True,,,,
1776198312,257716556,,11.670000076293945,0.0,0.0,0.0,0.0,1.7999999523162842,65.0,0,0,0,True,,,,
1776198312,307640018,,11.670000076293945,0.0,0.0,0.0,0.0,1.7999999523162842,65.0,0,0,0,True,,,,
1776198312,357680201,,11.649999618530273,0.0,0.0,0.0,0.0,1.7999999523162842,63.87999725341797,0,0,0,True,,,,
1776198312,407699588,,11.670000076293945,0.0,0.0,0.0,0.0,1.7999999523162842,65.0,0,0,0,True,,,,
1776198312,457794104,,11.670000076293945,0.0,0.0,0.0,0.0,1.7999999523162842,65.0,0,0,0,True,,,,
1776198312,507685030,,11.670000076293945,0.0,0.0,0.0,0.0,1.7999999523162842,65.0,0,0,0,True,,,,
1776198312,557693658,,11.649999618530273,0.0,0.0,0.0,0.0,1.7999999523162842,63.87999725341797,0,0,0,True,,,,
1776198312,607709971,,11.649999618530273,0.0,0.0,0.0,0.0,1.7999999523162842,63.87999725341797,0,0,0,True,,,,
1776198312,658914026,,11.649999618530273,0.0,0.0,0.0,0.0,1.7999999523162842,63.87999725341797,0,0,0,True,,,,
1776198312,707676987,,11.649999618530273,0.0,0.0,0.0,0.0,1.7999999523162842,63.87999725341797,0,0,0,True,,,,
1776198312,757707151,,11.670000076293945,0.0,0.0,0.0,0.0,1.7999999523162842,65.0,0,0,0,True,,,,
1776198312,807690094,,11.670000076293945,0.0,0.0,0.0,0.0,1.7999999523162842,65.0,0,0,0,True,,,,
1776198312,857687982,,11.670000076293945,0.0,0.0,0.0,0.0,1.7999999523162842,65.0,0,0,0,True,,,,
1776198312,907618296,,11.670000076293945,0.0,0.0,0.0,0.0,1.7999999523162842,65.0,0,0,0,True,,,,
1776198312,957698219,,11.649999618530273,0.0,0.0,0.0,0.0,1.7999999523162842,63.87999725341797,0,0,0,True,,,,
1776198313,7661977,,11.630000114440918,0.0,0.0,0.0,0.0,1.7999999523162842,62.77000045776367,0,0,0,True,,,,
1776198313,57670994,,11.649999618530273,0.0,0.0,0.0,0.0,1.7999999523162842,63.87999725341797,0,0,0,True,,,,
1776198313,107684029,,11.670000076293945,0.0,0.0,0.0,0.0,1.7999999523162842,65.0,0,0,0,True,,,,
1776198313,157667065,,11.670000076293945,0.0,0.0,0.0,0.0,1.7999999523162842,65.0,0,0,0,True,,,,
1776198313,207674082,,11.649999618530273,0.0,0.0,0.0,0.0,1.7999999523162842,63.87999725341797,0,0,0,True,,,,
1776198313,257628766,,11.649999618530273,0.0,0.0,0.0,0.0,1.7999999523162842,63.87999725341797,0,0,0,True,,,,
1776198313,307633542,,11.649999618530273,0.0,0.0,0.0,0.0,1.7999999523162842,63.87999725341797,0,0,0,True,,,,
1776198313,357634800,,11.670000076293945,0.0,0.0,0.0,0.0,1.7999999523162842,65.0,0,0,0,True,,,,
1776198313,407658224,,11.649999618530273,0.0,0.0,0.0,0.0,1.7999999523162842,63.87999725341797,0,0,0,True,,,,
1776198313,457637649,,11.670000076293945,0.0,0.0,0.0,0.0,1.7999999523162842,65.0,0,0,0,True,,,,
1776198313,507635962,,11.649999618530273,0.0,0.0,0.0,0.0,1.7999999523162842,63.87999725341797,0,0,0,True,,,,
1776198313,557986085,,11.670000076293945,0.0,0.0,0.0,0.0,1.7999999523162842,65.0,0,0,0,True,,,,
1776198313,607683088,,11.670000076293945,0.0,0.0,0.0,0.0,1.7999999523162842,65.0,0,0,0,True,,,,
1776198313,657705641,,11.649999618530273,0.0,0.0,0.0,0.0,1.7999999523162842,63.87999725341797,0,0,0,True,,,,
1776198313,707639289,,11.649999618530273,0.0,0.0,0.0,0.0,1.7999999523162842,63.87999725341797,0,0,0,True,,,,
1776198313,757707953,,11.649999618530273,0.0,0.0,0.0,0.0,1.7999999523162842,63.87999725341797,0,0,0,True,,,,
1776198313,807634804,,11.670000076293945,0.0,0.0,0.0,0.0,1.7999999523162842,65.0,0,0,0,True,,,,
1776198313,857646710,,11.649999618530273,0.0,0.0,0.0,0.0,1.7999999523162842,63.87999725341797,0,0,0,True,,,,
1776198313,907648875,,11.670000076293945,0.0,0.0,0.0,0.0,1.7999999523162842,65.0,0,0,0,True,,,,
1776198313,957741594,,11.670000076293945,0.0,0.0,0.0,0.0,1.7999999523162842,65.0,0,0,0,True,,,,
1776198314,7637835,,11.649999618530273,0.0,0.0,0.0,0.0,1.7999999523162842,63.87999725341797,0,0,0,True,,,,
1776198314,57614038,,11.670000076293945,0.0,0.0,0.0,0.0,1.7999999523162842,65.0,0,0,0,True,,,,
1776198314,107672794,,11.649999618530273,0.0,0.0,0.0,0.0,1.7999999523162842,63.87999725341797,0,0,0,True,,,,
1776198314,157670830,,11.670000076293945,0.0,0.0,0.0,0.0,1.7999999523162842,65.0,0,0,0,True,,,,
1776198314,207717550,,11.649999618530273,0.0,0.0,0.0,0.0,1.7999999523162842,63.87999725341797,0,0,0,True,,,,
1776198314,257752140,,11.670000076293945,0.0,0.0,0.0,0.0,1.7999999523162842,65.0,0,0,0,True,,,,
1776198314,307684251,,11.670000076293945,0.0,0.0,0.0,0.0,1.7999999523162842,65.0,0,0,0,True,,,,
1776198314,357648102,,11.670000076293945,0.0,0.0,0.0,0.0,1.7999999523162842,65.0,0,0,0,True,,,,
1776198314,407605119,,11.649999618530273,0.0,0.0,0.0,0.0,1.7999999523162842,63.87999725341797,0,0,0,True,,,,
1776198314,457697042,,11.649999618530273,0.0,0.0,0.0,0.0,1.7999999523162842,63.87999725341797,0,0,0,True,,,,
1776198314,507670486,,11.670000076293945,0.0,0.0,0.0,0.0,1.7999999523162842,65.0,0,0,0,True,,,,
1776198314,557698298,,11.670000076293945,0.0,0.0,0.0,0.0,1.7999999523162842,65.0,0,0,0,True,,,,
1776198314,607714889,,11.670000076293945,0.0,0.0,0.0,0.0,1.7999999523162842,65.0,0,0,0,True,,,,
1776198314,657639667,,11.630000114440918,0.0,0.0,0.0,0.0,1.7999999523162842,62.77000045776367,0,0,0,True,,,,
1776198314,707662331,,11.59999942779541,0.0,0.0,0.0,0.0,1.7999999523162842,61.1099967956543,0,0,0,True,,,,
1776198314,757667756,,11.630000114440918,0.0,0.0,0.0,0.0,1.7999999523162842,62.77000045776367,0,0,0,True,,,,
1776198314,807652106,,11.630000114440918,0.0,0.0,0.0,0.0,1.7999999523162842,62.77000045776367,0,0,0,True,,,,
1776198314,857659086,,11.649999618530273,0.0,0.0,0.0,0.0,1.7999999523162842,63.87999725341797,0,0,0,True,,,,
1776198314,907749157,,11.630000114440918,0.0,0.0,0.0,0.0,1.7999999523162842,62.77000045776367,0,0,0,True,,,,
1776198314,957652694,,11.649999618530273,0.0,0.0,0.0,0.0,1.7999999523162842,63.87999725341797,0,0,0,True,,,,
1776198315,10174768,,11.649999618530273,0.0,0.0,0.0,0.0,1.7999999523162842,63.87999725341797,0,0,0,True,,,,
1776198315,57655487,,11.649999618530273,0.0,0.0,0.0,0.0,1.7999999523162842,63.87999725341797,0,0,0,True,,,,
1776198315,107671300,,11.649999618530273,0.0,0.0,0.0,0.0,1.7999999523162842,63.87999725341797,0,0,0,True,,,,
1776198315,157596226,,11.649999618530273,0.0,0.0,0.0,0.0,1.7999999523162842,63.87999725341797,0,0,0,True,,,,
1776198315,208081365,,11.649999618530273,0.0,0.0,0.0,0.0,1.7999999523162842,63.87999725341797,0,0,0,True,,,,
1776198315,257650388,,11.649999618530273,0.0,0.0,0.0,0.0,1.7999999523162842,63.87999725341797,0,0,0,True,,,,
1776198315,307642035,,11.649999618530273,0.0,0.0,0.0,0.0,1.7999999523162842,63.87999725341797,0,0,0,True,,,,
1776198315,357632034,,11.649999618530273,0.0,0.0,0.0,0.0,1.7999999523162842,63.87999725341797,0,0,0,True,,,,
1776198315,407655143,,11.630000114440918,0.0,0.0,0.0,0.0,1.7999999523162842,62.77000045776367,0,0,0,True,,,,
1776198315,457591901,,11.649999618530273,0.0,0.0,0.0,0.0,1.7999999523162842,63.87999725341797,0,0,0,True,,,,
1776198315,507656769,,11.649999618530273,0.0,0.0,0.0,0.0,1.7999999523162842,63.87999725341797,0,0,0,True,,,,
1776198315,557669527,,11.649999618530273,0.0,0.0,0.0,0.0,1.7999999523162842,63.87999725341797,0,0,0,True,,,,
1776198315,607708710,,11.649999618530273,0.0,0.0,0.0,0.0,1.7999999523162842,63.87999725341797,0,0,0,True,,,,
1776198315,657709634,,11.649999618530273,0.0,0.0,0.0,0.0,1.7999999523162842,63.87999725341797,0,0,0,True,,,,
1776198315,707731077,,11.630000114440918,0.0,0.0,0.0,0.0,1.7999999523162842,62.77000045776367,0,0,0,True,,,,
1776198315,757654021,,11.630000114440918,0.0,0.0,0.0,0.0,1.7999999523162842,62.77000045776367,0,0,0,True,,,,
1776198315,807594594,,11.649999618530273,0.0,0.0,0.0,0.0,1.7999999523162842,63.87999725341797,0,0,0,True,,,,
1776198315,857657925,,11.649999618530273,0.0,0.0,0.0,0.0,1.7999999523162842,63.87999725341797,0,0,0,True,,,,
1776198315,907616405,,11.649999618530273,0.0,0.0,0.0,0.0,1.7999999523162842,63.87999725341797,0,0,0,True,,,,
1776198315,957646311,,11.649999618530273,0.0,0.0,0.0,0.0,1.7999999523162842,63.87999725341797,0,0,0,True,,,,
1776198316,7691512,,11.649999618530273,0.0,0.0,0.0,0.0,1.7999999523162842,63.87999725341797,0,0,0,True,,,,
1776198316,57686844,,11.630000114440918,0.0,0.0,0.0,0.0,1.7999999523162842,62.77000045776367,0,0,0,True,,,,
1776198316,107638140,,11.649999618530273,0.0,0.0,0.0,0.0,1.7999999523162842,63.87999725341797,0,0,0,True,,,,
1776198316,157619453,,11.649999618530273,0.0,0.0,0.0,0.0,1.7999999523162842,63.87999725341797,0,0,0,True,,,,
1776198316,207686951,,11.649999618530273,0.0,0.0,0.0,0.0,1.7999999523162842,63.87999725341797,0,0,0,True,,,,
1776198316,257575339,,11.649999618530273,0.0,0.0,0.0,0.0,1.7999999523162842,63.87999725341797,0,0,0,True,,,,
1776198316,307600060,,11.630000114440918,0.0,0.0,0.0,0.0,1.7999999523162842,62.77000045776367,0,0,0,True,,,,
1776198316,357661891,,11.649999618530273,0.0,0.0,0.0,0.0,1.7999999523162842,63.87999725341797,0,0,0,True,,,,
1776198316,407655648,,11.630000114440918,0.0,0.0,0.0,0.0,1.7999999523162842,62.77000045776367,0,0,0,True,,,,
1776198316,457599425,,11.649999618530273,0.0,0.0,0.0,0.0,1.7999999523162842,63.87999725341797,0,0,0,True,,,,
1776198316,507562221,,11.630000114440918,0.0,0.0,0.0,0.0,1.7999999523162842,62.77000045776367,0,0,0,True,,,,
1776198316,557679606,,11.630000114440918,0.0,0.0,0.0,0.0,1.7999999523162842,62.77000045776367,0,0,0,True,,,,
1776198316,607972360,,11.649999618530273,0.0,0.0,0.0,0.0,1.7999999523162842,63.87999725341797,0,0,0,True,,,,
1776198316,657589197,,11.649999618530273,0.0,0.0,0.0,0.0,1.7999999523162842,63.87999725341797,0,0,0,True,,,,
1776198316,707534955,,11.649999618530273,0.0,0.0,0.0,0.0,1.7999999523162842,63.87999725341797,0,0,0,True,,,,
1776198316,757640582,,11.630000114440918,0.0,0.0,0.0,0.0,1.7999999523162842,62.77000045776367,0,0,0,True,,,,
1776198316,807383251,,11.649999618530273,0.0,0.0,0.0,0.0,1.7999999523162842,63.87999725341797,0,0,0,True,,,,
1776198316,857586098,,11.649999618530273,0.0,0.0,0.0,0.0,1.7999999523162842,63.87999725341797,0,0,0,True,,,,
1776198316,907656688,,11.649999618530273,0.0,0.0,0.0,0.0,1.7999999523162842,63.87999725341797,0,0,0,True,,,,
1776198316,957628298,,11.649999618530273,0.0,0.0,0.0,0.0,1.7999999523162842,63.87999725341797,0,0,0,True,,,,
1776198317,7620167,,11.649999618530273,0.0,0.0,0.0,0.0,1.7999999523162842,63.87999725341797,0,0,0,True,,,,
1776198317,57644739,,11.649999618530273,0.0,0.0,0.0,0.0,1.7999999523162842,63.87999725341797,0,0,0,True,,,,
1776198317,107655645,,11.649999618530273,0.0,0.0,0.0,0.0,1.7999999523162842,63.87999725341797,0,0,0,True,,,,
1776198317,157593403,,11.649999618530273,0.0,0.0,0.0,0.0,1.7999999523162842,63.87999725341797,0,0,0,True,,,,
1776198317,207690715,,11.649999618530273,0.0,0.0,0.0,0.0,1.7999999523162842,63.87999725341797,0,0,0,True,,,,
1776198317,257580975,,11.649999618530273,0.0,0.0,0.0,0.0,1.7999999523162842,63.87999725341797,0,0,0,True,,,,
1776198317,307570881,,11.630000114440918,0.0,0.0,0.0,0.0,1.7999999523162842,62.77000045776367,0,0,0,True,,,,
1776198317,357605527,,11.649999618530273,0.0,0.0,0.0,0.0,1.7999999523162842,63.87999725341797,0,0,0,True,,,,
1776198317,407586044,,11.630000114440918,0.0,0.0,0.0,0.0,1.7999999523162842,62.77000045776367,0,0,0,True,,,,
1776198317,457614597,,11.630000114440918,0.0,0.0,0.0,0.0,1.7999999523162842,62.77000045776367,0,0,0,True,,,,
1776198317,507600892,,11.649999618530273,0.0,0.0,0.0,0.0,1.7999999523162842,63.87999725341797,0,0,0,True,,,,
1776198317,557662057,,11.649999618530273,0.0,0.0,0.0,0.0,1.7999999523162842,63.87999725341797,0,0,0,True,,,,
1776198317,607620556,,11.649999618530273,0.0,0.0,0.0,0.0,1.7999999523162842,63.87999725341797,0,0,0,True,,,,
1776198317,657651276,,11.649999618530273,0.0,0.0,0.0,0.0,1.7999999523162842,63.87999725341797,0,0,0,True,,,,
1776198317,707672311,,11.649999618530273,0.0,0.0,0.0,0.0,1.7999999523162842,63.87999725341797,0,0,0,True,,,,
1776198317,757607977,,11.649999618530273,0.0,0.0,0.0,0.0,1.7999999523162842,63.87999725341797,0,0,0,True,,,,
1776198317,807623160,,11.630000114440918,0.0,0.0,0.0,0.0,1.7999999523162842,62.77000045776367,0,0,0,True,,,,
1776198317,857611511,,11.649999618530273,0.0,0.0,0.0,0.0,1.7999999523162842,63.87999725341797,0,0,0,True,,,,
1776198317,907614287,,11.649999618530273,0.0,0.0,0.0,0.0,1.7999999523162842,63.87999725341797,0,0,0,True,,,,
1776198317,957643415,,11.649999618530273,0.0,0.0,0.0,0.0,1.7999999523162842,63.87999725341797,0,0,0,True,,,,
1776198318,7599173,,11.649999618530273,0.0,0.0,0.0,0.0,1.7999999523162842,63.87999725341797,0,0,0,True,,,,
1776198318,57689670,,11.649999618530273,0.0,0.0,0.0,0.0,1.7999999523162842,63.87999725341797,0,0,0,True,,,,
1776198318,107635929,,11.649999618530273,0.0,0.0,0.0,0.0,1.7999999523162842,63.87999725341797,0,0,0,True,,,,
1776198318,157646408,,11.649999618530273,0.0,0.0,0.0,0.0,1.7999999523162842,63.87999725341797,0,0,0,True,,,,
1776198318,207584926,,11.649999618530273,0.0,0.0,0.0,0.0,1.7999999523162842,63.87999725341797,0,0,0,True,,,,
1776198318,257656220,,11.630000114440918,0.0,0.0,0.0,0.0,1.7999999523162842,62.77000045776367,0,0,0,True,,,,
1776198318,307592645,,11.649999618530273,0.0,0.0,0.0,0.0,1.7999999523162842,63.87999725341797,0,0,0,True,,,,
1776198318,357680661,,11.649999618530273,0.0,0.0,0.0,0.0,1.7999999523162842,63.87999725341797,0,0,0,True,,,,
1776198318,407582457,,11.649999618530273,0.0,0.0,0.0,0.0,1.7999999523162842,63.87999725341797,0,0,0,True,,,,
1776198318,457655751,,11.649999618530273,0.0,0.0,0.0,0.0,1.7999999523162842,63.87999725341797,0,0,0,True,,,,
1776198318,507589491,,11.649999618530273,0.0,0.0,0.0,0.0,1.7999999523162842,63.87999725341797,0,0,0,True,,,,
1776198318,557572712,,11.630000114440918,0.0,0.0,0.0,0.0,1.7999999523162842,62.77000045776367,0,0,0,True,,,,
1776198318,607552710,,11.630000114440918,0.0,0.0,0.0,0.0,1.7999999523162842,62.77000045776367,0,0,0,True,,,,
1776198318,657536487,,11.630000114440918,0.0,0.0,0.0,0.0,1.7999999523162842,62.77000045776367,0,0,0,True,,,,
1776198318,708555193,,11.630000114440918,0.0,0.0,0.0,0.0,1.7999999523162842,62.77000045776367,0,0,0,True,,,,
1776198318,757566650,,11.630000114440918,0.0,0.0,0.0,0.0,1.7999999523162842,62.77000045776367,0,0,0,True,,,,
1776198318,807448520,,11.619999885559082,0.0,0.0,0.0,0.0,1.7999999523162842,62.21999740600586,0,0,0,True,,,,
1776198318,857553036,,11.630000114440918,0.0,0.0,0.0,0.0,1.7999999523162842,62.77000045776367,0,0,0,True,,,,
1776198318,907536442,,11.630000114440918,0.0,0.0,0.0,0.0,1.7999999523162842,62.77000045776367,0,0,0,True,,,,
1776198318,957554199,,11.649999618530273,0.0,0.0,0.0,0.0,1.7999999523162842,63.87999725341797,0,0,0,True,,,,
1776198319,7468217,,11.649999618530273,0.0,0.0,0.0,0.0,1.7999999523162842,63.87999725341797,0,0,0,True,,,,
1776198319,57587418,,11.630000114440918,0.0,0.0,0.0,0.0,1.7999999523162842,62.77000045776367,0,0,0,True,,,,
1776198319,107648564,,11.649999618530273,0.0,0.0,0.0,0.0,1.7999999523162842,63.87999725341797,0,0,0,True,,,,
1776198319,157574822,,11.649999618530273,0.0,0.0,0.0,0.0,1.7999999523162842,63.87999725341797,0,0,0,True,,,,
1776198319,207620839,,11.649999618530273,0.0,0.0,0.0,0.0,1.7999999523162842,63.87999725341797,0,0,0,True,,,,
1776198319,257618096,,11.649999618530273,0.0,0.0,0.0,0.0,1.7999999523162842,63.87999725341797,0,0,0,True,,,,
1776198319,307577558,,11.630000114440918,0.0,0.0,0.0,0.0,1.7999999523162842,62.77000045776367,0,0,0,True,,,,
1776198319,357617612,,11.649999618530273,0.0,0.0,0.0,0.0,1.7999999523162842,63.87999725341797,0,0,0,True,,,,
1776198319,407569648,,11.649999618530273,0.0,0.0,0.0,0.0,1.7999999523162842,63.87999725341797,0,0,0,True,,,,
1776198319,457563517,,11.649999618530273,0.0,0.0,0.0,0.0,1.7999999523162842,63.87999725341797,0,0,0,True,,,,
1776198319,507608829,,11.649999618530273,0.0,0.0,0.0,0.0,1.7999999523162842,63.87999725341797,0,0,0,True,,,,
1776198319,557580162,,11.649999618530273,0.0,0.0,0.0,0.0,1.7999999523162842,63.87999725341797,0,0,0,True,,,,
1776198319,607581771,,11.649999618530273,0.0,0.0,0.0,0.0,1.7999999523162842,63.87999725341797,0,0,0,True,,,,
1776198319,657597529,,11.649999618530273,0.0,0.0,0.0,0.0,1.7999999523162842,63.87999725341797,0,0,0,True,,,,
1776198319,707569583,,11.630000114440918,0.0,0.0,0.0,0.0,1.7999999523162842,62.77000045776367,0,0,0,True,,,,
1776198319,757601914,,11.649999618530273,0.0,0.0,0.0,0.0,1.7999999523162842,63.87999725341797,0,0,0,True,,,,
1776198319,807594376,,11.630000114440918,0.0,0.0,0.0,0.0,1.7999999523162842,62.77000045776367,0,0,0,True,,,,
1776198319,857583226,,11.630000114440918,0.0,0.0,0.0,0.0,1.7999999523162842,62.77000045776367,0,0,0,True,,,,
1776198319,907596836,,11.649999618530273,0.0,0.0,0.0,0.0,1.7999999523162842,63.87999725341797,0,0,0,True,,,,
1776198319,957599001,,11.649999618530273,0.0,0.0,0.0,0.0,1.7999999523162842,63.87999725341797,0,0,0,True,,,,
1776198320,7705627,,11.649999618530273,0.0,0.0,0.0,0.0,1.7999999523162842,63.87999725341797,0,0,0,True,,,,
1776198320,57624942,,11.649999618530273,0.0,0.0,0.0,0.0,1.7999999523162842,63.87999725341797,0,0,0,True,,,,
1776198320,107661773,,11.649999618530273,0.0,0.0,0.0,0.0,1.7999999523162842,63.87999725341797,0,0,0,True,,,,
1776198320,157554810,,11.649999618530273,0.0,0.0,0.0,0.0,1.7999999523162842,63.87999725341797,0,0,0,True,,,,
1776198320,208150800,,11.649999618530273,0.0,0.0,0.0,0.0,1.7999999523162842,63.87999725341797,0,0,0,True,,,,
1776198320,257670564,,11.649999618530273,0.0,0.0,0.0,0.0,1.7999999523162842,63.87999725341797,0,0,0,True,,,,
1776198320,307654433,,11.649999618530273,0.0,0.0,0.0,0.0,1.7999999523162842,63.87999725341797,0,0,0,True,,,,
1776198320,357605081,,11.670000076293945,0.0,0.0,0.0,0.0,1.7999999523162842,65.0,0,0,0,True,,,,
1776198320,407640486,,11.670000076293945,0.0,0.0,0.0,0.0,1.7999999523162842,65.0,0,0,0,True,,,,
1776198320,457615336,,11.670000076293945,0.0,0.0,0.0,0.0,1.7999999523162842,65.0,0,0,0,True,,,,
1776198320,507535836,,11.649999618530273,0.0,0.0,0.0,0.0,1.7999999523162842,63.87999725341797,0,0,0,True,,,,
1776198320,557609185,,11.649999618530273,0.0,0.0,0.0,0.0,1.7999999523162842,63.87999725341797,0,0,0,True,,,,
1776198320,607661702,,11.649999618530273,0.0,0.0,0.0,0.0,1.7999999523162842,63.87999725341797,0,0,0,True,,,,
1776198320,657634923,,11.649999618530273,0.0,0.0,0.0,0.0,1.7999999523162842,63.87999725341797,0,0,0,True,,,,
1776198320,707529793,,11.649999618530273,0.0,0.0,0.0,0.0,1.7999999523162842,63.87999725341797,0,0,0,True,,,,
1776198320,757559791,,11.649999618530273,0.0,0.0,0.0,0.0,1.7999999523162842,63.87999725341797,0,0,0,True,,,,
1776198320,807543382,,11.649999618530273,0.0,0.0,0.0,0.0,1.7999999523162842,63.87999725341797,0,0,0,True,,,,
1776198320,857569565,,11.630000114440918,0.0,0.0,0.0,0.0,1.7999999523162842,62.77000045776367,0,0,0,True,,,,
1776198320,907545860,,11.649999618530273,0.0,0.0,0.0,0.0,1.7999999523162842,63.87999725341797,0,0,0,True,,,,
1776198320,957576321,,11.670000076293945,0.0,0.0,0.0,0.0,1.7999999523162842,65.0,0,0,0,True,,,,
1776198321,7555690,,11.630000114440918,0.0,0.0,0.0,0.0,1.7999999523162842,62.77000045776367,0,0,0,True,,,,
1776198321,57566929,,11.670000076293945,0.0,0.0,0.0,0.0,1.7999999523162842,65.0,0,0,0,True,,,,
1776198321,107576428,,11.670000076293945,0.0,0.0,0.0,0.0,1.7999999523162842,65.0,0,0,0,True,,,,
1776198321,157557278,,11.649999618530273,0.0,0.0,0.0,0.0,1.7999999523162842,63.87999725341797,0,0,0,True,,,,
1776198321,207552073,,11.670000076293945,0.0,0.0,0.0,0.0,1.7999999523162842,65.0,0,0,0,True,,,,
1776198321,257582071,,11.649999618530273,0.0,0.0,0.0,0.0,1.7999999523162842,63.87999725341797,0,0,0,True,,,,
1776198321,307517663,,11.649999618530273,0.0,0.0,0.0,0.0,1.7999999523162842,63.87999725341797,0,0,0,True,,,,
1776198321,357523087,,11.670000076293945,0.0,0.0,0.0,0.0,1.7999999523162842,65.0,0,0,0,True,,,,
1776198321,407565604,,11.649999618530273,0.0,0.0,0.0,0.0,1.7999999523162842,63.87999725341797,0,0,0,True,,,,
1776198321,457566917,,11.649999618530273,0.0,0.0,0.0,0.0,1.7999999523162842,63.87999725341797,0,0,0,True,,,,
1776198321,507591526,,11.649999618530273,0.0,0.0,0.0,0.0,1.7999999523162842,63.87999725341797,0,0,0,True,,,,
1776198321,557513674,,11.649999618530273,0.0,0.0,0.0,0.0,1.7999999523162842,63.87999725341797,0,0,0,True,,,,
1776198321,607560801,,11.670000076293945,0.0,0.0,0.0,0.0,1.7999999523162842,65.0,0,0,0,True,,,,
1776198321,657534170,,11.670000076293945,0.0,0.0,0.0,0.0,1.7999999523162842,65.0,0,0,0,True,,,,
1776198321,707510447,,11.649999618530273,0.0,0.0,0.0,0.0,1.7999999523162842,63.87999725341797,0,0,0,True,,,,
1776198321,757560408,,11.670000076293945,0.0,0.0,0.0,0.0,1.7999999523162842,65.0,0,0,0,True,,,,
1776198321,810059000,,11.649999618530273,0.0,0.0,0.0,0.0,1.7999999523162842,63.87999725341797,0,0,0,True,,,,
1776198321,857525109,,11.670000076293945,0.0,0.0,0.0,0.0,1.7999999523162842,65.0,0,0,0,True,,,,
1776198321,907520570,,11.670000076293945,0.0,0.0,0.0,0.0,1.7999999523162842,65.0,0,0,0,True,,,,
1776198321,957584956,,11.649999618530273,0.0,0.0,0.0,0.0,1.7999999523162842,63.87999725341797,0,0,0,True,,,,
1776198322,7537733,,11.649999618530273,0.0,0.0,0.0,0.0,1.7999999523162842,63.87999725341797,0,0,0,True,,,,
1776198322,57530787,,11.649999618530273,0.0,0.0,0.0,0.0,1.7999999523162842,63.87999725341797,0,0,0,True,,,,
1776198322,107513138,,11.670000076293945,0.0,0.0,0.0,0.0,1.7999999523162842,65.0,0,0,0,True,,,,
1776198322,157582839,,11.670000076293945,0.0,0.0,0.0,0.0,1.7999999523162842,65.0,0,0,0,True,,,,
1776198322,207513857,,11.670000076293945,0.0,0.0,0.0,0.0,1.7999999523162842,65.0,0,0,0,True,,,,
1776198322,257491800,,11.670000076293945,0.0,0.0,0.0,0.0,1.7999999523162842,65.0,0,0,0,True,,,,
1776198322,307525706,,11.649999618530273,0.0,0.0,0.0,0.0,1.7999999523162842,63.87999725341797,0,0,0,True,,,,
1776198322,357684535,,11.649999618530273,0.0,0.0,0.0,0.0,1.7999999523162842,63.87999725341797,0,0,0,True,,,,
1776198322,407598868,,11.670000076293945,0.0,0.0,0.0,0.0,1.7999999523162842,65.0,0,0,0,True,,,,
1776198322,457605626,,11.649999618530273,0.0,0.0,0.0,0.0,1.7999999523162842,63.87999725341797,0,0,0,True,,,,
1776198322,507503237,,11.670000076293945,0.0,0.0,0.0,0.0,1.7999999523162842,65.0,0,0,0,True,,,,
1776198322,557518087,,11.670000076293945,0.0,0.0,0.0,0.0,1.7999999523162842,65.0,0,0,0,True,,,,
1776198322,607524992,,11.670000076293945,0.0,0.0,0.0,0.0,1.7999999523162842,65.0,0,0,0,True,,,,
1776198322,657561324,,11.670000076293945,0.0,0.0,0.0,0.0,1.7999999523162842,65.0,0,0,0,True,,,,
1776198322,707523656,,11.630000114440918,0.0,0.0,0.0,0.0,1.7999999523162842,62.77000045776367,0,0,0,True,,,,
1776198322,757533136,,11.619999885559082,0.0,0.0,0.0,0.0,1.7999999523162842,62.21999740600586,0,0,0,True,,,,
1776198322,807500246,,11.619999885559082,0.0,0.0,0.0,0.0,1.7999999523162842,62.21999740600586,0,0,0,True,,,,
1776198322,857547910,,11.630000114440918,0.0,0.0,0.0,0.0,1.7999999523162842,62.77000045776367,0,0,0,True,,,,
1776198322,907533705,,11.649999618530273,0.0,0.0,0.0,0.0,1.7999999523162842,63.87999725341797,0,0,0,True,,,,
1776198322,957628610,,11.649999618530273,0.0,0.0,0.0,0.0,1.7999999523162842,63.87999725341797,0,0,0,True,,,,
1776198323,7527850,,11.649999618530273,0.0,0.0,0.0,0.0,1.7999999523162842,63.87999725341797,0,0,0,True,,,,
1776198323,57582774,,11.649999618530273,0.0,0.0,0.0,0.0,1.7999999523162842,63.87999725341797,0,0,0,True,,,,
1776198323,107485014,,11.649999618530273,0.0,0.0,0.0,0.0,1.7999999523162842,63.87999725341797,0,0,0,True,,,,
1776198323,157528790,,11.649999618530273,0.0,0.0,0.0,0.0,1.7999999523162842,63.87999725341797,0,0,0,True,,,,
1776198323,207598139,,11.670000076293945,0.0,0.0,0.0,0.0,1.7999999523162842,65.0,0,0,0,True,,,,
1776198323,257578434,,11.649999618530273,0.0,0.0,0.0,0.0,1.7999999523162842,63.87999725341797,0,0,0,True,,,,
1776198323,307582859,,11.649999618530273,0.0,0.0,0.0,0.0,1.7999999523162842,63.87999725341797,0,0,0,True,,,,
1776198323,357532543,,11.649999618530273,0.0,0.0,0.0,0.0,1.7999999523162842,63.87999725341797,0,0,0,True,,,,
1776198323,407529115,,11.649999618530273,0.0,0.0,0.0,0.0,1.7999999523162842,63.87999725341797,0,0,0,True,,,,
1776198323,457564539,,11.649999618530273,0.0,0.0,0.0,0.0,1.7999999523162842,63.87999725341797,0,0,0,True,,,,
1776198323,507550519,,11.649999618530273,0.0,0.0,0.0,0.0,1.7999999523162842,63.87999725341797,0,0,0,True,,,,
1776198323,557557999,,11.649999618530273,0.0,0.0,0.0,0.0,1.7999999523162842,63.87999725341797,0,0,0,True,,,,
1776198323,607618200,,11.649999618530273,0.0,0.0,0.0,0.0,1.7999999523162842,63.87999725341797,0,0,0,True,,,,
1776198323,658340985,,11.649999618530273,0.0,0.0,0.0,0.0,1.7999999523162842,63.87999725341797,0,0,0,True,,,,
1776198323,707489607,,11.649999618530273,0.0,0.0,0.0,0.0,1.7999999523162842,63.87999725341797,0,0,0,True,,,,
1776198323,757516271,,11.649999618530273,0.0,0.0,0.0,0.0,1.7999999523162842,63.87999725341797,0,0,0,True,,,,
1776198323,807507603,,11.649999618530273,0.0,0.0,0.0,0.0,1.7999999523162842,63.87999725341797,0,0,0,True,,,,
1776198323,857518898,,11.649999618530273,0.0,0.0,0.0,0.0,1.7999999523162842,63.87999725341797,0,0,0,True,,,,
1776198323,907485415,,11.649999618530273,0.0,0.0,0.0,0.0,1.7999999523162842,63.87999725341797,0,0,0,True,,,,
1776198323,957546061,,11.649999618530273,0.0,0.0,0.0,0.0,1.7999999523162842,63.87999725341797,0,0,0,True,,,,
1776198324,7531911,,11.630000114440918,0.0,0.0,0.0,0.0,1.7999999523162842,62.77000045776367,0,0,0,True,,,,
1776198324,57520706,,11.630000114440918,0.0,0.0,0.0,0.0,1.7999999523162842,62.77000045776367,0,0,0,True,,,,
1776198324,107565093,,11.649999618530273,0.0,0.0,0.0,0.0,1.7999999523162842,63.87999725341797,0,0,0,True,,,,
1776198324,157527018,,11.630000114440918,0.0,0.0,0.0,0.0,1.7999999523162842,62.77000045776367,0,0,0,True,,,,
1776198324,208465855,,11.649999618530273,0.0,0.0,0.0,0.0,1.7999999523162842,63.87999725341797,0,0,0,True,,,,
1776198324,257571681,,11.630000114440918,0.0,0.0,0.0,0.0,1.7999999523162842,62.77000045776367,0,0,0,True,,,,
1776198324,307566605,,11.649999618530273,0.0,0.0,0.0,0.0,1.7999999523162842,63.87999725341797,0,0,0,True,,,,
1776198324,357563567,,11.630000114440918,0.0,0.0,0.0,0.0,1.7999999523162842,62.77000045776367,0,0,0,True,,,,
1776198324,407512269,,11.649999618530273,0.0,0.0,0.0,0.0,1.7999999523162842,63.87999725341797,0,0,0,True,,,,
1776198324,457492694,,11.649999618530273,0.0,0.0,0.0,0.0,1.7999999523162842,63.87999725341797,0,0,0,True,,,,
1776198324,507536359,,11.649999618530273,0.0,0.0,0.0,0.0,1.7999999523162842,63.87999725341797,0,0,0,True,,,,
1776198324,557491561,,11.649999618530273,0.0,0.0,0.0,0.0,1.7999999523162842,63.87999725341797,0,0,0,True,,,,
1776198324,607515059,,11.649999618530273,0.0,0.0,0.0,0.0,1.7999999523162842,63.87999725341797,0,0,0,True,,,,
1776198324,657525484,,11.649999618530273,0.0,0.0,0.0,0.0,1.7999999523162842,63.87999725341797,0,0,0,True,,,,
1776198324,707491149,,11.649999618530273,0.0,0.0,0.0,0.0,1.7999999523162842,63.87999725341797,0,0,0,True,,,,
1776198324,757498888,,11.630000114440918,0.0,0.0,0.0,0.0,1.7999999523162842,62.77000045776367,0,0,0,True,,,,
1776198324,807519460,,11.649999618530273,0.0,0.0,0.0,0.0,1.7999999523162842,63.87999725341797,0,0,0,True,,,,
1776198324,857552644,,11.649999618530273,0.0,0.0,0.0,0.0,1.7999999523162842,63.87999725341797,0,0,0,True,,,,
1776198324,907477791,,11.670000076293945,0.0,0.0,0.0,0.0,1.7999999523162842,65.0,0,0,0,True,,,,
1776198324,957607751,,11.630000114440918,0.0,0.0,0.0,0.0,1.7999999523162842,62.77000045776367,0,0,0,True,,,,
1776198325,7534232,,11.649999618530273,0.0,0.0,0.0,0.0,1.7999999523162842,63.87999725341797,0,0,0,True,,,,
1776198325,57499657,,11.649999618530273,0.0,0.0,0.0,0.0,1.7999999523162842,63.87999725341797,0,0,0,True,,,,
1776198325,107471081,,11.649999618530273,0.0,0.0,0.0,0.0,1.7999999523162842,63.87999725341797,0,0,0,True,,,,
1776198325,157511042,,11.649999618530273,0.0,0.0,0.0,0.0,1.7999999523162842,63.87999725341797,0,0,0,True,,,,
1776198325,207543059,,11.649999618530273,0.0,0.0,0.0,0.0,1.7999999523162842,63.87999725341797,0,0,0,True,,,,
1776198325,257540483,,11.630000114440918,0.0,0.0,0.0,0.0,1.7999999523162842,62.77000045776367,0,0,0,True,,,,
1776198325,307563611,,11.630000114440918,0.0,0.0,0.0,0.0,1.7999999523162842,62.77000045776367,0,0,0,True,,,,
1776198325,357586905,,11.630000114440918,0.0,0.0,0.0,0.0,1.7999999523162842,62.77000045776367,0,0,0,True,,,,
1776198325,407517071,,11.649999618530273,0.0,0.0,0.0,0.0,1.7999999523162842,63.87999725341797,0,0,0,True,,,,
1776198325,457502218,,11.649999618530273,0.0,0.0,0.0,0.0,1.7999999523162842,63.87999725341797,0,0,0,True,,,,
1776198325,507470532,,11.649999618530273,0.0,0.0,0.0,0.0,1.7999999523162842,63.87999725341797,0,0,0,True,,,,
1776198325,557537511,,11.649999618530273,0.0,0.0,0.0,0.0,1.7999999523162842,63.87999725341797,0,0,0,True,,,,
1776198325,607497528,,11.649999618530273,0.0,0.0,0.0,0.0,1.7999999523162842,63.87999725341797,0,0,0,True,,,,
1776198325,657527545,,11.630000114440918,0.0,0.0,0.0,0.0,1.7999999523162842,62.77000045776367,0,0,0,True,,,,
1776198325,707440396,,11.649999618530273,0.0,0.0,0.0,0.0,1.7999999523162842,63.87999725341797,0,0,0,True,,,,
1776198325,757509746,,11.649999618530273,0.0,0.0,0.0,0.0,1.7999999523162842,63.87999725341797,0,0,0,True,,,,
1776198325,807498818,,11.649999618530273,0.0,0.0,0.0,0.0,1.7999999523162842,63.87999725341797,0,0,0,True,,,,
1776198325,857506113,,11.649999618530273,0.0,0.0,0.0,0.0,1.7999999523162842,63.87999725341797,0,0,0,True,,,,
1776198325,907571351,,11.649999618530273,0.0,0.0,0.0,0.0,1.7999999523162842,63.87999725341797,0,0,0,True,,,,
1776198325,957493036,,11.649999618530273,0.0,0.0,0.0,0.0,1.7999999523162842,63.87999725341797,0,0,0,True,,,,
1776198326,7481442,,11.649999618530273,0.0,0.0,0.0,0.0,1.7999999523162842,63.87999725341797,0,0,0,True,,,,
1776198326,57447867,,11.649999618530273,0.0,0.0,0.0,0.0,1.7999999523162842,63.87999725341797,0,0,0,True,,,,
1776198326,107461532,,11.649999618530273,0.0,0.0,0.0,0.0,1.7999999523162842,63.87999725341797,0,0,0,True,,,,
1776198326,157475345,,11.670000076293945,0.0,0.0,0.0,0.0,1.7999999523162842,65.0,0,0,0,True,,,,
1776198326,207516268,,11.649999618530273,0.0,0.0,0.0,0.0,1.7999999523162842,63.87999725341797,0,0,0,True,,,,
1776198326,257505841,,11.630000114440918,0.0,0.0,0.0,0.0,1.7999999523162842,62.77000045776367,0,0,0,True,,,,
1776198326,307492247,,11.649999618530273,0.0,0.0,0.0,0.0,1.7999999523162842,63.87999725341797,0,0,0,True,,,,
1776198326,357543226,,11.649999618530273,0.0,0.0,0.0,0.0,1.7999999523162842,63.87999725341797,0,0,0,True,,,,
1776198326,407505336,,11.649999618530273,0.0,0.0,0.0,0.0,1.7999999523162842,63.87999725341797,0,0,0,True,,,,
1776198326,457491983,,11.649999618530273,0.0,0.0,0.0,0.0,1.7999999523162842,63.87999725341797,0,0,0,True,,,,
1776198326,507475315,,11.630000114440918,0.0,0.0,0.0,0.0,1.7999999523162842,62.77000045776367,0,0,0,True,,,,
1776198326,557698181,,11.630000114440918,0.0,0.0,0.0,0.0,1.7999999523162842,62.77000045776367,0,0,0,True,,,,
1776198326,607485978,,11.630000114440918,0.0,0.0,0.0,0.0,1.7999999523162842,62.77000045776367,0,0,0,True,,,,
1776198326,657431237,,11.630000114440918,0.0,0.0,0.0,0.0,1.7999999523162842,62.77000045776367,0,0,0,True,,,,
1776198326,707463809,,11.630000114440918,0.0,0.0,0.0,0.0,1.7999999523162842,62.77000045776367,0,0,0,True,,,,
1776198326,757585102,,11.630000114440918,0.0,0.0,0.0,0.0,1.7999999523162842,62.77000045776367,0,0,0,True,,,,
1776198326,807471954,,11.630000114440918,0.0,0.0,0.0,0.0,1.7999999523162842,62.77000045776367,0,0,0,True,,,,
1776198326,857448508,,11.630000114440918,0.0,0.0,0.0,0.0,1.7999999523162842,62.77000045776367,0,0,0,True,,,,
1776198326,907445821,,11.630000114440918,0.0,0.0,0.0,0.0,1.7999999523162842,62.77000045776367,0,0,0,True,,,,
1776198326,957482060,,11.630000114440918,0.0,0.0,0.0,0.0,1.7999999523162842,62.77000045776367,0,0,0,True,,,,
1776198327,7529910,,11.670000076293945,0.0,0.0,0.0,0.0,1.7999999523162842,65.0,0,0,0,True,,,,
1776198327,57511112,,11.649999618530273,0.0,0.0,0.0,0.0,1.7999999523162842,63.87999725341797,0,0,0,True,,,,
1776198327,107437112,,11.649999618530273,0.0,0.0,0.0,0.0,1.7999999523162842,63.87999725341797,0,0,0,True,,,,
1776198327,157434814,,11.649999618530273,0.0,0.0,0.0,0.0,1.7999999523162842,63.87999725341797,0,0,0,True,,,,
1776198327,208796719,,11.630000114440918,0.0,0.0,0.0,0.0,1.7999999523162842,62.77000045776367,0,0,0,True,,,,
1776198327,257489458,,11.649999618530273,0.0,0.0,0.0,0.0,1.7999999523162842,63.87999725341797,0,0,0,True,,,,
1776198327,307461272,,11.649999618530273,0.0,0.0,0.0,0.0,1.7999999523162842,63.87999725341797,0,0,0,True,,,,
1776198327,357511436,,11.649999618530273,0.0,0.0,0.0,0.0,1.7999999523162842,63.87999725341797,0,0,0,True,,,,
1776198327,407422936,,11.649999618530273,0.0,0.0,0.0,0.0,1.7999999523162842,63.87999725341797,0,0,0,True,,,,
1776198327,457482730,,11.630000114440918,0.0,0.0,0.0,0.0,1.7999999523162842,62.77000045776367,0,0,0,True,,,,
1776198327,507479784,,11.630000114440918,0.0,0.0,0.0,0.0,1.7999999523162842,62.77000045776367,0,0,0,True,,,,
1776198327,557496911,,11.630000114440918,0.0,0.0,0.0,0.0,1.7999999523162842,62.77000045776367,0,0,0,True,,,,
1776198327,607471021,,11.649999618530273,0.0,0.0,0.0,0.0,1.7999999523162842,63.87999725341797,0,0,0,True,,,,
1776198327,657445298,,11.649999618530273,0.0,0.0,0.0,0.0,1.7999999523162842,63.87999725341797,0,0,0,True,,,,
1776198327,707614424,,11.630000114440918,0.0,0.0,0.0,0.0,1.7999999523162842,62.77000045776367,0,0,0,True,,,,
1776198327,757851456,,11.649999618530273,0.0,0.0,0.0,0.0,1.7999999523162842,63.87999725341797,0,0,0,True,,,,
1776198327,807439997,,11.649999618530273,0.0,0.0,0.0,0.0,1.7999999523162842,63.87999725341797,0,0,0,True,,,,
1776198327,857437292,,11.649999618530273,0.0,0.0,0.0,0.0,1.7999999523162842,63.87999725341797,0,0,0,True,,,,
1776198327,907422901,,11.649999618530273,0.0,0.0,0.0,0.0,1.7999999523162842,63.87999725341797,0,0,0,True,,,,
1776198327,957424066,,11.649999618530273,0.0,0.0,0.0,0.0,1.7999999523162842,63.87999725341797,0,0,0,True,,,,
1776198328,7489490,,11.630000114440918,0.0,0.0,0.0,0.0,1.7999999523162842,62.77000045776367,0,0,0,True,,,,
1776198328,57394304,,11.649999618530273,0.0,0.0,0.0,0.0,1.7999999523162842,63.87999725341797,0,0,0,True,,,,
1776198328,107430599,,11.630000114440918,0.0,0.0,0.0,0.0,1.7999999523162842,62.77000045776367,0,0,0,True,,,,
1776198328,157430505,,11.649999618530273,0.0,0.0,0.0,0.0,1.7999999523162842,63.87999725341797,0,0,0,True,,,,
1776198328,207457521,,11.649999618530273,0.0,0.0,0.0,0.0,1.7999999523162842,63.87999725341797,0,0,0,True,,,,
1776198328,257467408,,11.649999618530273,0.0,0.0,0.0,0.0,1.7999999523162842,63.87999725341797,0,0,0,True,,,,
1776198328,307537443,,11.630000114440918,0.0,0.0,0.0,0.0,1.7999999523162842,62.77000045776367,0,0,0,True,,,,
1776198328,357440054,,11.649999618530273,0.0,0.0,0.0,0.0,1.7999999523162842,63.87999725341797,0,0,0,True,,,,
1776198328,407456367,,11.649999618530273,0.0,0.0,0.0,0.0,1.7999999523162842,63.87999725341797,0,0,0,True,,,,
1776198328,457460569,,11.649999618530273,0.0,0.0,0.0,0.0,1.7999999523162842,63.87999725341797,0,0,0,True,,,,
1776198328,507452308,,11.649999618530273,0.0,0.0,0.0,0.0,1.7999999523162842,63.87999725341797,0,0,0,True,,,,
1776198328,557468436,,11.630000114440918,0.0,0.0,0.0,0.0,1.7999999523162842,62.77000045776367,0,0,0,True,,,,
1776198328,607451120,,11.630000114440918,0.0,0.0,0.0,0.0,1.7999999523162842,62.77000045776367,0,0,0,True,,,,
1776198328,657409378,,11.630000114440918,0.0,0.0,0.0,0.0,1.7999999523162842,62.77000045776367,0,0,0,True,,,,
1776198328,707429413,,11.630000114440918,0.0,0.0,0.0,0.0,1.7999999523162842,62.77000045776367,0,0,0,True,,,,
1776198328,757342450,,11.630000114440918,0.0,0.0,0.0,0.0,1.7999999523162842,62.77000045776367,0,0,0,True,,,,
1776198328,807391374,,11.619999885559082,0.0,0.0,0.0,0.0,1.7999999523162842,62.21999740600586,0,0,0,True,,,,
1776198328,857418020,,11.630000114440918,0.0,0.0,0.0,0.0,1.7999999523162842,62.77000045776367,0,0,0,True,,,,
1776198328,907404333,,11.630000114440918,0.0,0.0,0.0,0.0,1.7999999523162842,62.77000045776367,0,0,0,True,,,,
1776198328,957948898,,11.630000114440918,0.0,0.0,0.0,0.0,1.7999999523162842,62.77000045776367,0,0,0,True,,,,
1776198329,7413293,,11.619999885559082,0.0,0.0,0.0,0.0,1.7999999523162842,62.21999740600586,0,0,0,True,,,,
1776198329,57414162,,11.630000114440918,0.0,0.0,0.0,0.0,1.7999999523162842,62.77000045776367,0,0,0,True,,,,
1776198329,109144876,,11.649999618530273,0.0,0.0,0.0,0.0,1.7999999523162842,63.87999725341797,0,0,0,True,,,,
1776198329,157421066,,11.630000114440918,0.0,0.0,0.0,0.0,1.7999999523162842,62.77000045776367,0,0,0,True,,,,
1776198329,207554636,,11.630000114440918,0.0,0.0,0.0,0.0,1.7999999523162842,62.77000045776367,0,0,0,True,,,,
1776198329,257456284,,11.649999618530273,0.0,0.0,0.0,0.0,1.7999999523162842,63.87999725341797,0,0,0,True,,,,
1776198329,307469709,,11.649999618530273,0.0,0.0,0.0,0.0,1.7999999523162842,63.87999725341797,0,0,0,True,,,,
1776198329,357495207,,11.649999618530273,0.0,0.0,0.0,0.0,1.7999999523162842,63.87999725341797,0,0,0,True,,,,
1776198329,407440280,,11.649999618530273,0.0,0.0,0.0,0.0,1.7999999523162842,63.87999725341797,0,0,0,True,,,,
1776198329,457374242,,11.630000114440918,0.0,0.0,0.0,0.0,1.7999999523162842,62.77000045776367,0,0,0,True,,,,
1776198329,507463684,,11.649999618530273,0.0,0.0,0.0,0.0,1.7999999523162842,63.87999725341797,0,0,0,True,,,,
1776198329,558075451,,11.649999618530273,0.0,0.0,0.0,0.0,1.7999999523162842,63.87999725341797,0,0,0,True,,,,
1776198329,607438626,,11.649999618530273,0.0,0.0,0.0,0.0,1.7999999523162842,63.87999725341797,0,0,0,True,,,,
1776198329,657488457,,11.649999618530273,0.0,0.0,0.0,0.0,1.7999999523162842,63.87999725341797,0,0,0,True,,,,
1776198329,707447604,,11.649999618530273,0.0,0.0,0.0,0.0,1.7999999523162842,63.87999725341797,0,0,0,True,,,,
1776198329,757487102,,11.630000114440918,0.0,0.0,0.0,0.0,1.7999999523162842,62.77000045776367,0,0,0,True,,,,
1776198329,807445119,,11.630000114440918,0.0,0.0,0.0,0.0,1.7999999523162842,62.77000045776367,0,0,0,True,,,,
1776198329,857501061,,11.649999618530273,0.0,0.0,0.0,0.0,1.7999999523162842,63.87999725341797,0,0,0,True,,,,
1776198329,907418968,,11.649999618530273,0.0,0.0,0.0,0.0,1.7999999523162842,63.87999725341797,0,0,0,True,,,,
1776198329,957451540,,11.630000114440918,0.0,0.0,0.0,0.0,1.7999999523162842,62.77000045776367,0,0,0,True,,,,
1776198330,7514723,,11.630000114440918,0.0,0.0,0.0,0.0,1.7999999523162842,62.77000045776367,0,0,0,True,,,,
1776198330,57467055,,11.630000114440918,0.0,0.0,0.0,0.0,1.7999999523162842,62.77000045776367,0,0,0,True,,,,
1776198330,107424388,,11.649999618530273,0.0,0.0,0.0,0.0,1.7999999523162842,63.87999725341797,0,0,0,True,,,,
1776198330,157409479,,11.649999618530273,0.0,0.0,0.0,0.0,1.7999999523162842,63.87999725341797,0,0,0,True,,,,
1776198330,207467014,,11.630000114440918,0.0,0.0,0.0,0.0,1.7999999523162842,62.77000045776367,0,0,0,True,,,,
1776198330,257559196,,11.649999618530273,0.0,0.0,0.0,0.0,1.7999999523162842,63.87999725341797,0,0,0,True,,,,
1776198330,307495955,,11.649999618530273,0.0,0.0,0.0,0.0,1.7999999523162842,63.87999725341797,0,0,0,True,,,,
1776198330,357553619,,11.649999618530273,0.0,0.0,0.0,0.0,1.7999999523162842,63.87999725341797,0,0,0,True,,,,
1776198330,407459785,,11.649999618530273,0.0,0.0,0.0,0.0,1.7999999523162842,63.87999725341797,0,0,0,True,,,,
1776198330,457441432,,11.649999618530273,0.0,0.0,0.0,0.0,1.7999999523162842,63.87999725341797,0,0,0,True,,,,
1776198330,507450856,,11.649999618530273,0.0,0.0,0.0,0.0,1.7999999523162842,63.87999725341797,0,0,0,True,,,,
1776198330,557440133,,11.649999618530273,0.0,0.0,0.0,0.0,1.7999999523162842,63.87999725341797,0,0,0,True,,,,
1776198330,607438372,,11.649999618530273,0.0,0.0,0.0,0.0,1.7999999523162842,63.87999725341797,0,0,0,True,,,,
1776198330,657404926,,11.649999618530273,0.0,0.0,0.0,0.0,1.7999999523162842,63.87999725341797,0,0,0,True,,,,
1776198330,707394092,,11.649999618530273,0.0,0.0,0.0,0.0,1.7999999523162842,63.87999725341797,0,0,0,True,,,,
1776198330,757365868,,11.649999618530273,0.0,0.0,0.0,0.0,1.7999999523162842,63.87999725341797,0,0,0,True,,,,
1776198330,807422995,,11.670000076293945,0.0,0.0,0.0,0.0,1.7999999523162842,65.0,0,0,0,True,,,,
1776198330,857488178,,11.649999618530273,0.0,0.0,0.0,0.0,1.7999999523162842,63.87999725341797,0,0,0,True,,,,
1776198330,907400882,,11.649999618530273,0.0,0.0,0.0,0.0,1.7999999523162842,63.87999725341797,0,0,0,True,,,,
1776198330,957412695,,11.630000114440918,0.0,0.0,0.0,0.0,1.7999999523162842,62.77000045776367,0,0,0,True,,,,
1776198331,7415730,,11.619999885559082,0.0,0.0,0.0,0.0,1.7999999523162842,62.21999740600586,0,0,0,True,,,,
1776198331,57404229,,11.619999885559082,0.0,0.0,0.0,0.0,1.7999999523162842,62.21999740600586,0,0,0,True,,,,
1776198331,110356445,,11.630000114440918,0.0,0.0,0.0,0.0,1.7999999523162842,62.77000045776367,0,0,0,True,,,,
1776198331,157486928,,11.630000114440918,0.0,0.0,0.0,0.0,1.7999999523162842,62.77000045776367,0,0,0,True,,,,
1776198331,207405928,,11.630000114440918,0.0,0.0,0.0,0.0,1.7999999523162842,62.77000045776367,0,0,0,True,,,,
1776198331,257492295,,11.630000114440918,0.0,0.0,0.0,0.0,1.7999999523162842,62.77000045776367,0,0,0,True,,,,
1776198331,307453461,,11.649999618530273,0.0,0.0,0.0,0.0,1.7999999523162842,63.87999725341797,0,0,0,True,,,,
1776198331,357441459,,11.630000114440918,0.0,0.0,0.0,0.0,1.7999999523162842,62.77000045776367,0,0,0,True,,,,
1776198331,407446884,,11.630000114440918,0.0,0.0,0.0,0.0,1.7999999523162842,62.77000045776367,0,0,0,True,,,,
1776198331,457433642,,11.630000114440918,0.0,0.0,0.0,0.0,1.7999999523162842,62.77000045776367,0,0,0,True,,,,
1776198331,507427751,,11.649999618530273,0.0,0.0,0.0,0.0,1.7999999523162842,63.87999725341797,0,0,0,True,,,,
1776198331,557464175,,11.649999618530273,0.0,0.0,0.0,0.0,1.7999999523162842,63.87999725341797,0,0,0,True,,,,
1776198331,607389026,,11.630000114440918,0.0,0.0,0.0,0.0,1.7999999523162842,62.77000045776367,0,0,0,True,,,,
1776198331,657369544,,11.649999618530273,0.0,0.0,0.0,0.0,1.7999999523162842,63.87999725341797,0,0,0,True,,,,
1776198331,707401227,,11.649999618530273,0.0,0.0,0.0,0.0,1.7999999523162842,63.87999725341797,0,0,0,True,,,,
1776198331,757406929,,11.649999618530273,0.0,0.0,0.0,0.0,1.7999999523162842,63.87999725341797,0,0,0,True,,,,
1776198331,807448778,,11.630000114440918,0.0,0.0,0.0,0.0,1.7999999523162842,62.77000045776367,0,0,0,True,,,,
1776198331,857411370,,11.630000114440918,0.0,0.0,0.0,0.0,1.7999999523162842,62.77000045776367,0,0,0,True,,,,
1776198331,907416424,,11.630000114440918,0.0,0.0,0.0,0.0,1.7999999523162842,62.77000045776367,0,0,0,True,,,,
1776198331,957432255,,11.649999618530273,0.0,0.0,0.0,0.0,1.7999999523162842,63.87999725341797,0,0,0,True,,,,
1776198332,7377069,,11.630000114440918,0.0,0.0,0.0,0.0,1.7999999523162842,62.77000045776367,0,0,0,True,,,,
1776198332,57382790,,11.649999618530273,0.0,0.0,0.0,0.0,1.7999999523162842,63.87999725341797,0,0,0,True,,,,
1776198332,107389714,,11.649999618530273,0.0,0.0,0.0,0.0,1.7999999523162842,63.87999725341797,0,0,0,True,,,,
1776198332,157393639,,11.649999618530273,0.0,0.0,0.0,0.0,1.7999999523162842,63.87999725341797,0,0,0,True,,,,
1776198332,207347527,,11.649999618530273,0.0,0.0,0.0,0.0,1.7999999523162842,63.87999725341797,0,0,0,True,,,,
1776198332,257429357,,11.649999618530273,0.0,0.0,0.0,0.0,1.7999999523162842,63.87999725341797,0,0,0,True,,,,
1776198332,307452559,,11.649999618530273,0.0,0.0,0.0,0.0,1.7999999523162842,63.87999725341797,0,0,0,True,,,,
1776198332,357404373,,11.630000114440918,0.0,0.0,0.0,0.0,1.7999999523162842,62.77000045776367,0,0,0,True,,,,
1776198332,407476574,,11.630000114440918,0.0,0.0,0.0,0.0,1.7999999523162842,62.77000045776367,0,0,0,True,,,,
1776198332,457440147,,11.649999618530273,0.0,0.0,0.0,0.0,1.7999999523162842,63.87999725341797,0,0,0,True,,,,
1776198332,507370480,,11.649999618530273,0.0,0.0,0.0,0.0,1.7999999523162842,63.87999725341797,0,0,0,True,,,,
1776198332,557377182,,11.649999618530273,0.0,0.0,0.0,0.0,1.7999999523162842,63.87999725341797,0,0,0,True,,,,
1776198332,607415846,,11.630000114440918,0.0,0.0,0.0,0.0,1.7999999523162842,62.77000045776367,0,0,0,True,,,,
1776198332,657374068,,11.649999618530273,0.0,0.0,0.0,0.0,1.7999999523162842,63.87999725341797,0,0,0,True,,,,
1776198332,707397843,,11.649999618530273,0.0,0.0,0.0,0.0,1.7999999523162842,63.87999725341797,0,0,0,True,,,,
1776198332,757396601,,11.630000114440918,0.0,0.0,0.0,0.0,1.7999999523162842,62.77000045776367,0,0,0,True,,,,
1776198332,807426118,,11.630000114440918,0.0,0.0,0.0,0.0,1.7999999523162842,62.77000045776367,0,0,0,True,,,,
1776198332,857388154,,11.649999618530273,0.0,0.0,0.0,0.0,1.7999999523162842,63.87999725341797,0,0,0,True,,,,
1776198332,907395671,,11.630000114440918,0.0,0.0,0.0,0.0,1.7999999523162842,62.77000045776367,0,0,0,True,,,,
1776198332,957505908,,11.649999618530273,0.0,0.0,0.0,0.0,1.7999999523162842,63.87999725341797,0,0,0,True,,,,
1776198333,7375020,,11.630000114440918,0.0,0.0,0.0,0.0,1.7999999523162842,62.77000045776367,0,0,0,True,,,,
1776198333,57367000,,11.649999618530273,0.0,0.0,0.0,0.0,1.7999999523162842,63.87999725341797,0,0,0,True,,,,
1776198333,107378553,,11.630000114440918,0.0,0.0,0.0,0.0,1.7999999523162842,62.77000045776367,0,0,0,True,,,,
1776198333,157376533,,11.649999618530273,0.0,0.0,0.0,0.0,1.7999999523162842,63.87999725341797,0,0,0,True,,,,
1776198333,207371124,,11.649999618530273,0.0,0.0,0.0,0.0,1.7999999523162842,63.87999725341797,0,0,0,True,,,,
1776198333,257342253,,11.630000114440918,0.0,0.0,0.0,0.0,1.7999999523162842,62.77000045776367,0,0,0,True,,,,
1776198333,307378418,,11.649999618530273,0.0,0.0,0.0,0.0,1.7999999523162842,63.87999725341797,0,0,0,True,,,,
1776198333,357390045,,11.630000114440918,0.0,0.0,0.0,0.0,1.7999999523162842,62.77000045776367,0,0,0,True,,,,
1776198333,407445376,,11.649999618530273,0.0,0.0,0.0,0.0,1.7999999523162842,63.87999725341797,0,0,0,True,,,,
1776198333,457359728,,11.649999618530273,0.0,0.0,0.0,0.0,1.7999999523162842,63.87999725341797,0,0,0,True,,,,
1776198333,507398800,,11.649999618530273,0.0,0.0,0.0,0.0,1.7999999523162842,63.87999725341797,0,0,0,True,,,,
1776198333,557405206,,11.649999618530273,0.0,0.0,0.0,0.0,1.7999999523162842,63.87999725341797,0,0,0,True,,,,
1776198333,607344168,,11.630000114440918,0.0,0.0,0.0,0.0,1.7999999523162842,62.77000045776367,0,0,0,True,,,,
1776198333,657363110,,11.619999885559082,0.0,0.0,0.0,0.0,1.7999999523162842,62.21999740600586,0,0,0,True,,,,
1776198333,707393145,,11.670000076293945,0.0,0.0,0.0,0.0,1.7999999523162842,65.0,0,0,0,True,,,,
1776198333,757376107,,11.649999618530273,0.0,0.0,0.0,0.0,1.7999999523162842,63.87999725341797,0,0,0,True,,,,
1776198333,807419605,,11.649999618530273,0.0,0.0,0.0,0.0,1.7999999523162842,63.87999725341797,0,0,0,True,,,,
1776198333,857376345,,11.649999618530273,0.0,0.0,0.0,0.0,1.7999999523162842,63.87999725341797,0,0,0,True,,,,
1776198333,907392436,,11.649999618530273,0.0,0.0,0.0,0.0,1.7999999523162842,63.87999725341797,0,0,0,True,,,,
1776198333,957403712,,11.649999618530273,0.0,0.0,0.0,0.0,1.7999999523162842,63.87999725341797,0,0,0,True,,,,
1776198334,7451543,,11.630000114440918,0.0,0.0,0.0,0.0,1.7999999523162842,62.77000045776367,0,0,0,True,,,,
1776198334,57370116,,11.649999618530273,0.0,0.0,0.0,0.0,1.7999999523162842,63.87999725341797,0,0,0,True,,,,
1776198334,107432966,,11.649999618530273,0.0,0.0,0.0,0.0,1.7999999523162842,63.87999725341797,0,0,0,True,,,,
1776198334,157398872,,11.649999618530273,0.0,0.0,0.0,0.0,1.7999999523162842,63.87999725341797,0,0,0,True,,,,
1776198334,207357019,,11.649999618530273,0.0,0.0,0.0,0.0,1.7999999523162842,63.87999725341797,0,0,0,True,,,,
1776198334,257407554,,11.649999618530273,0.0,0.0,0.0,0.0,1.7999999523162842,63.87999725341797,0,0,0,True,,,,
1776198334,307360331,,11.649999618530273,0.0,0.0,0.0,0.0,1.7999999523162842,63.87999725341797,0,0,0,True,,,,
1776198334,357379588,,11.630000114440918,0.0,0.0,0.0,0.0,1.7999999523162842,62.77000045776367,0,0,0,True,,,,
1776198334,407384716,,11.630000114440918,0.0,0.0,0.0,0.0,1.7999999523162842,62.77000045776367,0,0,0,True,,,,
1776198334,457379011,,11.630000114440918,0.0,0.0,0.0,0.0,1.7999999523162842,62.77000045776367,0,0,0,True,,,,
1776198334,507392787,,11.630000114440918,0.0,0.0,0.0,0.0,1.7999999523162842,62.77000045776367,0,0,0,True,,,,
1776198334,558782766,,11.649999618530273,0.0,0.0,0.0,0.0,1.7999999523162842,63.87999725341797,0,0,0,True,,,,
1776198334,607412561,,11.630000114440918,0.0,0.0,0.0,0.0,1.7999999523162842,62.77000045776367,0,0,0,True,,,,
1776198334,657353672,,11.649999618530273,0.0,0.0,0.0,0.0,1.7999999523162842,63.87999725341797,0,0,0,True,,,,
1776198334,707417429,,11.649999618530273,0.0,0.0,0.0,0.0,1.7999999523162842,63.87999725341797,0,0,0,True,,,,
1776198334,757370742,,11.630000114440918,0.0,0.0,0.0,0.0,1.7999999523162842,62.77000045776367,0,0,0,True,,,,
1776198334,807353519,,11.649999618530273,0.0,0.0,0.0,0.0,1.7999999523162842,63.87999725341797,0,0,0,True,,,,
1776198334,857348869,,11.630000114440918,0.0,0.0,0.0,0.0,1.7999999523162842,62.77000045776367,0,0,0,True,,,,
1776198334,907398293,,11.649999618530273,0.0,0.0,0.0,0.0,1.7999999523162842,63.87999725341797,0,0,0,True,,,,
1776198334,957437272,,11.630000114440918,0.0,0.0,0.0,0.0,1.7999999523162842,62.77000045776367,0,0,0,True,,,,
1776198335,7351735,,11.630000114440918,0.0,0.0,0.0,0.0,1.7999999523162842,62.77000045776367,0,0,0,True,,,,
1776198335,57330178,,11.630000114440918,0.0,0.0,0.0,0.0,1.7999999523162842,62.77000045776367,0,0,0,True,,,,
1776198335,107330862,,11.630000114440918,0.0,0.0,0.0,0.0,1.7999999523162842,62.77000045776367,0,0,0,True,,,,
1776198335,157353638,,11.649999618530273,0.0,0.0,0.0,0.0,1.7999999523162842,63.87999725341797,0,0,0,True,,,,
1776198335,207366876,,11.649999618530273,0.0,0.0,0.0,0.0,1.7999999523162842,63.87999725341797,0,0,0,True,,,,
1776198335,257568428,,11.6899995803833,0.0,0.0,0.0,0.0,1.7999999523162842,66.11000061035156,0,0,0,True,,,,
1776198335,307343392,,11.670000076293945,0.0,0.0,0.0,0.0,1.7999999523162842,65.0,0,0,0,True,,,,
1776198335,357398075,,11.649999618530273,0.0,0.0,0.0,0.0,1.7999999523162842,63.87999725341797,0,0,0,True,,,,
1776198335,407341648,,11.649999618530273,0.0,0.0,0.0,0.0,1.7999999523162842,63.87999725341797,0,0,0,True,,,,
1776198335,457397146,,11.649999618530273,0.0,0.0,0.0,0.0,1.7999999523162842,63.87999725341797,0,0,0,True,,,,
1776198335,507340164,,11.649999618530273,0.0,0.0,0.0,0.0,1.7999999523162842,63.87999725341797,0,0,0,True,,,,
1776198335,557348736,,11.670000076293945,0.0,0.0,0.0,0.0,1.7999999523162842,65.0,0,0,0,True,,,,
1776198335,607366660,,11.649999618530273,0.0,0.0,0.0,0.0,1.7999999523162842,63.87999725341797,0,0,0,True,,,,
1776198335,657790301,,11.649999618530273,0.0,0.0,0.0,0.0,1.7999999523162842,63.87999725341797,0,0,0,True,,,,
1776198335,707449211,,11.649999618530273,0.0,0.0,0.0,0.0,1.7999999523162842,63.87999725341797,0,0,0,True,,,,
1776198335,757384322,,11.670000076293945,0.0,0.0,0.0,0.0,1.7999999523162842,65.0,0,0,0,True,,,,
1776198335,807318488,,11.649999618530273,0.0,0.0,0.0,0.0,1.7999999523162842,63.87999725341797,0,0,0,True,,,,
1776198335,857408004,,11.649999618530273,0.0,0.0,0.0,0.0,1.7999999523162842,63.87999725341797,0,0,0,True,,,,
1776198335,907393595,,11.649999618530273,0.0,0.0,0.0,0.0,1.7999999523162842,63.87999725341797,0,0,0,True,,,,
1776198335,958843925,,11.670000076293945,0.0,0.0,0.0,0.0,1.7999999523162842,65.0,0,0,0,True,,,,
1776198336,7327593,,11.649999618530273,0.0,0.0,0.0,0.0,1.7999999523162842,63.87999725341797,0,0,0,True,,,,
1776198336,57346961,,11.649999618530273,0.0,0.0,0.0,0.0,1.7999999523162842,63.87999725341797,0,0,0,True,,,,
1776198336,107351867,,11.649999618530273,0.0,0.0,0.0,0.0,1.7999999523162842,63.87999725341797,0,0,0,True,,,,
1776198336,157376124,,11.670000076293945,0.0,0.0,0.0,0.0,1.7999999523162842,65.0,0,0,0,True,,,,
1776198336,207339197,,11.649999618530273,0.0,0.0,0.0,0.0,1.7999999523162842,63.87999725341797,0,0,0,True,,,,
1776198336,257324363,,11.649999618530273,0.0,0.0,0.0,0.0,1.7999999523162842,63.87999725341797,0,0,0,True,,,,
1776198336,307341305,,11.649999618530273,0.0,0.0,0.0,0.0,1.7999999523162842,63.87999725341797,0,0,0,True,,,,
1776198336,357330082,,11.649999618530273,0.0,0.0,0.0,0.0,1.7999999523162842,63.87999725341797,0,0,0,True,,,,
1776198336,407400598,,11.670000076293945,0.0,0.0,0.0,0.0,1.7999999523162842,65.0,0,0,0,True,,,,
1776198336,457349078,,11.649999618530273,0.0,0.0,0.0,0.0,1.7999999523162842,63.87999725341797,0,0,0,True,,,,
1776198336,507341632,,11.649999618530273,0.0,0.0,0.0,0.0,1.7999999523162842,63.87999725341797,0,0,0,True,,,,
1776198336,557337909,,11.649999618530273,0.0,0.0,0.0,0.0,1.7999999523162842,63.87999725341797,0,0,0,True,,,,
1776198336,607310556,,11.649999618530273,0.0,0.0,0.0,0.0,1.7999999523162842,63.87999725341797,0,0,0,True,,,,
1776198336,657352479,,11.649999618530273,0.0,0.0,0.0,0.0,1.7999999523162842,63.87999725341797,0,0,0,True,,,,
1776198336,707341033,,11.649999618530273,0.0,0.0,0.0,0.0,1.7999999523162842,63.87999725341797,0,0,0,True,,,,
1776198336,757348310,,11.649999618530273,0.0,0.0,0.0,0.0,1.7999999523162842,63.87999725341797,0,0,0,True,,,,
1776198336,807364400,,11.649999618530273,0.0,0.0,0.0,0.0,1.7999999523162842,63.87999725341797,0,0,0,True,,,,
1776198336,857346325,,11.649999618530273,0.0,0.0,0.0,0.0,1.7999999523162842,63.87999725341797,0,0,0,True,,,,
1776198336,907364749,,11.649999618530273,0.0,0.0,0.0,0.0,1.7999999523162842,63.87999725341797,0,0,0,True,,,,
1776198336,957350692,,11.649999618530273,0.0,0.0,0.0,0.0,1.7999999523162842,63.87999725341797,0,0,0,True,,,,
1776198337,7279803,,11.630000114440918,0.0,0.0,0.0,0.0,1.7999999523162842,62.77000045776367,0,0,0,True,,,,
1776198337,57335930,,11.630000114440918,0.0,0.0,0.0,0.0,1.7999999523162842,62.77000045776367,0,0,0,True,,,,
1776198337,107284392,,11.649999618530273,0.0,0.0,0.0,0.0,1.7999999523162842,63.87999725341797,0,0,0,True,,,,
1776198337,157328427,,11.670000076293945,0.0,0.0,0.0,0.0,1.7999999523162842,65.0,0,0,0,True,,,,
1776198337,207276185,,11.649999618530273,0.0,0.0,0.0,0.0,1.7999999523162842,63.87999725341797,0,0,0,True,,,,
1776198337,257351220,,11.649999618530273,0.0,0.0,0.0,0.0,1.7999999523162842,63.87999725341797,0,0,0,True,,,,
1776198337,307409458,,11.649999618530273,0.0,0.0,0.0,0.0,1.7999999523162842,63.87999725341797,0,0,0,True,,,,
1776198337,357304717,,11.670000076293945,0.0,0.0,0.0,0.0,1.7999999523162842,65.0,0,0,0,True,,,,
1776198337,407318290,,11.649999618530273,0.0,0.0,0.0,0.0,1.7999999523162842,63.87999725341797,0,0,0,True,,,,
1776198337,457294196,,11.649999618530273,0.0,0.0,0.0,0.0,1.7999999523162842,63.87999725341797,0,0,0,True,,,,
1776198337,507276750,,11.649999618530273,0.0,0.0,0.0,0.0,1.7999999523162842,63.87999725341797,0,0,0,True,,,,
1776198337,558164180,,11.649999618530273,0.0,0.0,0.0,0.0,1.7999999523162842,63.87999725341797,0,0,0,True,,,,
1776198337,607316154,,11.670000076293945,0.0,0.0,0.0,0.0,1.7999999523162842,65.0,0,0,0,True,,,,
1776198337,657303986,,11.649999618530273,0.0,0.0,0.0,0.0,1.7999999523162842,63.87999725341797,0,0,0,True,,,,
1776198337,707333187,,11.649999618530273,0.0,0.0,0.0,0.0,1.7999999523162842,63.87999725341797,0,0,0,True,,,,
1776198337,757343797,,11.649999618530273,0.0,0.0,0.0,0.0,1.7999999523162842,63.87999725341797,0,0,0,True,,,,
1776198337,808084729,,11.649999618530273,0.0,0.0,0.0,0.0,1.7999999523162842,63.87999725341797,0,0,0,True,,,,
1776198337,857344016,,11.649999618530273,0.0,0.0,0.0,0.0,1.7999999523162842,63.87999725341797,0,0,0,True,,,,
1776198337,907354366,,11.649999618530273,0.0,0.0,0.0,0.0,1.7999999523162842,63.87999725341797,0,0,0,True,,,,
1776198337,957351253,,11.649999618530273,0.0,0.0,0.0,0.0,1.7999999523162842,63.87999725341797,0,0,0,True,,,,
1776198338,7277716,,11.649999618530273,0.0,0.0,0.0,0.0,1.7999999523162842,63.87999725341797,0,0,0,True,,,,
1776198338,57345250,,11.649999618530273,0.0,0.0,0.0,0.0,1.7999999523162842,63.87999725341797,0,0,0,True,,,,
1776198338,107310842,,11.649999618530273,0.0,0.0,0.0,0.0,1.7999999523162842,63.87999725341797,0,0,0,True,,,,
1776198338,157318840,,11.649999618530273,0.0,0.0,0.0,0.0,1.7999999523162842,63.87999725341797,0,0,0,True,,,,
1776198338,207277635,,11.649999618530273,0.0,0.0,0.0,0.0,1.7999999523162842,63.87999725341797,0,0,0,True,,,,
1776198338,257335059,,11.649999618530273,0.0,0.0,0.0,0.0,1.7999999523162842,63.87999725341797,0,0,0,True,,,,
1776198338,307280077,,11.649999618530273,0.0,0.0,0.0,0.0,1.7999999523162842,63.87999725341797,0,0,0,True,,,,
1776198338,357294427,,11.649999618530273,0.0,0.0,0.0,0.0,1.7999999523162842,63.87999725341797,0,0,0,True,,,,
1776198338,407270074,,11.649999618530273,0.0,0.0,0.0,0.0,1.7999999523162842,63.87999725341797,0,0,0,True,,,,
1776198338,457322442,,11.649999618530273,0.0,0.0,0.0,0.0,1.7999999523162842,63.87999725341797,0,0,0,True,,,,
1776198338,507278885,,11.649999618530273,0.0,0.0,0.0,0.0,1.7999999523162842,63.87999725341797,0,0,0,True,,,,
1776198338,557253551,,11.649999618530273,0.0,0.0,0.0,0.0,1.7999999523162842,63.87999725341797,0,0,0,True,,,,
1776198338,607278419,,11.649999618530273,0.0,0.0,0.0,0.0,1.7999999523162842,63.87999725341797,0,0,0,True,,,,
1776198338,657201030,,11.630000114440918,0.0,0.0,0.0,0.0,1.7999999523162842,62.77000045776367,0,0,0,True,,,,
1776198338,707290416,,11.630000114440918,0.0,0.0,0.0,0.0,1.7999999523162842,62.77000045776367,0,0,0,True,,,,
1776198338,757265711,,11.630000114440918,0.0,0.0,0.0,0.0,1.7999999523162842,62.77000045776367,0,0,0,True,,,,
1776198338,807270968,,11.649999618530273,0.0,0.0,0.0,0.0,1.7999999523162842,63.87999725341797,0,0,0,True,,,,
1776198338,857266004,,11.630000114440918,0.0,0.0,0.0,0.0,1.7999999523162842,62.77000045776367,0,0,0,True,,,,
1776198338,907178337,,11.649999618530273,0.0,0.0,0.0,0.0,1.7999999523162842,63.87999725341797,0,0,0,True,,,,
1776198338,957275408,,11.649999618530273,0.0,0.0,0.0,0.0,1.7999999523162842,63.87999725341797,0,0,0,True,,,,
1776198339,7187186,,11.649999618530273,0.0,0.0,0.0,0.0,1.7999999523162842,63.87999725341797,0,0,0,True,,,,
1776198339,58252706,,11.619999885559082,0.0,0.0,0.0,0.0,1.7999999523162842,62.21999740600586,0,0,0,True,,,,
1776198339,107311792,,11.59999942779541,0.0,0.0,0.0,0.0,1.7999999523162842,61.1099967956543,0,0,0,True,,,,
1776198339,157309809,,11.59999942779541,0.0,0.0,0.0,0.0,1.7999999523162842,61.1099967956543,0,0,0,True,,,,
1776198339,207283937,,11.619999885559082,0.0,0.0,0.0,0.0,1.7999999523162842,62.21999740600586,0,0,0,True,,,,
1776198339,257294954,,11.630000114440918,0.0,0.0,0.0,0.0,1.7999999523162842,62.77000045776367,0,0,0,True,,,,
1776198339,307282601,,11.630000114440918,0.0,0.0,0.0,0.0,1.7999999523162842,62.77000045776367,0,0,0,True,,,,
1776198339,357353691,,11.630000114440918,0.0,0.0,0.0,0.0,1.7999999523162842,62.77000045776367,0,0,0,True,,,,
1776198339,407305264,,11.649999618530273,0.0,0.0,0.0,0.0,1.7999999523162842,63.87999725341797,0,0,0,True,,,,
1776198339,457318207,,11.630000114440918,0.0,0.0,0.0,0.0,1.7999999523162842,62.77000045776367,0,0,0,True,,,,
1776198339,507282706,,11.649999618530273,0.0,0.0,0.0,0.0,1.7999999523162842,63.87999725341797,0,0,0,True,,,,
1776198339,557300926,,11.630000114440918,0.0,0.0,0.0,0.0,1.7999999523162842,62.77000045776367,0,0,0,True,,,,
1776198339,607275462,,11.649999618530273,0.0,0.0,0.0,0.0,1.7999999523162842,63.87999725341797,0,0,0,True,,,,
1776198339,657284312,,11.630000114440918,0.0,0.0,0.0,0.0,1.7999999523162842,62.77000045776367,0,0,0,True,,,,
1776198339,707262274,,11.630000114440918,0.0,0.0,0.0,0.0,1.7999999523162842,62.77000045776367,0,0,0,True,,,,
1776198339,757316234,,11.649999618530273,0.0,0.0,0.0,0.0,1.7999999523162842,63.87999725341797,0,0,0,True,,,,
1776198339,807321436,,11.630000114440918,0.0,0.0,0.0,0.0,1.7999999523162842,62.77000045776367,0,0,0,True,,,,
1776198339,857227714,,11.630000114440918,0.0,0.0,0.0,0.0,1.7999999523162842,62.77000045776367,0,0,0,True,,,,
1776198339,907301119,,11.649999618530273,0.0,0.0,0.0,0.0,1.7999999523162842,63.87999725341797,0,0,0,True,,,,
1776198339,957260266,,11.649999618530273,0.0,0.0,0.0,0.0,1.7999999523162842,63.87999725341797,0,0,0,True,,,,
1776198340,7282375,,11.649999618530273,0.0,0.0,0.0,0.0,1.7999999523162842,63.87999725341797,0,0,0,True,,,,
1776198340,57278244,,11.630000114440918,0.0,0.0,0.0,0.0,1.7999999523162842,62.77000045776367,0,0,0,True,,,,
1776198340,107313908,,11.630000114440918,0.0,0.0,0.0,0.0,1.7999999523162842,62.77000045776367,0,0,0,True,,,,
1776198340,157281185,,11.649999618530273,0.0,0.0,0.0,0.0,1.7999999523162842,63.87999725341797,0,0,0,True,,,,
1776198340,207287295,,11.630000114440918,0.0,0.0,0.0,0.0,1.7999999523162842,62.77000045776367,0,0,0,True,,,,
1776198340,257333015,,11.630000114440918,0.0,0.0,0.0,0.0,1.7999999523162842,62.77000045776367,0,0,0,True,,,,
1776198340,307271014,,11.649999618530273,0.0,0.0,0.0,0.0,1.7999999523162842,63.87999725341797,0,0,0,True,,,,
1776198340,357304308,,11.649999618530273,0.0,0.0,0.0,0.0,1.7999999523162842,63.87999725341797,0,0,0,True,,,,
1776198340,407200975,,11.649999618530273,0.0,0.0,0.0,0.0,1.7999999523162842,63.87999725341797,0,0,0,True,,,,
1776198340,457356415,,11.649999618530273,0.0,0.0,0.0,0.0,1.7999999523162842,63.87999725341797,0,0,0,True,,,,
1776198340,507328747,,11.649999618530273,0.0,0.0,0.0,0.0,1.7999999523162842,63.87999725341797,0,0,0,True,,,,
1776198340,557300135,,11.649999618530273,0.0,0.0,0.0,0.0,1.7999999523162842,63.87999725341797,0,0,0,True,,,,
1776198340,607271282,,11.630000114440918,0.0,0.0,0.0,0.0,1.7999999523162842,62.77000045776367,0,0,0,True,,,,
1776198340,657315873,,11.630000114440918,0.0,0.0,0.0,0.0,1.7999999523162842,62.77000045776367,0,0,0,True,,,,
1776198340,707258798,,11.649999618530273,0.0,0.0,0.0,0.0,1.7999999523162842,63.87999725341797,0,0,0,True,,,,
1776198340,757298092,,11.630000114440918,0.0,0.0,0.0,0.0,1.7999999523162842,62.77000045776367,0,0,0,True,,,,
1776198340,807254035,,11.630000114440918,0.0,0.0,0.0,0.0,1.7999999523162842,62.77000045776367,0,0,0,True,,,,
1776198340,857254349,,11.649999618530273,0.0,0.0,0.0,0.0,1.7999999523162842,63.87999725341797,0,0,0,True,,,,
1776198340,907232384,,11.630000114440918,0.0,0.0,0.0,0.0,1.7999999523162842,62.77000045776367,0,0,0,True,,,,
1776198340,957263308,,11.630000114440918,0.0,0.0,0.0,0.0,1.7999999523162842,62.77000045776367,0,0,0,True,,,,
1776198341,7325973,,11.630000114440918,0.0,0.0,0.0,0.0,1.7999999523162842,62.77000045776367,0,0,0,True,,,,
1776198341,57287712,,11.630000114440918,0.0,0.0,0.0,0.0,1.7999999523162842,62.77000045776367,0,0,0,True,,,,
1776198341,107278007,,11.630000114440918,0.0,0.0,0.0,0.0,1.7999999523162842,62.77000045776367,0,0,0,True,,,,
1776198341,157386171,,11.630000114440918,0.0,0.0,0.0,0.0,1.7999999523162842,62.77000045776367,0,0,0,True,,,,
1776198341,207331392,,11.649999618530273,0.0,0.0,0.0,0.0,1.7999999523162842,63.87999725341797,0,0,0,True,,,,
1776198341,257325668,,11.649999618530273,0.0,0.0,0.0,0.0,1.7999999523162842,63.87999725341797,0,0,0,True,,,,
1776198341,307251575,,11.649999618530273,0.0,0.0,0.0,0.0,1.7999999523162842,63.87999725341797,0,0,0,True,,,,
1776198341,357198686,,11.630000114440918,0.0,0.0,0.0,0.0,1.7999999523162842,62.77000045776367,0,0,0,True,,,,
1776198341,407291238,,11.630000114440918,0.0,0.0,0.0,0.0,1.7999999523162842,62.77000045776367,0,0,0,True,,,,
1776198341,457245774,,11.630000114440918,0.0,0.0,0.0,0.0,1.7999999523162842,62.77000045776367,0,0,0,True,,,,
1776198341,509732015,,11.630000114440918,0.0,0.0,0.0,0.0,1.7999999523162842,62.77000045776367,0,0,0,True,,,,
1776198341,557254234,,11.630000114440918,0.0,0.0,0.0,0.0,1.7999999523162842,62.77000045776367,0,0,0,True,,,,
1776198341,607232696,,11.630000114440918,0.0,0.0,0.0,0.0,1.7999999523162842,62.77000045776367,0,0,0,True,,,,
1776198341,657274471,,11.630000114440918,0.0,0.0,0.0,0.0,1.7999999523162842,62.77000045776367,0,0,0,True,,,,
1776198341,707260285,,11.649999618530273,0.0,0.0,0.0,0.0,1.7999999523162842,63.87999725341797,0,0,0,True,,,,
1776198341,757316005,,11.649999618530273,0.0,0.0,0.0,0.0,1.7999999523162842,63.87999725341797,0,0,0,True,,,,
1776198341,807256041,,11.649999618530273,0.0,0.0,0.0,0.0,1.7999999523162842,63.87999725341797,0,0,0,True,,,,
1776198341,857290428,,11.630000114440918,0.0,0.0,0.0,0.0,1.7999999523162842,62.77000045776367,0,0,0,True,,,,
1776198341,907272815,,11.630000114440918,0.0,0.0,0.0,0.0,1.7999999523162842,62.77000045776367,0,0,0,True,,,,
1776198341,957279054,,11.649999618530273,0.0,0.0,0.0,0.0,1.7999999523162842,63.87999725341797,0,0,0,True,,,,
1776198342,7254498,,11.630000114440918,0.0,0.0,0.0,0.0,1.7999999523162842,62.77000045776367,0,0,0,True,,,,
1776198342,57246218,,11.630000114440918,0.0,0.0,0.0,0.0,1.7999999523162842,62.77000045776367,0,0,0,True,,,,
1776198342,107210403,,11.630000114440918,0.0,0.0,0.0,0.0,1.7999999523162842,62.77000045776367,0,0,0,True,,,,
1776198342,157211457,,11.649999618530273,0.0,0.0,0.0,0.0,1.7999999523162842,63.87999725341797,0,0,0,True,,,,
1776198342,207259584,,11.630000114440918,0.0,0.0,0.0,0.0,1.7999999523162842,62.77000045776367,0,0,0,True,,,,
1776198342,257212509,,11.630000114440918,0.0,0.0,0.0,0.0,1.7999999523162842,62.77000045776367,0,0,0,True,,,,
1776198342,307309802,,11.630000114440918,0.0,0.0,0.0,0.0,1.7999999523162842,62.77000045776367,0,0,0,True,,,,
1776198342,357290042,,11.649999618530273,0.0,0.0,0.0,0.0,1.7999999523162842,63.87999725341797,0,0,0,True,,,,
1776198342,407228874,,11.630000114440918,0.0,0.0,0.0,0.0,1.7999999523162842,62.77000045776367,0,0,0,True,,,,
1776198342,457268909,,11.649999618530273,0.0,0.0,0.0,0.0,1.7999999523162842,63.87999725341797,0,0,0,True,,,,
1776198342,507238204,,11.649999618530273,0.0,0.0,0.0,0.0,1.7999999523162842,63.87999725341797,0,0,0,True,,,,
1776198342,557226759,,11.630000114440918,0.0,0.0,0.0,0.0,1.7999999523162842,62.77000045776367,0,0,0,True,,,,
1776198342,607246646,,11.649999618530273,0.0,0.0,0.0,0.0,1.7999999523162842,63.87999725341797,0,0,0,True,,,,
1776198342,657280569,,11.630000114440918,0.0,0.0,0.0,0.0,1.7999999523162842,62.77000045776367,0,0,0,True,,,,
1776198342,707267920,,11.630000114440918,0.0,0.0,0.0,0.0,1.7999999523162842,62.77000045776367,0,0,0,True,,,,
1776198342,757267455,,11.630000114440918,0.0,0.0,0.0,0.0,1.7999999523162842,62.77000045776367,0,0,0,True,,,,
1776198342,807261565,,11.649999618530273,0.0,0.0,0.0,0.0,1.7999999523162842,63.87999725341797,0,0,0,True,,,,
1776198342,857876240,,11.630000114440918,0.0,0.0,0.0,0.0,1.7999999523162842,62.77000045776367,0,0,0,True,,,,
1776198342,907245729,,11.630000114440918,0.0,0.0,0.0,0.0,1.7999999523162842,62.77000045776367,0,0,0,True,,,,
1776198342,957246820,,11.630000114440918,0.0,0.0,0.0,0.0,1.7999999523162842,62.77000045776367,0,0,0,True,,,,
1776198343,7269633,,11.630000114440918,0.0,0.0,0.0,0.0,1.7999999523162842,62.77000045776367,0,0,0,True,,,,
1776198343,57254020,,11.630000114440918,0.0,0.0,0.0,0.0,1.7999999523162842,62.77000045776367,0,0,0,True,,,,
1776198343,107295203,,11.630000114440918,0.0,0.0,0.0,0.0,1.7999999523162842,62.77000045776367,0,0,0,True,,,,
1776198343,157218332,,11.630000114440918,0.0,0.0,0.0,0.0,1.7999999523162842,62.77000045776367,0,0,0,True,,,,
1776198343,207229257,,11.630000114440918,0.0,0.0,0.0,0.0,1.7999999523162842,62.77000045776367,0,0,0,True,,,,
1776198343,257231755,,11.630000114440918,0.0,0.0,0.0,0.0,1.7999999523162842,62.77000045776367,0,0,0,True,,,,
1776198343,307285919,,11.630000114440918,0.0,0.0,0.0,0.0,1.7999999523162842,62.77000045776367,0,0,0,True,,,,
1776198343,357243029,,11.6899995803833,0.0,0.0,0.0,0.0,1.7999999523162842,66.11000061035156,0,0,0,True,,,,
1776198343,407251269,,11.670000076293945,0.0,0.0,0.0,0.0,1.7999999523162842,65.0,0,0,0,True,,,,
1776198343,457214453,,11.670000076293945,0.0,0.0,0.0,0.0,1.7999999523162842,65.0,0,0,0,True,,,,
1776198343,507242154,,11.649999618530273,0.0,0.0,0.0,0.0,1.7999999523162842,63.87999725341797,0,0,0,True,,,,
1776198343,557228209,,11.649999618530273,0.0,0.0,0.0,0.0,1.7999999523162842,63.87999725341797,0,0,0,True,,,,
1776198343,607243670,,11.649999618530273,0.0,0.0,0.0,0.0,1.7999999523162842,63.87999725341797,0,0,0,True,,,,
1776198343,658018805,,11.630000114440918,0.0,0.0,0.0,0.0,1.7999999523162842,62.77000045776367,0,0,0,True,,,,
1776198343,707248537,,11.649999618530273,0.0,0.0,0.0,0.0,1.7999999523162842,63.87999725341797,0,0,0,True,,,,
1776198343,757255535,,11.649999618530273,0.0,0.0,0.0,0.0,1.7999999523162842,63.87999725341797,0,0,0,True,,,,
1776198343,811935394,,11.649999618530273,0.0,0.0,0.0,0.0,1.7999999523162842,63.87999725341797,0,0,0,True,,,,
1776198343,857227829,,11.649999618530273,0.0,0.0,0.0,0.0,1.7999999523162842,63.87999725341797,0,0,0,True,,,,
1776198343,907265438,,11.649999618530273,0.0,0.0,0.0,0.0,1.7999999523162842,63.87999725341797,0,0,0,True,,,,
1776198343,957290417,,11.649999618530273,0.0,0.0,0.0,0.0,1.7999999523162842,63.87999725341797,0,0,0,True,,,,
1776198344,7221491,,11.630000114440918,0.0,0.0,0.0,0.0,1.7999999523162842,62.77000045776367,0,0,0,True,,,,
1776198344,57292673,,11.649999618530273,0.0,0.0,0.0,0.0,1.7999999523162842,63.87999725341797,0,0,0,True,,,,
1776198344,107210784,,11.649999618530273,0.0,0.0,0.0,0.0,1.7999999523162842,63.87999725341797,0,0,0,True,,,,
1776198344,157243949,,11.649999618530273,0.0,0.0,0.0,0.0,1.7999999523162842,63.87999725341797,0,0,0,True,,,,
1776198344,207289891,,11.649999618530273,0.0,0.0,0.0,0.0,1.7999999523162842,63.87999725341797,0,0,0,True,,,,
1776198344,257253316,,11.649999618530273,0.0,0.0,0.0,0.0,1.7999999523162842,63.87999725341797,0,0,0,True,,,,
1776198344,307244444,,11.649999618530273,0.0,0.0,0.0,0.0,1.7999999523162842,63.87999725341797,0,0,0,True,,,,
1776198344,357263164,,11.649999618530273,0.0,0.0,0.0,0.0,1.7999999523162842,63.87999725341797,0,0,0,True,,,,
1776198344,407193979,,11.649999618530273,0.0,0.0,0.0,0.0,1.7999999523162842,63.87999725341797,0,0,0,True,,,,
1776198344,457067886,,11.649999618530273,0.0,0.0,0.0,0.0,1.7999999523162842,63.87999725341797,0,0,0,True,,,,
1776198344,507220512,,11.670000076293945,0.0,0.0,0.0,0.0,1.7999999523162842,65.0,0,0,0,True,,,,
1776198344,557233547,,11.649999618530273,0.0,0.0,0.0,0.0,1.7999999523162842,63.87999725341797,0,0,0,True,,,,
1776198344,607235620,,11.649999618530273,0.0,0.0,0.0,0.0,1.7999999523162842,63.87999725341797,0,0,0,True,,,,
1776198344,657148416,,11.649999618530273,0.0,0.0,0.0,0.0,1.7999999523162842,63.87999725341797,0,0,0,True,,,,
1776198344,707239932,,11.670000076293945,0.0,0.0,0.0,0.0,1.7999999523162842,65.0,0,0,0,True,,,,
1776198344,757288892,,11.649999618530273,0.0,0.0,0.0,0.0,1.7999999523162842,63.87999725341797,0,0,0,True,,,,
1776198344,807195892,,11.649999618530273,0.0,0.0,0.0,0.0,1.7999999523162842,63.87999725341797,0,0,0,True,,,,
1776198344,857248167,,11.649999618530273,0.0,0.0,0.0,0.0,1.7999999523162842,63.87999725341797,0,0,0,True,,,,
1776198344,907236148,,11.670000076293945,0.0,0.0,0.0,0.0,1.7999999523162842,65.0,0,0,0,True,,,,
1776198344,957224868,,11.649999618530273,0.0,0.0,0.0,0.0,1.7999999523162842,63.87999725341797,0,0,0,True,,,,
1776198345,7206793,,11.649999618530273,0.0,0.0,0.0,0.0,1.7999999523162842,63.87999725341797,0,0,0,True,,,,
1776198345,57232384,,11.649999618530273,0.0,0.0,0.0,0.0,1.7999999523162842,63.87999725341797,0,0,0,True,,,,
1776198345,107190827,,11.649999618530273,0.0,0.0,0.0,0.0,1.7999999523162842,63.87999725341797,0,0,0,True,,,,
1776198345,157226714,,11.649999618530273,0.0,0.0,0.0,0.0,1.7999999523162842,63.87999725341797,0,0,0,True,,,,
1776198345,207264360,,11.670000076293945,0.0,0.0,0.0,0.0,1.7999999523162842,65.0,0,0,0,True,,,,
1776198345,257200989,,11.649999618530273,0.0,0.0,0.0,0.0,1.7999999523162842,63.87999725341797,0,0,0,True,,,,
1776198345,307230654,,11.649999618530273,0.0,0.0,0.0,0.0,1.7999999523162842,63.87999725341797,0,0,0,True,,,,
1776198345,357305984,,11.649999618530273,0.0,0.0,0.0,0.0,1.7999999523162842,63.87999725341797,0,0,0,True,,,,
1776198345,407075727,,11.649999618530273,0.0,0.0,0.0,0.0,1.7999999523162842,63.87999725341797,0,0,0,True,,,,
1776198345,457250778,,11.649999618530273,0.0,0.0,0.0,0.0,1.7999999523162842,63.87999725341797,0,0,0,True,,,,
1776198345,507175426,,11.649999618530273,0.0,0.0,0.0,0.0,1.7999999523162842,63.87999725341797,0,0,0,True,,,,
1776198345,557216979,,11.670000076293945,0.0,0.0,0.0,0.0,1.7999999523162842,65.0,0,0,0,True,,,,
1776198345,607272495,,11.649999618530273,0.0,0.0,0.0,0.0,1.7999999523162842,63.87999725341797,0,0,0,True,,,,
1776198345,657189606,,11.649999618530273,0.0,0.0,0.0,0.0,1.7999999523162842,63.87999725341797,0,0,0,True,,,,
1776198345,707189031,,11.649999618530273,0.0,0.0,0.0,0.0,1.7999999523162842,63.87999725341797,0,0,0,True,,,,
1776198345,757205288,,11.649999618530273,0.0,0.0,0.0,0.0,1.7999999523162842,63.87999725341797,0,0,0,True,,,,
1776198345,807229379,,11.649999618530273,0.0,0.0,0.0,0.0,1.7999999523162842,63.87999725341797,0,0,0,True,,,,
1776198345,857202914,,11.649999618530273,0.0,0.0,0.0,0.0,1.7999999523162842,63.87999725341797,0,0,0,True,,,,
1776198345,907217765,,11.670000076293945,0.0,0.0,0.0,0.0,1.7999999523162842,65.0,0,0,0,True,,,,
1776198345,957239392,,11.670000076293945,0.0,0.0,0.0,0.0,1.7999999523162842,65.0,0,0,0,True,,,,
1776198346,7212447,,11.649999618530273,0.0,0.0,0.0,0.0,1.7999999523162842,63.87999725341797,0,0,0,True,,,,
1776198346,57189427,,11.670000076293945,0.0,0.0,0.0,0.0,1.7999999523162842,65.0,0,0,0,True,,,,
1776198346,107237888,,11.670000076293945,0.0,0.0,0.0,0.0,1.7999999523162842,65.0,0,0,0,True,,,,
1776198346,157175609,,11.670000076293945,0.0,0.0,0.0,0.0,1.7999999523162842,65.0,0,0,0,True,,,,
1776198346,207132793,,11.670000076293945,0.0,0.0,0.0,0.0,1.7999999523162842,65.0,0,0,0,True,,,,
1776198346,257251327,,11.670000076293945,0.0,0.0,0.0,0.0,1.7999999523162842,65.0,0,0,0,True,,,,
1776198346,307237437,,11.670000076293945,0.0,0.0,0.0,0.0,1.7999999523162842,65.0,0,0,0,True,,,,
1776198346,357254805,,11.670000076293945,0.0,0.0,0.0,0.0,1.7999999523162842,65.0,0,0,0,True,,,,
1776198346,407347988,,11.670000076293945,0.0,0.0,0.0,0.0,1.7999999523162842,65.0,0,0,0,True,,,,
1776198346,457151100,,11.649999618530273,0.0,0.0,0.0,0.0,1.7999999523162842,63.87999725341797,0,0,0,True,,,,
1776198346,507171154,,11.670000076293945,0.0,0.0,0.0,0.0,1.7999999523162842,65.0,0,0,0,True,,,,
1776198346,557199078,,11.670000076293945,0.0,0.0,0.0,0.0,1.7999999523162842,65.0,0,0,0,True,,,,
1776198346,607172891,,11.670000076293945,0.0,0.0,0.0,0.0,1.7999999523162842,65.0,0,0,0,True,,,,
1776198346,657171019,,11.6899995803833,0.0,0.0,0.0,0.0,1.7999999523162842,66.11000061035156,0,0,0,True,,,,
1776198346,707184314,,11.649999618530273,0.0,0.0,0.0,0.0,1.7999999523162842,63.87999725341797,0,0,0,True,,,,
1776198346,757242441,,11.670000076293945,0.0,0.0,0.0,0.0,1.7999999523162842,65.0,0,0,0,True,,,,
1776198346,807161015,,11.670000076293945,0.0,0.0,0.0,0.0,1.7999999523162842,65.0,0,0,0,True,,,,
1776198346,857222901,,11.649999618530273,0.0,0.0,0.0,0.0,1.7999999523162842,63.87999725341797,0,0,0,True,,,,
1776198346,907150271,,11.649999618530273,0.0,0.0,0.0,0.0,1.7999999523162842,63.87999725341797,0,0,0,True,,,,
1776198346,957205621,,11.670000076293945,0.0,0.0,0.0,0.0,1.7999999523162842,65.0,0,0,0,True,,,,
1776198347,7168601,,11.649999618530273,0.0,0.0,0.0,0.0,1.7999999523162842,63.87999725341797,0,0,0,True,,,,
1776198347,57198414,,11.670000076293945,0.0,0.0,0.0,0.0,1.7999999523162842,65.0,0,0,0,True,,,,
1776198347,107194357,,11.649999618530273,0.0,0.0,0.0,0.0,1.7999999523162842,63.87999725341797,0,0,0,True,,,,
1776198347,157216373,,11.649999618530273,0.0,0.0,0.0,0.0,1.7999999523162842,63.87999725341797,0,0,0,True,,,,
1776198347,207270667,,11.670000076293945,0.0,0.0,0.0,0.0,1.7999999523162842,65.0,0,0,0,True,,,,
1776198347,257210352,,11.649999618530273,0.0,0.0,0.0,0.0,1.7999999523162842,63.87999725341797,0,0,0,True,,,,
1776198347,307187758,,11.630000114440918,0.0,0.0,0.0,0.0,1.7999999523162842,62.77000045776367,0,0,0,True,,,,
1776198347,357253793,,11.630000114440918,0.0,0.0,0.0,0.0,1.7999999523162842,62.77000045776367,0,0,0,True,,,,
1776198347,407206606,,11.630000114440918,0.0,0.0,0.0,0.0,1.7999999523162842,62.77000045776367,0,0,0,True,,,,
1776198347,457181439,,11.630000114440918,0.0,0.0,0.0,0.0,1.7999999523162842,62.77000045776367,0,0,0,True,,,,
1776198347,507156845,,11.630000114440918,0.0,0.0,0.0,0.0,1.7999999523162842,62.77000045776367,0,0,0,True,,,,
1776198347,557216602,,11.630000114440918,0.0,0.0,0.0,0.0,1.7999999523162842,62.77000045776367,0,0,0,True,,,,
1776198347,607165323,,11.649999618530273,0.0,0.0,0.0,0.0,1.7999999523162842,63.87999725341797,0,0,0,True,,,,
1776198347,657203821,,11.649999618530273,0.0,0.0,0.0,0.0,1.7999999523162842,63.87999725341797,0,0,0,True,,,,
1776198347,707222949,,11.649999618530273,0.0,0.0,0.0,0.0,1.7999999523162842,63.87999725341797,0,0,0,True,,,,
1776198347,757212021,,11.649999618530273,0.0,0.0,0.0,0.0,1.7999999523162842,63.87999725341797,0,0,0,True,,,,
1776198347,807124614,,11.649999618530273,0.0,0.0,0.0,0.0,1.7999999523162842,63.87999725341797,0,0,0,True,,,,
1776198347,857172204,,11.649999618530273,0.0,0.0,0.0,0.0,1.7999999523162842,63.87999725341797,0,0,0,True,,,,
1776198347,907158240,,11.649999618530273,0.0,0.0,0.0,0.0,1.7999999523162842,63.87999725341797,0,0,0,True,,,,
1776198347,957157349,,11.630000114440918,0.0,0.0,0.0,0.0,1.7999999523162842,62.77000045776367,0,0,0,True,,,,
1776198348,7181718,,11.649999618530273,0.0,0.0,0.0,0.0,1.7999999523162842,63.87999725341797,0,0,0,True,,,,
1776198348,57238271,,11.649999618530273,0.0,0.0,0.0,0.0,1.7999999523162842,63.87999725341797,0,0,0,True,,,,
1776198348,107153270,,11.649999618530273,0.0,0.0,0.0,0.0,1.7999999523162842,63.87999725341797,0,0,0,True,,,,
1776198348,157162435,,11.649999618530273,0.0,0.0,0.0,0.0,1.7999999523162842,63.87999725341797,0,0,0,True,,,,
1776198348,207199933,,11.649999618530273,0.0,0.0,0.0,0.0,1.7999999523162842,63.87999725341797,0,0,0,True,,,,
1776198348,257228561,,11.649999618530273,0.0,0.0,0.0,0.0,1.7999999523162842,63.87999725341797,0,0,0,True,,,,
1776198348,307177412,,11.649999618530273,0.0,0.0,0.0,0.0,1.7999999523162842,63.87999725341797,0,0,0,True,,,,
1776198348,357101708,,11.649999618530273,0.0,0.0,0.0,0.0,1.7999999523162842,63.87999725341797,0,0,0,True,,,,
1776198348,407145539,,11.649999618530273,0.0,0.0,0.0,0.0,1.7999999523162842,63.87999725341797,0,0,0,True,,,,
1776198348,457182000,,11.649999618530273,0.0,0.0,0.0,0.0,1.7999999523162842,63.87999725341797,0,0,0,True,,,,
1776198348,507164850,,11.649999618530273,0.0,0.0,0.0,0.0,1.7999999523162842,63.87999725341797,0,0,0,True,,,,
1776198348,557116460,,11.619999885559082,0.0,0.0,0.0,0.0,1.7999999523162842,62.21999740600586,0,0,0,True,,,,
1776198348,607127107,,11.630000114440918,0.0,0.0,0.0,0.0,1.7999999523162842,62.77000045776367,0,0,0,True,,,,
1776198348,657131957,,11.619999885559082,0.0,0.0,0.0,0.0,1.7999999523162842,62.21999740600586,0,0,0,True,,,,
1776198348,707101845,,11.630000114440918,0.0,0.0,0.0,0.0,1.7999999523162842,62.77000045776367,0,0,0,True,,,,
1776198348,757120954,,11.630000114440918,0.0,0.0,0.0,0.0,1.7999999523162842,62.77000045776367,0,0,0,True,,,,
1776198348,807150563,,11.649999618530273,0.0,0.0,0.0,0.0,1.7999999523162842,63.87999725341797,0,0,0,True,,,,
1776198348,858556560,,11.630000114440918,0.0,0.0,0.0,0.0,1.7999999523162842,62.77000045776367,0,0,0,True,,,,
1776198348,907246725,,11.59999942779541,0.0,0.0,0.0,0.0,1.7999999523162842,61.1099967956543,0,0,0,True,,,,
1776198348,957064949,,11.619999885559082,0.0,0.0,0.0,0.0,1.7999999523162842,62.21999740600586,0,0,0,True,,,,
1776198349,7128372,,11.630000114440918,0.0,0.0,0.0,0.0,1.7999999523162842,62.77000045776367,0,0,0,True,,,,
1776198349,57112963,,11.630000114440918,0.0,0.0,0.0,0.0,1.7999999523162842,62.77000045776367,0,0,0,True,,,,
1776198349,107239145,,11.630000114440918,0.0,0.0,0.0,0.0,1.7999999523162842,62.77000045776367,0,0,0,True,,,,
1776198349,157211125,,11.649999618530273,0.0,0.0,0.0,0.0,1.7999999523162842,63.87999725341797,0,0,0,True,,,,
1776198349,207156439,,11.630000114440918,0.0,0.0,0.0,0.0,1.7999999523162842,62.77000045776367,0,0,0,True,,,,
1776198349,257273825,,11.630000114440918,0.0,0.0,0.0,0.0,1.7999999523162842,62.77000045776367,0,0,0,True,,,,
1776198349,307169195,,11.649999618530273,0.0,0.0,0.0,0.0,1.7999999523162842,63.87999725341797,0,0,0,True,,,,
1776198349,357177527,,11.630000114440918,0.0,0.0,0.0,0.0,1.7999999523162842,62.77000045776367,0,0,0,True,,,,
1776198349,407168655,,11.630000114440918,0.0,0.0,0.0,0.0,1.7999999523162842,62.77000045776367,0,0,0,True,,,,
1776198349,457248060,,11.630000114440918,0.0,0.0,0.0,0.0,1.7999999523162842,62.77000045776367,0,0,0,True,,,,
1776198349,507168967,,11.630000114440918,0.0,0.0,0.0,0.0,1.7999999523162842,62.77000045776367,0,0,0,True,,,,
1776198349,557144114,,11.649999618530273,0.0,0.0,0.0,0.0,1.7999999523162842,63.87999725341797,0,0,0,True,,,,
1776198349,607225389,,11.670000076293945,0.0,0.0,0.0,0.0,1.7999999523162842,65.0,0,0,0,True,,,,
1776198349,657159444,,11.649999618530273,0.0,0.0,0.0,0.0,1.7999999523162842,63.87999725341797,0,0,0,True,,,,
1776198349,707127850,,11.630000114440918,0.0,0.0,0.0,0.0,1.7999999523162842,62.77000045776367,0,0,0,True,,,,
1776198349,757199347,,11.649999618530273,0.0,0.0,0.0,0.0,1.7999999523162842,63.87999725341797,0,0,0,True,,,,
1776198349,807113495,,11.630000114440918,0.0,0.0,0.0,0.0,1.7999999523162842,62.77000045776367,0,0,0,True,,,,
1776198349,857151345,,11.649999618530273,0.0,0.0,0.0,0.0,1.7999999523162842,63.87999725341797,0,0,0,True,,,,
1776198349,907183547,,11.649999618530273,0.0,0.0,0.0,0.0,1.7999999523162842,63.87999725341797,0,0,0,True,,,,
1776198349,957151323,,11.649999618530273,0.0,0.0,0.0,0.0,1.7999999523162842,63.87999725341797,0,0,0,True,,,,
1776198350,7182544,,11.649999618530273,0.0,0.0,0.0,0.0,1.7999999523162842,63.87999725341797,0,0,0,True,,,,
1776198350,57144376,,11.630000114440918,0.0,0.0,0.0,0.0,1.7999999523162842,62.77000045776367,0,0,0,True,,,,
1776198350,107229132,,11.649999618530273,0.0,0.0,0.0,0.0,1.7999999523162842,63.87999725341797,0,0,0,True,,,,
1776198350,157112021,,11.630000114440918,0.0,0.0,0.0,0.0,1.7999999523162842,62.77000045776367,0,0,0,True,,,,
1776198350,207158186,,11.630000114440918,0.0,0.0,0.0,0.0,1.7999999523162842,62.77000045776367,0,0,0,True,,,,
1776198350,261650213,,11.619999885559082,0.0,0.0,0.0,0.0,1.7999999523162842,62.21999740600586,0,0,0,True,,,,
1776198350,307114794,,11.619999885559082,0.0,0.0,0.0,0.0,1.7999999523162842,62.21999740600586,0,0,0,True,,,,
1776198350,357073256,,11.619999885559082,0.0,0.0,0.0,0.0,1.7999999523162842,62.21999740600586,0,0,0,True,,,,
1776198350,407039311,,11.619999885559082,0.0,0.0,0.0,0.0,1.7999999523162842,62.21999740600586,0,0,0,True,,,,
1776198350,457036402,,11.619999885559082,0.0,0.0,0.0,0.0,1.7999999523162842,62.21999740600586,0,0,0,True,,,,
1776198350,506995568,,11.630000114440918,0.0,0.0,0.0,0.0,1.7999999523162842,62.77000045776367,0,0,0,True,,,,
1776198350,557022195,,11.619999885559082,0.0,0.0,0.0,0.0,1.7999999523162842,62.21999740600586,0,0,0,True,,,,
1776198350,607193191,,11.630000114440918,0.0,0.0,0.0,0.0,1.7999999523162842,62.77000045776367,0,0,0,True,,,,
1776198350,657116672,,11.649999618530273,0.0,0.0,0.0,0.0,1.7999999523162842,63.87999725341797,0,0,0,True,,,,
1776198350,707165318,,11.630000114440918,0.0,0.0,0.0,0.0,1.7999999523162842,62.77000045776367,0,0,0,True,,,,
1776198350,757140428,,11.649999618530273,0.0,0.0,0.0,0.0,1.7999999523162842,63.87999725341797,0,0,0,True,,,,
1776198350,807056483,,11.630000114440918,0.0,0.0,0.0,0.0,1.7999999523162842,62.77000045776367,0,0,0,True,,,,
1776198350,857134555,,11.630000114440918,0.0,0.0,0.0,0.0,1.7999999523162842,62.77000045776367,0,0,0,True,,,,
1776198350,907099979,,11.649999618530273,0.0,0.0,0.0,0.0,1.7999999523162842,63.87999725341797,0,0,0,True,,,,
1776198350,957201736,,11.649999618530273,0.0,0.0,0.0,0.0,1.7999999523162842,63.87999725341797,0,0,0,True,,,,
1776198351,7123643,,11.649999618530273,0.0,0.0,0.0,0.0,1.7999999523162842,63.87999725341797,0,0,0,True,,,,
1776198351,57109586,,11.630000114440918,0.0,0.0,0.0,0.0,1.7999999523162842,62.77000045776367,0,0,0,True,,,,
1776198351,107109251,,11.630000114440918,0.0,0.0,0.0,0.0,1.7999999523162842,62.77000045776367,0,0,0,True,,,,
1776198351,157139545,,11.630000114440918,0.0,0.0,0.0,0.0,1.7999999523162842,62.77000045776367,0,0,0,True,,,,
1776198351,207100192,,11.630000114440918,0.0,0.0,0.0,0.0,1.7999999523162842,62.77000045776367,0,0,0,True,,,,
1776198351,257104376,,11.630000114440918,0.0,0.0,0.0,0.0,1.7999999523162842,62.77000045776367,0,0,0,True,,,,
1776198351,307085245,,11.649999618530273,0.0,0.0,0.0,0.0,1.7999999523162842,63.87999725341797,0,0,0,True,,,,
1776198351,357215167,,11.649999618530273,0.0,0.0,0.0,0.0,1.7999999523162842,63.87999725341797,0,0,0,True,,,,
1776198351,407090075,,11.630000114440918,0.0,0.0,0.0,0.0,1.7999999523162842,62.77000045776367,0,0,0,True,,,,
1776198351,457141332,,11.649999618530273,0.0,0.0,0.0,0.0,1.7999999523162842,63.87999725341797,0,0,0,True,,,,
1776198351,507129775,,11.6899995803833,0.0,0.0,0.0,0.0,1.7999999523162842,66.11000061035156,0,0,0,True,,,,
1776198351,557174199,,11.670000076293945,0.0,0.0,0.0,0.0,1.7999999523162842,65.0,0,0,0,True,,,,
1776198351,607096754,,11.649999618530273,0.0,0.0,0.0,0.0,1.7999999523162842,63.87999725341797,0,0,0,True,,,,
1776198351,657100734,,11.649999618530273,0.0,0.0,0.0,0.0,1.7999999523162842,63.87999725341797,0,0,0,True,,,,
1776198351,707146491,,11.649999618530273,0.0,0.0,0.0,0.0,1.7999999523162842,63.87999725341797,0,0,0,True,,,,
1776198351,757156526,,11.649999618530273,0.0,0.0,0.0,0.0,1.7999999523162842,63.87999725341797,0,0,0,True,,,,
1776198351,807140562,,11.649999618530273,0.0,0.0,0.0,0.0,1.7999999523162842,63.87999725341797,0,0,0,True,,,,
1776198351,857075265,,11.649999618530273,0.0,0.0,0.0,0.0,1.7999999523162842,63.87999725341797,0,0,0,True,,,,
1776198351,907100652,,11.649999618530273,0.0,0.0,0.0,0.0,1.7999999523162842,63.87999725341797,0,0,0,True,,,,
1776198351,957108076,,11.670000076293945,0.0,0.0,0.0,0.0,1.7999999523162842,65.0,0,0,0,True,,,,
1776198352,7109519,,11.649999618530273,0.0,0.0,0.0,0.0,1.7999999523162842,63.87999725341797,0,0,0,True,,,,
1776198352,57094203,,11.649999618530273,0.0,0.0,0.0,0.0,1.7999999523162842,63.87999725341797,0,0,0,True,,,,
1776198352,107123015,,11.670000076293945,0.0,0.0,0.0,0.0,1.7999999523162842,65.0,0,0,0,True,,,,
1776198352,157213253,,11.649999618530273,0.0,0.0,0.0,0.0,1.7999999523162842,63.87999725341797,0,0,0,True,,,,
1776198352,207175363,,11.649999618530273,0.0,0.0,0.0,0.0,1.7999999523162842,63.87999725341797,0,0,0,True,,,,
1776198352,257082548,,11.649999618530273,0.0,0.0,0.0,0.0,1.7999999523162842,63.87999725341797,0,0,0,True,,,,
1776198352,307125935,,11.649999618530273,0.0,0.0,0.0,0.0,1.7999999523162842,63.87999725341797,0,0,0,True,,,,
1776198352,357232802,,11.649999618530273,0.0,0.0,0.0,0.0,1.7999999523162842,63.87999725341797,0,0,0,True,,,,
1776198352,407083340,,11.649999618530273,0.0,0.0,0.0,0.0,1.7999999523162842,63.87999725341797,0,0,0,True,,,,
1776198352,457147578,,11.649999618530273,0.0,0.0,0.0,0.0,1.7999999523162842,63.87999725341797,0,0,0,True,,,,
1776198352,507098337,,11.649999618530273,0.0,0.0,0.0,0.0,1.7999999523162842,63.87999725341797,0,0,0,True,,,,
1776198352,557104631,,11.670000076293945,0.0,0.0,0.0,0.0,1.7999999523162842,65.0,0,0,0,True,,,,
1776198352,607097630,,11.649999618530273,0.0,0.0,0.0,0.0,1.7999999523162842,63.87999725341797,0,0,0,True,,,,
1776198352,657113887,,11.670000076293945,0.0,0.0,0.0,0.0,1.7999999523162842,65.0,0,0,0,True,,,,
1776198352,707093312,,11.649999618530273,0.0,0.0,0.0,0.0,1.7999999523162842,63.87999725341797,0,0,0,True,,,,
1776198352,757128013,,11.630000114440918,0.0,0.0,0.0,0.0,1.7999999523162842,62.77000045776367,0,0,0,True,,,,
1776198352,807112716,,11.649999618530273,0.0,0.0,0.0,0.0,1.7999999523162842,63.87999725341797,0,0,0,True,,,,
1776198352,857138677,,11.649999618530273,0.0,0.0,0.0,0.0,1.7999999523162842,63.87999725341797,0,0,0,True,,,,
1776198352,907073102,,11.670000076293945,0.0,0.0,0.0,0.0,1.7999999523162842,65.0,0,0,0,True,,,,
1776198352,957125266,,11.670000076293945,0.0,0.0,0.0,0.0,1.7999999523162842,65.0,0,0,0,True,,,,
1776198353,7116228,,11.649999618530273,0.0,0.0,0.0,0.0,1.7999999523162842,63.87999725341797,0,0,0,True,,,,
1776198353,57102467,,11.670000076293945,0.0,0.0,0.0,0.0,1.7999999523162842,65.0,0,0,0,True,,,,
1776198353,107095003,,11.649999618530273,0.0,0.0,0.0,0.0,1.7999999523162842,63.87999725341797,0,0,0,True,,,,
1776198353,157040372,,11.649999618530273,0.0,0.0,0.0,0.0,1.7999999523162842,63.87999725341797,0,0,0,True,,,,
1776198353,207112185,,11.649999618530273,0.0,0.0,0.0,0.0,1.7999999523162842,63.87999725341797,0,0,0,True,,,,
1776198353,257199256,,11.649999618530273,0.0,0.0,0.0,0.0,1.7999999523162842,63.87999725341797,0,0,0,True,,,,
1776198353,307064849,,11.649999618530273,0.0,0.0,0.0,0.0,1.7999999523162842,63.87999725341797,0,0,0,True,,,,
1776198353,357170012,,11.649999618530273,0.0,0.0,0.0,0.0,1.7999999523162842,63.87999725341797,0,0,0,True,,,,
1776198353,407071290,,11.649999618530273,0.0,0.0,0.0,0.0,1.7999999523162842,63.87999725341797,0,0,0,True,,,,
1776198353,457114529,,11.630000114440918,0.0,0.0,0.0,0.0,1.7999999523162842,62.77000045776367,0,0,0,True,,,,
1776198353,507062454,,11.630000114440918,0.0,0.0,0.0,0.0,1.7999999523162842,62.77000045776367,0,0,0,True,,,,
1776198353,557112118,,11.649999618530273,0.0,0.0,0.0,0.0,1.7999999523162842,63.87999725341797,0,0,0,True,,,,
1776198353,607116468,,11.649999618530273,0.0,0.0,0.0,0.0,1.7999999523162842,63.87999725341797,0,0,0,True,,,,
1776198353,657108097,,11.649999618530273,0.0,0.0,0.0,0.0,1.7999999523162842,63.87999725341797,0,0,0,True,,,,
1776198353,707117984,,11.649999618530273,0.0,0.0,0.0,0.0,1.7999999523162842,63.87999725341797,0,0,0,True,,,,
1776198353,757117890,,11.649999618530273,0.0,0.0,0.0,0.0,1.7999999523162842,63.87999725341797,0,0,0,True,,,,
1776198353,807106018,,11.649999618530273,0.0,0.0,0.0,0.0,1.7999999523162842,63.87999725341797,0,0,0,True,,,,
1776198353,857114553,,11.649999618530273,0.0,0.0,0.0,0.0,1.7999999523162842,63.87999725341797,0,0,0,True,,,,
1776198353,907115792,,11.649999618530273,0.0,0.0,0.0,0.0,1.7999999523162842,63.87999725341797,0,0,0,True,,,,
1776198353,957137457,,11.670000076293945,0.0,0.0,0.0,0.0,1.7999999523162842,65.0,0,0,0,True,,,,
1776198354,7064827,,11.649999618530273,0.0,0.0,0.0,0.0,1.7999999523162842,63.87999725341797,0,0,0,True,,,,
1776198354,57068881,,11.649999618530273,0.0,0.0,0.0,0.0,1.7999999523162842,63.87999725341797,0,0,0,True,,,,
1776198354,107141749,,11.649999618530273,0.0,0.0,0.0,0.0,1.7999999523162842,63.87999725341797,0,0,0,True,,,,
1776198354,157067859,,11.649999618530273,0.0,0.0,0.0,0.0,1.7999999523162842,63.87999725341797,0,0,0,True,,,,
1776198354,207102727,,11.649999618530273,0.0,0.0,0.0,0.0,1.7999999523162842,63.87999725341797,0,0,0,True,,,,
1776198354,257106652,,11.649999618530273,0.0,0.0,0.0,0.0,1.7999999523162842,63.87999725341797,0,0,0,True,,,,
1776198354,307093650,,11.649999618530273,0.0,0.0,0.0,0.0,1.7999999523162842,63.87999725341797,0,0,0,True,,,,
1776198354,357078908,,11.649999618530273,0.0,0.0,0.0,0.0,1.7999999523162842,63.87999725341797,0,0,0,True,,,,
1776198354,407188090,,11.649999618530273,0.0,0.0,0.0,0.0,1.7999999523162842,63.87999725341797,0,0,0,True,,,,
1776198354,457102220,,11.670000076293945,0.0,0.0,0.0,0.0,1.7999999523162842,65.0,0,0,0,True,,,,
1776198354,507128736,,11.649999618530273,0.0,0.0,0.0,0.0,1.7999999523162842,63.87999725341797,0,0,0,True,,,,
1776198354,557071495,,11.649999618530273,0.0,0.0,0.0,0.0,1.7999999523162842,63.87999725341797,0,0,0,True,,,,
1776198354,607145955,,11.649999618530273,0.0,0.0,0.0,0.0,1.7999999523162842,63.87999725341797,0,0,0,True,,,,
1776198354,657070084,,11.649999618530273,0.0,0.0,0.0,0.0,1.7999999523162842,63.87999725341797,0,0,0,True,,,,
1776198354,707069731,,11.630000114440918,0.0,0.0,0.0,0.0,1.7999999523162842,62.77000045776367,0,0,0,True,,,,
1776198354,757133765,,11.630000114440918,0.0,0.0,0.0,0.0,1.7999999523162842,62.77000045776367,0,0,0,True,,,,
1776198354,807067857,,11.649999618530273,0.0,0.0,0.0,0.0,1.7999999523162842,63.87999725341797,0,0,0,True,,,,
1776198354,857127633,,11.649999618530273,0.0,0.0,0.0,0.0,1.7999999523162842,63.87999725341797,0,0,0,True,,,,
1776198354,907136483,,11.649999618530273,0.0,0.0,0.0,0.0,1.7999999523162842,63.87999725341797,0,0,0,True,,,,
1776198354,957151500,,11.649999618530273,0.0,0.0,0.0,0.0,1.7999999523162842,63.87999725341797,0,0,0,True,,,,
1776198355,7048555,,11.649999618530273,0.0,0.0,0.0,0.0,1.7999999523162842,63.87999725341797,0,0,0,True,,,,
1776198355,57057479,,11.649999618530273,0.0,0.0,0.0,0.0,1.7999999523162842,63.87999725341797,0,0,0,True,,,,
1776198355,107061570,,11.649999618530273,0.0,0.0,0.0,0.0,1.7999999523162842,63.87999725341797,0,0,0,True,,,,
1776198355,157091364,,11.649999618530273,0.0,0.0,0.0,0.0,1.7999999523162842,63.87999725341797,0,0,0,True,,,,
1776198355,207064030,,11.649999618530273,0.0,0.0,0.0,0.0,1.7999999523162842,63.87999725341797,0,0,0,True,,,,
1776198355,257131676,,11.630000114440918,0.0,0.0,0.0,0.0,1.7999999523162842,62.77000045776367,0,0,0,True,,,,
1776198355,307139581,,11.619999885559082,0.0,0.0,0.0,0.0,1.7999999523162842,62.21999740600586,0,0,0,True,,,,
1776198355,357077710,,11.630000114440918,0.0,0.0,0.0,0.0,1.7999999523162842,62.77000045776367,0,0,0,True,,,,
1776198355,411473165,,11.619999885559082,0.0,0.0,0.0,0.0,1.7999999523162842,62.21999740600586,0,0,0,True,,,,
1776198355,457049874,,11.630000114440918,0.0,0.0,0.0,0.0,1.7999999523162842,62.77000045776367,0,0,0,True,,,,
1776198355,507056021,,11.630000114440918,0.0,0.0,0.0,0.0,1.7999999523162842,62.77000045776367,0,0,0,True,,,,
1776198355,557077593,,11.630000114440918,0.0,0.0,0.0,0.0,1.7999999523162842,62.77000045776367,0,0,0,True,,,,
1776198355,607039499,,11.630000114440918,0.0,0.0,0.0,0.0,1.7999999523162842,62.77000045776367,0,0,0,True,,,,
1776198355,657083201,,11.630000114440918,0.0,0.0,0.0,0.0,1.7999999523162842,62.77000045776367,0,0,0,True,,,,
1776198355,707035848,,11.630000114440918,0.0,0.0,0.0,0.0,1.7999999523162842,62.77000045776367,0,0,0,True,,,,
1776198355,757124086,,11.630000114440918,0.0,0.0,0.0,0.0,1.7999999523162842,62.77000045776367,0,0,0,True,,,,
1776198355,807079011,,11.630000114440918,0.0,0.0,0.0,0.0,1.7999999523162842,62.77000045776367,0,0,0,True,,,,
1776198355,857098787,,11.649999618530273,0.0,0.0,0.0,0.0,1.7999999523162842,63.87999725341797,0,0,0,True,,,,
1776198355,907017157,,11.630000114440918,0.0,0.0,0.0,0.0,1.7999999523162842,62.77000045776367,0,0,0,True,,,,
1776198355,957164523,,11.630000114440918,0.0,0.0,0.0,0.0,1.7999999523162842,62.77000045776367,0,0,0,True,,,,
1776198356,11531460,,11.630000114440918,0.0,0.0,0.0,0.0,1.7999999523162842,62.77000045776367,0,0,0,True,,,,
1776198356,57089670,,11.630000114440918,0.0,0.0,0.0,0.0,1.7999999523162842,62.77000045776367,0,0,0,True,,,,
1776198356,107074094,,11.630000114440918,0.0,0.0,0.0,0.0,1.7999999523162842,62.77000045776367,0,0,0,True,,,,
1776198356,157052278,,11.630000114440918,0.0,0.0,0.0,0.0,1.7999999523162842,62.77000045776367,0,0,0,True,,,,
1776198356,207016888,,11.630000114440918,0.0,0.0,0.0,0.0,1.7999999523162842,62.77000045776367,0,0,0,True,,,,
1776198356,257100422,,11.630000114440918,0.0,0.0,0.0,0.0,1.7999999523162842,62.77000045776367,0,0,0,True,,,,
1776198356,307089088,,11.630000114440918,0.0,0.0,0.0,0.0,1.7999999523162842,62.77000045776367,0,0,0,True,,,,
1776198356,357054716,,11.630000114440918,0.0,0.0,0.0,0.0,1.7999999523162842,62.77000045776367,0,0,0,True,,,,
1776198356,411614372,,11.649999618530273,0.0,0.0,0.0,0.0,1.7999999523162842,63.87999725341797,0,0,0,True,,,,
1776198356,457153786,,11.630000114440918,0.0,0.0,0.0,0.0,1.7999999523162842,62.77000045776367,0,0,0,True,,,,
1776198356,507059063,,11.630000114440918,0.0,0.0,0.0,0.0,1.7999999523162842,62.77000045776367,0,0,0,True,,,,
1776198356,557529611,,11.630000114440918,0.0,0.0,0.0,0.0,1.7999999523162842,62.77000045776367,0,0,0,True,,,,
1776198356,607057782,,11.630000114440918,0.0,0.0,0.0,0.0,1.7999999523162842,62.77000045776367,0,0,0,True,,,,
1776198356,657042633,,11.630000114440918,0.0,0.0,0.0,0.0,1.7999999523162842,62.77000045776367,0,0,0,True,,,,
1776198356,707027057,,11.630000114440918,0.0,0.0,0.0,0.0,1.7999999523162842,62.77000045776367,0,0,0,True,,,,
1776198356,757103240,,11.630000114440918,0.0,0.0,0.0,0.0,1.7999999523162842,62.77000045776367,0,0,0,True,,,,
1776198356,807050961,,11.630000114440918,0.0,0.0,0.0,0.0,1.7999999523162842,62.77000045776367,0,0,0,True,,,,
1776198356,857046812,,11.630000114440918,0.0,0.0,0.0,0.0,1.7999999523162842,62.77000045776367,0,0,0,True,,,,
1776198356,907025236,,11.630000114440918,0.0,0.0,0.0,0.0,1.7999999523162842,62.77000045776367,0,0,0,True,,,,
1776198356,957061290,,11.630000114440918,0.0,0.0,0.0,0.0,1.7999999523162842,62.77000045776367,0,0,0,True,,,,
1776198357,7023326,,11.630000114440918,0.0,0.0,0.0,0.0,1.7999999523162842,62.77000045776367,0,0,0,True,,,,
1776198357,57050342,,11.630000114440918,0.0,0.0,0.0,0.0,1.7999999523162842,62.77000045776367,0,0,0,True,,,,
1776198357,107062267,,11.630000114440918,0.0,0.0,0.0,0.0,1.7999999523162842,62.77000045776367,0,0,0,True,,,,
1776198357,157052747,,11.630000114440918,0.0,0.0,0.0,0.0,1.7999999523162842,62.77000045776367,0,0,0,True,,,,
1776198357,207069486,,11.630000114440918,0.0,0.0,0.0,0.0,1.7999999523162842,62.77000045776367,0,0,0,True,,,,
1776198357,257055799,,11.630000114440918,0.0,0.0,0.0,0.0,1.7999999523162842,62.77000045776367,0,0,0,True,,,,
1776198357,307074427,,11.630000114440918,0.0,0.0,0.0,0.0,1.7999999523162842,62.77000045776367,0,0,0,True,,,,
1776198357,357006574,,11.630000114440918,0.0,0.0,0.0,0.0,1.7999999523162842,62.77000045776367,0,0,0,True,,,,
1776198357,407059776,,11.630000114440918,0.0,0.0,0.0,0.0,1.7999999523162842,62.77000045776367,0,0,0,True,,,,
1776198357,456980312,,11.630000114440918,0.0,0.0,0.0,0.0,1.7999999523162842,62.77000045776367,0,0,0,True,,,,
1776198357,507037199,,11.619999885559082,0.0,0.0,0.0,0.0,1.7999999523162842,62.21999740600586,0,0,0,True,,,,
1776198357,557049456,,11.630000114440918,0.0,0.0,0.0,0.0,1.7999999523162842,62.77000045776367,0,0,0,True,,,,
1776198357,607068621,,11.630000114440918,0.0,0.0,0.0,0.0,1.7999999523162842,62.77000045776367,0,0,0,True,,,,
1776198357,657048842,,11.619999885559082,0.0,0.0,0.0,0.0,1.7999999523162842,62.21999740600586,0,0,0,True,,,,
1776198357,707016508,,11.630000114440918,0.0,0.0,0.0,0.0,1.7999999523162842,62.77000045776367,0,0,0,True,,,,
1776198357,757255280,,11.630000114440918,0.0,0.0,0.0,0.0,1.7999999523162842,62.77000045776367,0,0,0,True,,,,
1776198357,807047004,,11.630000114440918,0.0,0.0,0.0,0.0,1.7999999523162842,62.77000045776367,0,0,0,True,,,,
1776198357,857075983,,11.630000114440918,0.0,0.0,0.0,0.0,1.7999999523162842,62.77000045776367,0,0,0,True,,,,
1776198357,907045427,,11.619999885559082,0.0,0.0,0.0,0.0,1.7999999523162842,62.21999740600586,0,0,0,True,,,,
1776198357,957052721,,11.630000114440918,0.0,0.0,0.0,0.0,1.7999999523162842,62.77000045776367,0,0,0,True,,,,
1776198358,6991702,,11.630000114440918,0.0,0.0,0.0,0.0,1.7999999523162842,62.77000045776367,0,0,0,True,,,,
1776198358,57020200,,11.630000114440918,0.0,0.0,0.0,0.0,1.7999999523162842,62.77000045776367,0,0,0,True,,,,
1776198358,107034310,,11.630000114440918,0.0,0.0,0.0,0.0,1.7999999523162842,62.77000045776367,0,0,0,True,,,,
1776198358,157044049,,11.630000114440918,0.0,0.0,0.0,0.0,1.7999999523162842,62.77000045776367,0,0,0,True,,,,
1776198358,207046510,,11.619999885559082,0.0,0.0,0.0,0.0,1.7999999523162842,62.21999740600586,0,0,0,True,,,,
1776198358,257016212,,11.630000114440918,0.0,0.0,0.0,0.0,1.7999999523162842,62.77000045776367,0,0,0,True,,,,
1776198358,307021340,,11.630000114440918,0.0,0.0,0.0,0.0,1.7999999523162842,62.77000045776367,0,0,0,True,,,,
1776198358,357016765,,11.630000114440918,0.0,0.0,0.0,0.0,1.7999999523162842,62.77000045776367,0,0,0,True,,,,
1776198358,407016949,,11.619999885559082,0.0,0.0,0.0,0.0,1.7999999523162842,62.21999740600586,0,0,0,True,,,,
1776198358,457051354,,11.630000114440918,0.0,0.0,0.0,0.0,1.7999999523162842,62.77000045776367,0,0,0,True,,,,
1776198358,507154943,,11.630000114440918,0.0,0.0,0.0,0.0,1.7999999523162842,62.77000045776367,0,0,0,True,,,,
1776198358,556993500,,11.59999942779541,0.0,0.0,0.0,0.0,1.7999999523162842,61.1099967956543,0,0,0,True,,,,
1776198358,607025720,,11.619999885559082,0.0,0.0,0.0,0.0,1.7999999523162842,62.21999740600586,0,0,0,True,,,,
1776198358,656983182,,11.619999885559082,0.0,0.0,0.0,0.0,1.7999999523162842,62.21999740600586,0,0,0,True,,,,
1776198358,706962921,,11.619999885559082,0.0,0.0,0.0,0.0,1.7999999523162842,62.21999740600586,0,0,0,True,,,,
1776198358,756987956,,11.619999885559082,0.0,0.0,0.0,0.0,1.7999999523162842,62.21999740600586,0,0,0,True,,,,
1776198358,806981029,,11.619999885559082,0.0,0.0,0.0,0.0,1.7999999523162842,62.21999740600586,0,0,0,True,,,,
1776198358,857026971,,11.619999885559082,0.0,0.0,0.0,0.0,1.7999999523162842,62.21999740600586,0,0,0,True,,,,
1776198358,906964545,,11.619999885559082,0.0,0.0,0.0,0.0,1.7999999523162842,62.21999740600586,0,0,0,True,,,,
1776198358,956959747,,11.619999885559082,0.0,0.0,0.0,0.0,1.7999999523162842,62.21999740600586,0,0,0,True,,,,
1776198359,6995004,,11.619999885559082,0.0,0.0,0.0,0.0,1.7999999523162842,62.21999740600586,0,0,0,True,,,,
1776198359,56989836,,11.630000114440918,0.0,0.0,0.0,0.0,1.7999999523162842,62.77000045776367,0,0,0,True,,,,
1776198359,107038871,,11.630000114440918,0.0,0.0,0.0,0.0,1.7999999523162842,62.77000045776367,0,0,0,True,,,,
1776198359,157008129,,11.619999885559082,0.0,0.0,0.0,0.0,1.7999999523162842,62.21999740600586,0,0,0,True,,,,
1776198359,207065645,,11.630000114440918,0.0,0.0,0.0,0.0,1.7999999523162842,62.77000045776367,0,0,0,True,,,,
1776198359,257072125,,11.630000114440918,0.0,0.0,0.0,0.0,1.7999999523162842,62.77000045776367,0,0,0,True,,,,
1776198359,307069957,,11.630000114440918,0.0,0.0,0.0,0.0,1.7999999523162842,62.77000045776367,0,0,0,True,,,,
1776198359,357056492,,11.630000114440918,0.0,0.0,0.0,0.0,1.7999999523162842,62.77000045776367,0,0,0,True,,,,
1776198359,407023510,,11.630000114440918,0.0,0.0,0.0,0.0,1.7999999523162842,62.77000045776367,0,0,0,True,,,,
1776198359,457089618,,11.630000114440918,0.0,0.0,0.0,0.0,1.7999999523162842,62.77000045776367,0,0,0,True,,,,
1776198359,506979211,,11.630000114440918,0.0,0.0,0.0,0.0,1.7999999523162842,62.77000045776367,0,0,0,True,,,,
1776198359,556963543,,11.670000076293945,0.0,0.0,0.0,0.0,1.7999999523162842,65.0,0,0,0,True,,,,
1776198359,607062929,,11.649999618530273,0.0,0.0,0.0,0.0,1.7999999523162842,63.87999725341797,0,0,0,True,,,,
1776198359,657057483,,11.649999618530273,0.0,0.0,0.0,0.0,1.7999999523162842,63.87999725341797,0,0,0,True,,,,
1776198359,706996204,,11.630000114440918,0.0,0.0,0.0,0.0,1.7999999523162842,62.77000045776367,0,0,0,True,,,,
1776198359,757094979,,11.630000114440918,0.0,0.0,0.0,0.0,1.7999999523162842,62.77000045776367,0,0,0,True,,,,
1776198359,807019145,,11.649999618530273,0.0,0.0,0.0,0.0,1.7999999523162842,63.87999725341797,0,0,0,True,,,,
1776198359,857052995,,11.630000114440918,0.0,0.0,0.0,0.0,1.7999999523162842,62.77000045776367,0,0,0,True,,,,
1776198359,906982569,,11.630000114440918,0.0,0.0,0.0,0.0,1.7999999523162842,62.77000045776367,0,0,0,True,,,,
1776198359,957132306,,11.630000114440918,0.0,0.0,0.0,0.0,1.7999999523162842,62.77000045776367,0,0,0,True,,,,
1776198360,7084138,,11.630000114440918,0.0,0.0,0.0,0.0,1.7999999523162842,62.77000045776367,0,0,0,True,,,,
1776198360,57126914,,11.630000114440918,0.0,0.0,0.0,0.0,1.7999999523162842,62.77000045776367,0,0,0,True,,,,
1776198360,107011228,,11.630000114440918,0.0,0.0,0.0,0.0,1.7999999523162842,62.77000045776367,0,0,0,True,,,,
1776198360,157023856,,11.630000114440918,0.0,0.0,0.0,0.0,1.7999999523162842,62.77000045776367,0,0,0,True,,,,
1776198360,207013836,,11.630000114440918,0.0,0.0,0.0,0.0,1.7999999523162842,62.77000045776367,0,0,0,True,,,,
1776198360,256966113,,11.630000114440918,0.0,0.0,0.0,0.0,1.7999999523162842,62.77000045776367,0,0,0,True,,,,
1776198360,306966260,,11.630000114440918,0.0,0.0,0.0,0.0,1.7999999523162842,62.77000045776367,0,0,0,True,,,,
1776198360,357047535,,11.630000114440918,0.0,0.0,0.0,0.0,1.7999999523162842,62.77000045776367,0,0,0,True,,,,
1776198360,406972571,,11.649999618530273,0.0,0.0,0.0,0.0,1.7999999523162842,63.87999725341797,0,0,0,True,,,,
1776198360,457010032,,11.630000114440918,0.0,0.0,0.0,0.0,1.7999999523162842,62.77000045776367,0,0,0,True,,,,
1776198360,506976624,,11.649999618530273,0.0,0.0,0.0,0.0,1.7999999523162842,63.87999725341797,0,0,0,True,,,,
1776198360,556972548,,11.630000114440918,0.0,0.0,0.0,0.0,1.7999999523162842,62.77000045776367,0,0,0,True,,,,
1776198360,607128507,,11.630000114440918,0.0,0.0,0.0,0.0,1.7999999523162842,62.77000045776367,0,0,0,True,,,,
1776198360,656997026,,11.649999618530273,0.0,0.0,0.0,0.0,1.7999999523162842,63.87999725341797,0,0,0,True,,,,
1776198360,706998525,,11.630000114440918,0.0,0.0,0.0,0.0,1.7999999523162842,62.77000045776367,0,0,0,True,,,,
1776198360,757018449,,11.630000114440918,0.0,0.0,0.0,0.0,1.7999999523162842,62.77000045776367,0,0,0,True,,,,
1776198360,806998577,,11.649999618530273,0.0,0.0,0.0,0.0,1.7999999523162842,63.87999725341797,0,0,0,True,,,,
1776198360,857009242,,11.630000114440918,0.0,0.0,0.0,0.0,1.7999999523162842,62.77000045776367,0,0,0,True,,,,
1776198360,907014314,,11.630000114440918,0.0,0.0,0.0,0.0,1.7999999523162842,62.77000045776367,0,0,0,True,,,,
1776198360,957001276,,11.630000114440918,0.0,0.0,0.0,0.0,1.7999999523162842,62.77000045776367,0,0,0,True,,,,
1776198361,6973349,,11.649999618530273,0.0,0.0,0.0,0.0,1.7999999523162842,63.87999725341797,0,0,0,True,,,,
1776198361,57088216,,11.649999618530273,0.0,0.0,0.0,0.0,1.7999999523162842,63.87999725341797,0,0,0,True,,,,
1776198361,107052752,,11.649999618530273,0.0,0.0,0.0,0.0,1.7999999523162842,63.87999725341797,0,0,0,True,,,,
1776198361,156959326,,11.649999618530273,0.0,0.0,0.0,0.0,1.7999999523162842,63.87999725341797,0,0,0,True,,,,
1776198361,207010675,,11.649999618530273,0.0,0.0,0.0,0.0,1.7999999523162842,63.87999725341797,0,0,0,True,,,,
1776198361,258259786,,11.649999618530273,0.0,0.0,0.0,0.0,1.7999999523162842,63.87999725341797,0,0,0,True,,,,
1776198361,306971321,,11.649999618530273,0.0,0.0,0.0,0.0,1.7999999523162842,63.87999725341797,0,0,0,True,,,,
1776198361,357061911,,11.649999618530273,0.0,0.0,0.0,0.0,1.7999999523162842,63.87999725341797,0,0,0,True,,,,
1776198361,408313132,,11.649999618530273,0.0,0.0,0.0,0.0,1.7999999523162842,63.87999725341797,0,0,0,True,,,,
1776198361,457002760,,11.649999618530273,0.0,0.0,0.0,0.0,1.7999999523162842,63.87999725341797,0,0,0,True,,,,
1776198361,506963037,,11.649999618530273,0.0,0.0,0.0,0.0,1.7999999523162842,63.87999725341797,0,0,0,True,,,,
1776198361,557031090,,11.670000076293945,0.0,0.0,0.0,0.0,1.7999999523162842,65.0,0,0,0,True,,,,
1776198361,606955756,,11.649999618530273,0.0,0.0,0.0,0.0,1.7999999523162842,63.87999725341797,0,0,0,True,,,,
1776198361,656998643,,11.630000114440918,0.0,0.0,0.0,0.0,1.7999999523162842,62.77000045776367,0,0,0,True,,,,
1776198361,706985808,,11.649999618530273,0.0,0.0,0.0,0.0,1.7999999523162842,63.87999725341797,0,0,0,True,,,,
1776198361,757138897,,11.649999618530273,0.0,0.0,0.0,0.0,1.7999999523162842,63.87999725341797,0,0,0,True,,,,
1776198361,806974657,,11.649999618530273,0.0,0.0,0.0,0.0,1.7999999523162842,63.87999725341797,0,0,0,True,,,,
1776198361,856985674,,11.649999618530273,0.0,0.0,0.0,0.0,1.7999999523162842,63.87999725341797,0,0,0,True,,,,
1776198361,906972728,,11.670000076293945,0.0,0.0,0.0,0.0,1.7999999523162842,65.0,0,0,0,True,,,,
1776198361,956965671,,11.670000076293945,0.0,0.0,0.0,0.0,1.7999999523162842,65.0,0,0,0,True,,,,
1776198362,6976947,,11.670000076293945,0.0,0.0,0.0,0.0,1.7999999523162842,65.0,0,0,0,True,,,,
1776198362,57009260,,11.649999618530273,0.0,0.0,0.0,0.0,1.7999999523162842,63.87999725341797,0,0,0,True,,,,
1776198362,106947778,,11.649999618530273,0.0,0.0,0.0,0.0,1.7999999523162842,63.87999725341797,0,0,0,True,,,,
1776198362,157043552,,11.649999618530273,0.0,0.0,0.0,0.0,1.7999999523162842,63.87999725341797,0,0,0,True,,,,
1776198362,207012348,,11.649999618530273,0.0,0.0,0.0,0.0,1.7999999523162842,63.87999725341797,0,0,0,True,,,,
1776198362,257062345,,11.649999618530273,0.0,0.0,0.0,0.0,1.7999999523162842,63.87999725341797,0,0,0,True,,,,
1776198362,307002604,,11.649999618530273,0.0,0.0,0.0,0.0,1.7999999523162842,63.87999725341797,0,0,0,True,,,,
1776198362,357019917,,11.649999618530273,0.0,0.0,0.0,0.0,1.7999999523162842,63.87999725341797,0,0,0,True,,,,
1776198362,406973564,,11.649999618530273,0.0,0.0,0.0,0.0,1.7999999523162842,63.87999725341797,0,0,0,True,,,,
1776198362,456949267,,11.649999618530273,0.0,0.0,0.0,0.0,1.7999999523162842,63.87999725341797,0,0,0,True,,,,
1776198362,507377203,,11.649999618530273,0.0,0.0,0.0,0.0,1.7999999523162842,63.87999725341797,0,0,0,True,,,,
1776198362,557021411,,11.649999618530273,0.0,0.0,0.0,0.0,1.7999999523162842,63.87999725341797,0,0,0,True,,,,
